<?xml version="1.0" encoding="utf-8"?>
<resources>
  <string name="preferences">Voorkeure</string>
  <string name="gameDisplay">Spel vertoon</string>
  <string name="pieceAnimation">Stuk animasie</string>
  <string name="materialDifference">Materiaal verskil</string>
  <string name="boardHighlights">Bord hoogtepunte (onlangste skuif en skaak)</string>
  <string name="pieceDestinations">Stuk bestemmings (geldige skuiwe en vooraf-skuiwe)</string>
  <string name="boardCoordinates">Bord koördinate (A-H, 1-8)</string>
  <string name="moveListWhilePlaying">Skuiflys tydens spel</string>
  <string name="pgnPieceNotation">Skuif Notasie</string>
  <string name="chessPieceSymbol">Skaakstuk simbool</string>
  <string name="pgnLetter">Letter (K, Q, R, B, N)</string>
  <string name="zenMode" comment="zenMode&#10;&#10;This is not the religious meaning. Turning this option on takes away make elements of the user interface.&#10;&#10;Can also translate as 'Focus mode' as one example.">Zen Modus</string>
  <string name="displayBoardResizeHandle">Vertoon opsie om bord se groote te verander</string>
  <string name="onlyOnInitialPosition">Slegs by begin posisie</string>
  <string name="blindfoldChess">Blinddoek skaak (onsigbare stukke)</string>
  <string name="chessClock">Skaakklok</string>
  <string name="tenthsOfSeconds">Tiendes van sekondes</string>
  <string name="whenTimeRemainingLessThanTenSeconds" comment="whenTimeRemainingLessThanTenSeconds&#10;&#10;The &amp;lt; symbol is not required (you can write it as a word), just do NOT use &lt; in its place.&#10;&#10;Technical information: &lt; is a reserved character in HTML, which is why it cannot be used.">&lt; 10 sekondes voor tyd uitloop</string>
  <string name="horizontalGreenProgressBars">Horisontale groen voortgangsbalkies</string>
  <string name="soundWhenTimeGetsCritical">Klank as tyd noop</string>
  <string name="giveMoreTime">Gee meer tyd</string>
  <string name="gameBehavior" comment="gameBehavior&#10;&#10;In the user settings page, &quot;Game behavior&quot; is the title of the tab for configuring how the player can interact with the game.">Spel gedrag</string>
  <string name="howDoYouMovePieces">Hoe beweeg jy stukke?</string>
  <string name="clickTwoSquares">Kliek twee blokkies</string>
  <string name="dragPiece">Sleep \'n stuk</string>
  <string name="bothClicksAndDrag">Albei</string>
  <string name="premovesPlayingDuringOpponentTurn">Vooraf-skuiwe (speel tydens opponent se beurt)</string>
  <string name="takebacksWithOpponentApproval">Terug-vat (met goedkeuring van opponent)</string>
  <string name="inCasualGamesOnly">Slegs in vriendskaplike spelle</string>
  <string name="promoteToQueenAutomatically">Promoveer outomaties tot Dame</string>
  <string name="whenPremoving">Tydens vooraf-skuiwe</string>
  <string name="claimDrawOnThreefoldRepetitionAutomatically">Eis gelykop met drievoudige repetisie outomaties</string>
  <string name="whenTimeRemainingLessThanThirtySeconds">&lt; 30 sekondes voor tyd uitloop</string>
  <string name="moveConfirmation">Skuif bevestiging</string>
  <string name="inCorrespondenceGames">Korrespondensie spelle</string>
  <string name="correspondenceAndUnlimited">Korrespondensie en onbeperkte</string>
  <string name="confirmResignationAndDrawOffers">Bevestig oorgawe en gelykop voorstelle</string>
  <string name="castleByMovingTheKingTwoSquaresOrOntoTheRook">Kastelerings metode</string>
  <string name="castleByMovingTwoSquares">Beweeg koning twee blokkies</string>
  <string name="castleByMovingOntoTheRook">Plaas koning op toring</string>
  <string name="inputMovesWithTheKeyboard">Voer skuiwe in met sleutelbord</string>
  <string name="snapArrowsToValidMoves" comment="snapArrowsToValidMoves&#10;&#10;The 'arrows' are for quick annotations you can do on the board, by holding right mouse button. With this setting enabled, it means the arrows will align themselves to places were pieces can move.">Beperk pyltjies tot geldige skuiwe</string>
  <string name="sayGgWpAfterLosingOrDrawing" comment="sayGgWpAfterLosingOrDrawing&#10;&#10;When enabled, this setting will automatically send 'Good game, well played' to your opponent if you are lose or draw the game. It's meant as a courtesy message.&#10;&#10;The message will be sent in ENGLISH.&#10;&#10;It is up to you how to deal with this. For example, you may want to put '(message will be sent in English)' in your translated text as one example. Or you can leave the actual English text and put a brief translation in your own language.">Sê \"Good game, well played\" (Goeie spel, mooi gespeel) met \'n nederlaag of gelykop</string>
  <string name="yourPreferencesHaveBeenSaved">Jou voorkeure is gestoor.</string>
</resources>
