<?xml version="1.0" encoding="utf-8"?>
<resources>
  <string name="preferences">تفضيلات</string>
  <string name="gameDisplay">مظهر المباراة</string>
  <string name="pieceAnimation">المؤثرات الحركية للقطعة</string>
  <string name="materialDifference">الفرق المادي</string>
  <string name="boardHighlights">تميز معالم الرقعة (آخر نقلة والكش)</string>
  <string name="pieceDestinations">نقلات القطعة ( النقلات المتاحة والنقلات الاستباقية)</string>
  <string name="boardCoordinates">إحداثيات الرقعة (A-H, 1-8)</string>
  <string name="moveListWhilePlaying">قائمة النقلات خلال المباراة</string>
  <string name="pgnPieceNotation">تدوين النقلة</string>
  <string name="chessPieceSymbol">رمز قطعة الشطرنج</string>
  <string name="pgnLetter">حروف (K, Q, R, B, N)</string>
  <string name="zenMode" comment="zenMode&#10;&#10;This is not the religious meaning. Turning this option on takes away make elements of the user interface.&#10;&#10;Can also translate as 'Focus mode' as one example.">وضع التأمل</string>
  <string name="displayBoardResizeHandle">أظهر زر تعديل حجم الرقعة</string>
  <string name="onlyOnInitialPosition">خلال الوضع المبدئي فقط</string>
  <string name="blindfoldChess">(معصوب العينين (إخفاء القطع</string>
  <string name="chessClock">مؤقت الشطرنج</string>
  <string name="tenthsOfSeconds">أجزاء الثانية</string>
  <string name="whenTimeRemainingLessThanTenSeconds" comment="whenTimeRemainingLessThanTenSeconds&#10;&#10;The &amp;lt; symbol is not required (you can write it as a word), just do NOT use &lt; in its place.&#10;&#10;Technical information: &lt; is a reserved character in HTML, which is why it cannot be used.">عندما يقل الوقت عن 10 ثوانٍ</string>
  <string name="horizontalGreenProgressBars">الشريط الأخضر للساعة</string>
  <string name="soundWhenTimeGetsCritical">الصوت عندما يقارب الوقت على الإنتهاء</string>
  <string name="giveMoreTime">إعطاء مزيد من الوقت</string>
  <string name="gameBehavior" comment="gameBehavior&#10;&#10;In the user settings page, &quot;Game behavior&quot; is the title of the tab for configuring how the player can interact with the game.">سلوكيات المباراة</string>
  <string name="howDoYouMovePieces">كيف يمكنك تحريك القطع؟</string>
  <string name="clickTwoSquares">النقر فوق مربعين</string>
  <string name="dragPiece">سحب القطعة</string>
  <string name="bothClicksAndDrag">كلاهما</string>
  <string name="premovesPlayingDuringOpponentTurn">النقلات الاستباقية (اللعب خلال دور الخصم)</string>
  <string name="takebacksWithOpponentApproval">التراجع عن النقلات (بموافقة الخصم)</string>
  <string name="inCasualGamesOnly">في المباريات غير المقيمة فقط</string>
  <string name="promoteToQueenAutomatically">الترقية إلى وزير آلياً</string>
  <string name="whenPremoving">عند النقلة الاستباقية</string>
  <string name="claimDrawOnThreefoldRepetitionAutomatically">مطالبة بالتعادل لتكرار نفس النقلات ثلاث مرات بشكل تلقائي</string>
  <string name="whenTimeRemainingLessThanThirtySeconds">عندما يقل الوقت عن 30 ثانية</string>
  <string name="moveConfirmation">تأكيد النقلة</string>
  <string name="inCorrespondenceGames">فى العاب المراسلة</string>
  <string name="correspondenceAndUnlimited">مراسلة وبدون توقيت</string>
  <string name="confirmResignationAndDrawOffers">تأكيد الاستسلام وعرض التعادل</string>
  <string name="castleByMovingTheKingTwoSquaresOrOntoTheRook">طريقة التحصين/التبييت</string>
  <string name="castleByMovingTwoSquares">حرك الملك مربعين</string>
  <string name="castleByMovingOntoTheRook">حرك الملك بإتجاه الرخ</string>
  <string name="inputMovesWithTheKeyboard">إدخال النقلات بلوحة المفاتيح</string>
  <string name="snapArrowsToValidMoves" comment="snapArrowsToValidMoves&#10;&#10;The 'arrows' are for quick annotations you can do on the board, by holding right mouse button. With this setting enabled, it means the arrows will align themselves to places were pieces can move.">سحب الاسهم في اتجاهات صالحة</string>
  <string name="sayGgWpAfterLosingOrDrawing" comment="sayGgWpAfterLosingOrDrawing&#10;&#10;When enabled, this setting will automatically send 'Good game, well played' to your opponent if you are lose or draw the game. It's meant as a courtesy message.&#10;&#10;The message will be sent in ENGLISH.&#10;&#10;It is up to you how to deal with this. For example, you may want to put '(message will be sent in English)' in your translated text as one example. Or you can leave the actual English text and put a brief translation in your own language.">قُل \"مباراة جيدة ، لعبت بشكل جيد\" عند الهزيمة أو التعادل</string>
  <string name="yourPreferencesHaveBeenSaved">تم حفظ تفضيلاتك.</string>
</resources>
