<?xml version="1.0" encoding="utf-8"?>
<resources>
  <string name="preferences">Налады</string>
  <string name="gameDisplay">Дызайн</string>
  <string name="pieceAnimation">Анімацыя фігур</string>
  <string name="materialDifference">Паказваць розніцу ў фігурах</string>
  <string name="boardHighlights">Падсвечваць апошні ход і шах</string>
  <string name="pieceDestinations">Паказваць дапушчальныя хады</string>
  <string name="boardCoordinates">Каардынаты дошкі</string>
  <string name="moveListWhilePlaying">Паказваць спіс хадоў</string>
  <string name="pgnPieceNotation">Пазнака фігуры ў натацыі</string>
  <string name="chessPieceSymbol">Знак шахматнай фігуры</string>
  <string name="pgnLetter">Літара (K, Q, R, B, N)</string>
  <string name="zenMode" comment="zenMode&#10;&#10;This is not the religious meaning. Turning this option on takes away make elements of the user interface.&#10;&#10;Can also translate as 'Focus mode' as one example.">Рэжым Дзэн</string>
  <string name="displayBoardResizeHandle">Паказваць ручку змены памеру дошкі</string>
  <string name="onlyOnInitialPosition">Толькі ў пачатковым становішчы</string>
  <string name="blindfoldChess">Шахматы ўсляпую (фігуры схаваныя)</string>
  <string name="chessClock">Шахматны гадзіннік</string>
  <string name="tenthsOfSeconds">Дзясятыя долі секунды</string>
  <string name="whenTimeRemainingLessThanTenSeconds" comment="whenTimeRemainingLessThanTenSeconds&#10;&#10;The &amp;lt; symbol is not required (you can write it as a word), just do NOT use &lt; in its place.&#10;&#10;Technical information: &lt; is a reserved character in HTML, which is why it cannot be used.">Калі засталося менш за 10 с</string>
  <string name="horizontalGreenProgressBars">Індыкатар часу</string>
  <string name="soundWhenTimeGetsCritical">Гукавое апавяшчэнне пры нястачы часу</string>
  <string name="giveMoreTime">Дадаць часу</string>
  <string name="gameBehavior" comment="gameBehavior&#10;&#10;In the user settings page, &quot;Game behavior&quot; is the title of the tab for configuring how the player can interact with the game.">Налады гульні</string>
  <string name="howDoYouMovePieces">Як вы перасоўваеце фігуры?</string>
  <string name="clickTwoSquares">Націскам на дзве клеткі</string>
  <string name="dragPiece">Перацягваннем фігуры</string>
  <string name="bothClicksAndDrag">Абодвума спосабамі</string>
  <string name="premovesPlayingDuringOpponentTurn">Ход на апярэджанне (падчас ходу суперніка)</string>
  <string name="takebacksWithOpponentApproval">Скасаванні ходу (са згоды суперніка)</string>
  <string name="inCasualGamesOnly">Толькі ў бязрэйтынгавых гульнях</string>
  <string name="promoteToQueenAutomatically">Аўтаматычна пераўтвараць пешку ў фярзя</string>
  <string name="whenPremoving">Пры ходзе на апярэджанне</string>
  <string name="claimDrawOnThreefoldRepetitionAutomatically">Аўтаматычна запытваць нічыю пры трохразовым паўторы ходу</string>
  <string name="whenTimeRemainingLessThanThirtySeconds">Калі засталося менш за 30 секунд</string>
  <string name="moveConfirmation">Пацверджанне ходу</string>
  <string name="inCorrespondenceGames">У гульні па ліставанні</string>
  <string name="correspondenceAndUnlimited">Па ліставанні і без абмежавання часу</string>
  <string name="confirmResignationAndDrawOffers">Пацвярджаць зварот ходу і прапановы нічый</string>
  <string name="castleByMovingTheKingTwoSquaresOrOntoTheRook">Ракіроўка праз</string>
  <string name="castleByMovingTwoSquares">Караля</string>
  <string name="castleByMovingOntoTheRook">Ладдзю</string>
  <string name="inputMovesWithTheKeyboard">Уводзіць хады з дапамогай клавіятуры</string>
  <string name="yourPreferencesHaveBeenSaved">Вашы налады былі захаваныя.</string>
</resources>
