<?xml version="1.0" encoding="utf-8"?>
<resources>
  <string name="preferences">Предпочитания</string>
  <string name="gameDisplay">Проява</string>
  <string name="pieceAnimation">Движение на фигурите</string>
  <string name="materialDifference">Разлика в притежанието</string>
  <string name="boardHighlights">Осветяване на дъската (последен ход и шах)</string>
  <string name="pieceDestinations">Обозначение на ходовете (позволени ходове и предварително задаване)</string>
  <string name="boardCoordinates">Координати на дъската (A-H, 1-8)</string>
  <string name="moveListWhilePlaying">Списък на ходовете докато играя</string>
  <string name="pgnPieceNotation">Нотация</string>
  <string name="chessPieceSymbol">Символ</string>
  <string name="pgnLetter">Буква (K, Q, R, B, N)</string>
  <string name="zenMode" comment="zenMode&#10;&#10;This is not the religious meaning. Turning this option on takes away make elements of the user interface.&#10;&#10;Can also translate as 'Focus mode' as one example.">Режим Zen</string>
  <string name="displayBoardResizeHandle">Показване на инструмента за промяна на размера на дъската</string>
  <string name="onlyOnInitialPosition">Само в началната позиция</string>
  <string name="blindfoldChess">Блинд (невидими фигури)</string>
  <string name="chessClock">Шахматен часовник</string>
  <string name="tenthsOfSeconds">Десети от секундата</string>
  <string name="whenTimeRemainingLessThanTenSeconds" comment="whenTimeRemainingLessThanTenSeconds&#10;&#10;The &amp;lt; symbol is not required (you can write it as a word), just do NOT use &lt; in its place.&#10;&#10;Technical information: &lt; is a reserved character in HTML, which is why it cannot be used.">Когато останалото време е &lt; 10 секунди</string>
  <string name="horizontalGreenProgressBars">Водоравен стълб на времето</string>
  <string name="soundWhenTimeGetsCritical">Звук, когато времето привършва</string>
  <string name="giveMoreTime">Дайте повече време</string>
  <string name="gameBehavior" comment="gameBehavior&#10;&#10;In the user settings page, &quot;Game behavior&quot; is the title of the tab for configuring how the player can interact with the game.">Настройки на играта</string>
  <string name="howDoYouMovePieces">Как да премествате фигури?</string>
  <string name="clickTwoSquares">Щракане върху две полета</string>
  <string name="dragPiece">Влачене на фигури</string>
  <string name="bothClicksAndDrag">И двете</string>
  <string name="premovesPlayingDuringOpponentTurn">Предварителни ходове (докато противникът е на ход)</string>
  <string name="takebacksWithOpponentApproval">Връщане на ход (с одобрение на противника)</string>
  <string name="inCasualGamesOnly">Само в приятелски игри</string>
  <string name="promoteToQueenAutomatically">Автоматично изкарване на царица</string>
  <string name="whenPremoving">Когато е направен предварителен ход</string>
  <string name="claimDrawOnThreefoldRepetitionAutomatically">Автоматично реми при трикратно повторение</string>
  <string name="whenTimeRemainingLessThanThirtySeconds">Когато остават по-малко от 30 секунди</string>
  <string name="moveConfirmation">Потвърждение на хода</string>
  <string name="inCorrespondenceGames">Кореспондентски игри</string>
  <string name="correspondenceAndUnlimited">Кореспондентен и без ограничение</string>
  <string name="confirmResignationAndDrawOffers">Потвърждаване на предаване и предложение за реми</string>
  <string name="castleByMovingTheKingTwoSquaresOrOntoTheRook">Начин на рокада</string>
  <string name="castleByMovingTwoSquares">Преместване на царя с две полета</string>
  <string name="castleByMovingOntoTheRook">Преместване на царя върху топа</string>
  <string name="inputMovesWithTheKeyboard">Въвеждане на ходове с клавиатурата</string>
  <string name="snapArrowsToValidMoves" comment="snapArrowsToValidMoves&#10;&#10;The 'arrows' are for quick annotations you can do on the board, by holding right mouse button. With this setting enabled, it means the arrows will align themselves to places were pieces can move.">Ограничи стрелките да показват само допустими ходове</string>
  <string name="sayGgWpAfterLosingOrDrawing" comment="sayGgWpAfterLosingOrDrawing&#10;&#10;When enabled, this setting will automatically send 'Good game, well played' to your opponent if you are lose or draw the game. It's meant as a courtesy message.&#10;&#10;The message will be sent in ENGLISH.&#10;&#10;It is up to you how to deal with this. For example, you may want to put '(message will be sent in English)' in your translated text as one example. Or you can leave the actual English text and put a brief translation in your own language.">Изпратете в чата \"Good game, well played\" след загуба или реми</string>
  <string name="yourPreferencesHaveBeenSaved">Вашите предпочитания бяха записани.</string>
</resources>
