<?xml version="1.0" encoding="utf-8"?>
<resources>
  <string name="preferences">পছন্দসমূহ</string>
  <string name="gameDisplay">খেলার বোর্ড এর রূপ</string>
  <string name="pieceAnimation">গুটির অ্যানিমেশন</string>
  <string name="materialDifference">গুটির মধ্যে ব্যবধান</string>
  <string name="boardHighlights">বোর্ডের বৈশিষ্ট সমূহ (শেষ চাল এবং পরীক্ষা)</string>
  <string name="pieceDestinations">টুকরো গন্তব্যস্থল (বৈধ চাল ও আবার চাল)</string>
  <string name="boardCoordinates">বোর্ডের স্থানাংকর (A-H, 1-8)</string>
  <string name="moveListWhilePlaying">খেলার সময় তালিকা সরান</string>
  <string name="pgnPieceNotation">প্রতীক চিহ্ন সরান</string>
  <string name="chessPieceSymbol">দাবার টুকরোর ধরন</string>
  <string name="pgnLetter">বর্ণ (কে, কিউ, আর, বি, এন)</string>
  <string name="zenMode" comment="zenMode&#10;&#10;This is not the religious meaning. Turning this option on takes away make elements of the user interface.&#10;&#10;Can also translate as 'Focus mode' as one example.">জেন মোড</string>
  <string name="blindfoldChess">বেপরোয়াভাবে দাবা (অদৃশ্য টুকরা)</string>
  <string name="chessClock">দাবার ঘড়ি</string>
  <string name="tenthsOfSeconds">সেকেন্ডের কাটা</string>
  <string name="whenTimeRemainingLessThanTenSeconds" comment="whenTimeRemainingLessThanTenSeconds&#10;&#10;The &amp;lt; symbol is not required (you can write it as a word), just do NOT use &lt; in its place.&#10;&#10;Technical information: &lt; is a reserved character in HTML, which is why it cannot be used.">যখন সময় বাকি &lt; 10 সেকেন্ড</string>
  <string name="horizontalGreenProgressBars">সমতল সবুজ অগ্রগতি বার</string>
  <string name="soundWhenTimeGetsCritical">যখন সময় জটিল হয়ে যায় শব্দ</string>
  <string name="giveMoreTime">আরো কিছু সময় দিন</string>
  <string name="howDoYouMovePieces">কিভাবে আপনি টুকরোগুলো সরাবেন?</string>
  <string name="clickTwoSquares">দুই স্থান নির্বাচন করুন</string>
  <string name="dragPiece">এক টুকরো স্থান্তর করুন</string>
  <string name="bothClicksAndDrag">উভয়ের</string>
  <string name="premovesPlayingDuringOpponentTurn">পূনারয়চালন (প্রতিপক্ষের মোর নেওয়ার সময়)</string>
  <string name="takebacksWithOpponentApproval">পিছনে নেও (প্রতিদ্বন্দ্বীর অনুমদনের সাথে)</string>
  <string name="inCasualGamesOnly">শুধু অনিয়মিত খেলার মধ্যে</string>
  <string name="promoteToQueenAutomatically">সংক্রিয়ভাবে রানীর জন্য প্রচার</string>
  <string name="whenPremoving">যখন পূনার‍য়সারান</string>
  <string name="claimDrawOnThreefoldRepetitionAutomatically">সংক্রিয়ভাবে দাবি আঁকা বিষয়ে তিনগুন অনুবর্তন</string>
  <string name="whenTimeRemainingLessThanThirtySeconds">যখন সময় বাকি &lt; 30 সেকেন্ড</string>
  <string name="moveConfirmation">অনুমোদন সরান</string>
  <string name="inCorrespondenceGames">সাদৃশ্য খেলাগুলো</string>
  <string name="correspondenceAndUnlimited">সাদৃশ্য এবং সীমাহীন</string>
  <string name="confirmResignationAndDrawOffers">পদত্যাগ নিশ্চিত করুন এবং অফার লুটে নিন</string>
  <string name="castleByMovingTheKingTwoSquaresOrOntoTheRook">কাস্টলিং পদ্বতি</string>
  <string name="castleByMovingTwoSquares">দুই বর্গে রাজা সরান</string>
  <string name="castleByMovingOntoTheRook">দাবার নৌকার উপর দিয়ে রাজাকে সরান</string>
  <string name="inputMovesWithTheKeyboard">কী-বোর্ডের সাথে নিবেশ সরান</string>
  <string name="yourPreferencesHaveBeenSaved">আপনার পচ্ছন্দগুলি সংরক্ষিত করা হয়েছে.</string>
</resources>
