<?xml version="1.0" encoding="utf-8"?>
<resources>
  <string name="preferences">Dibaboù</string>
  <string name="gameDisplay">Diskwel ar c\'hrogad</string>
  <string name="pieceAnimation">Mod da fiñval ar pezhioù</string>
  <string name="materialDifference">Diforc\'hioù a-fet dafar</string>
  <string name="boardHighlights">Gouleier evit sikour war an dablez (fiñvadenn ziwezhañ ha bec\'h d\'ar roue)</string>
  <string name="pieceDestinations">Karrezennoù degemer (fiñvadennoù ha rak-fiñvadennoù gwiriek)</string>
  <string name="boardCoordinates">Daveennoù an dablez (A-H, 1-8)</string>
  <string name="moveListWhilePlaying">Roll ar fiñvadennoù e-pad ar c\'hrogad</string>
  <string name="pgnPieceNotation">Notenniñ ar fiñvadennoù</string>
  <string name="chessPieceSymbol">Arouez ar pezh echedoù</string>
  <string name="pgnLetter">Lizherenn (K, Q, R, B, N)</string>
  <string name="zenMode" comment="zenMode&#10;&#10;This is not the religious meaning. Turning this option on takes away make elements of the user interface.&#10;&#10;Can also translate as 'Focus mode' as one example.">Mod zen</string>
  <string name="displayBoardResizeHandle">Diskouez an arouez evit cheñch ment an dablez</string>
  <string name="onlyOnInitialPosition">Lec\'hiadur kentañ nemetken</string>
  <string name="blindfoldChess">Echedoù dall (pezhioù diwelus)</string>
  <string name="chessClock">Horolaj echedoù</string>
  <string name="tenthsOfSeconds">Dekvedennoù an eilennoù</string>
  <string name="whenTimeRemainingLessThanTenSeconds" comment="whenTimeRemainingLessThanTenSeconds&#10;&#10;The &amp;lt; symbol is not required (you can write it as a word), just do NOT use &lt; in its place.&#10;&#10;Technical information: &lt; is a reserved character in HTML, which is why it cannot be used.">Pa chom nebeutoc\'h evit &lt; 10 eilenn</string>
  <string name="horizontalGreenProgressBars">Barrennoù dibunañ gwer a-blaen</string>
  <string name="soundWhenTimeGetsCritical">Trouz pa ne chom ket kalz amzer</string>
  <string name="giveMoreTime">Reiñ muioc\'h a amzer</string>
  <string name="gameBehavior" comment="gameBehavior&#10;&#10;In the user settings page, &quot;Game behavior&quot; is the title of the tab for configuring how the player can interact with the game.">Mont en-dro ar c\'hrogad</string>
  <string name="howDoYouMovePieces">Penaos e lakaer ar pezhioù da fiñval?</string>
  <string name="clickTwoSquares">Klikañ war div garrezenn</string>
  <string name="dragPiece">Lakaat ar pezh da riklañ</string>
  <string name="bothClicksAndDrag">An daou</string>
  <string name="premovesPlayingDuringOpponentTurn">Rak-fiñvadennoù (c\'hoari e-pad tro hoc\'h enebour)</string>
  <string name="takebacksWithOpponentApproval">Nullañ ar fiñvadenn ziwezhañ (gant asant an enebour)</string>
  <string name="inCasualGamesOnly">E krogadoù a vignoniezh hepken</string>
  <string name="promoteToQueenAutomatically">Treiñ da rouanez en un doare emgefreek</string>
  <string name="whenPremoving">E-pad ar rak-fiñvadenn</string>
  <string name="claimDrawOnThreefoldRepetitionAutomatically">Arc\'hañ bezañ rampo goude fiñvadennoù heñvel-poch en un doare emgefreek</string>
  <string name="whenTimeRemainingLessThanThirtySeconds">Pa chom nebeutoc\'h evit &lt; 30 eilenn</string>
  <string name="moveConfirmation">Kadarnaat ar fiñvadenn</string>
  <string name="inCorrespondenceGames">Krogadoù a-bell</string>
  <string name="correspondenceAndUnlimited">A-bell ha diharz</string>
  <string name="confirmResignationAndDrawOffers">Kadarnaat ar c\'hodianañ hag ar goulenn bezañ rampo</string>
  <string name="castleByMovingTheKingTwoSquaresOrOntoTheRook">Doareoù da rokañ</string>
  <string name="castleByMovingTwoSquares">O tiplasañ ar roue deus div garrezenn</string>
  <string name="castleByMovingOntoTheRook">Diblasañ ar roue war an tour evit rokañ</string>
  <string name="inputMovesWithTheKeyboard">Aozañ an touchennaoueg evit c\'hoari gantañ</string>
  <string name="yourPreferencesHaveBeenSaved">Savetaet eo bet ho tibaboù.</string>
</resources>
