<?xml version="1.0" encoding="utf-8"?>
<resources>
  <string name="preferences">Preferències</string>
  <string name="gameDisplay">Presentació del tauler</string>
  <string name="pieceAnimation">Animació de les peces</string>
  <string name="materialDifference">Diferència de material</string>
  <string name="boardHighlights">Marcar caselles (últim moviment i escac)</string>
  <string name="pieceDestinations">Destinacions de la peça (moviments vàlids i moviments anticipats)</string>
  <string name="boardCoordinates">Coordenades del tauler (A-H, 1-8)</string>
  <string name="moveListWhilePlaying">Llista de moviments durant la partida</string>
  <string name="pgnPieceNotation">Notació de les jugades</string>
  <string name="chessPieceSymbol">Símbol de la peça</string>
  <string name="pgnLetter">Lletres (K, Q, R, B, N)</string>
  <string name="zenMode" comment="zenMode&#10;&#10;This is not the religious meaning. Turning this option on takes away make elements of the user interface.&#10;&#10;Can also translate as 'Focus mode' as one example.">Mode Zen</string>
  <string name="displayBoardResizeHandle">Mostrar canvi de tamany</string>
  <string name="onlyOnInitialPosition">Només en posició inicial</string>
  <string name="blindfoldChess">Escacs a cegues (peces invisibles)</string>
  <string name="chessClock">Rellotge d\'escacs</string>
  <string name="tenthsOfSeconds">Dècimes de segon</string>
  <string name="whenTimeRemainingLessThanTenSeconds" comment="whenTimeRemainingLessThanTenSeconds&#10;&#10;The &amp;lt; symbol is not required (you can write it as a word), just do NOT use &lt; in its place.&#10;&#10;Technical information: &lt; is a reserved character in HTML, which is why it cannot be used.">Quan restin menys de 10 segons</string>
  <string name="horizontalGreenProgressBars">Barres horitzontals verdes de temps</string>
  <string name="soundWhenTimeGetsCritical">So quan quedi poc temps</string>
  <string name="giveMoreTime">Donar més temps</string>
  <string name="gameBehavior" comment="gameBehavior&#10;&#10;In the user settings page, &quot;Game behavior&quot; is the title of the tab for configuring how the player can interact with the game.">Comportament durant la partida</string>
  <string name="howDoYouMovePieces">Com mous les peces?</string>
  <string name="clickTwoSquares">Fes clic en dues caselles</string>
  <string name="dragPiece">Mou una peça</string>
  <string name="bothClicksAndDrag">Qualsevol</string>
  <string name="premovesPlayingDuringOpponentTurn">Moviments anticipats (moure durant el torn de l\'oponent)</string>
  <string name="takebacksWithOpponentApproval">Torna enrere (amb l\'aprovació de l\'oponent)</string>
  <string name="inCasualGamesOnly">Només en els jocs amistosos</string>
  <string name="promoteToQueenAutomatically">Corona la Dama automàticament</string>
  <string name="whenPremoving">En moviments anticipats</string>
  <string name="claimDrawOnThreefoldRepetitionAutomatically">Demana empat per repetició automàticament</string>
  <string name="whenTimeRemainingLessThanThirtySeconds">Quan restin &lt; 30 segons</string>
  <string name="moveConfirmation">Confirmació de moviment</string>
  <string name="inCorrespondenceGames">Només en partides per correspondència</string>
  <string name="correspondenceAndUnlimited">Per correspondència i sense límit de temps</string>
  <string name="confirmResignationAndDrawOffers">Confirmar resignació i oferiments d\'empat</string>
  <string name="castleByMovingTheKingTwoSquaresOrOntoTheRook">Mètode d\'Enroc</string>
  <string name="castleByMovingTwoSquares">Moure el rei dues caselles</string>
  <string name="castleByMovingOntoTheRook">Moure el rei a la torre</string>
  <string name="inputMovesWithTheKeyboard">Moure peces amb el teclat</string>
  <string name="snapArrowsToValidMoves" comment="snapArrowsToValidMoves&#10;&#10;The 'arrows' are for quick annotations you can do on the board, by holding right mouse button. With this setting enabled, it means the arrows will align themselves to places were pieces can move.">Fletxes cap a moviments vàlids</string>
  <string name="sayGgWpAfterLosingOrDrawing" comment="sayGgWpAfterLosingOrDrawing&#10;&#10;When enabled, this setting will automatically send 'Good game, well played' to your opponent if you are lose or draw the game. It's meant as a courtesy message.&#10;&#10;The message will be sent in ENGLISH.&#10;&#10;It is up to you how to deal with this. For example, you may want to put '(message will be sent in English)' in your translated text as one example. Or you can leave the actual English text and put a brief translation in your own language.">Dir “Bona partida, ben jugat!” quan perds o fas taules</string>
  <string name="yourPreferencesHaveBeenSaved">Les teves preferències s\'han desat.</string>
</resources>
