<?xml version="1.0" encoding="utf-8"?>
<resources>
  <string name="preferences">Předvolby</string>
  <string name="gameDisplay">Zobrazení hry</string>
  <string name="pieceAnimation">Animace figur</string>
  <string name="materialDifference">Materiální rozdíl</string>
  <string name="boardHighlights">Zvýraznění na šachovnici (poslední tah a šach)</string>
  <string name="pieceDestinations">Možnosti figur (možné tahy a předtahy)</string>
  <string name="boardCoordinates">Souřadnice šachovnice (A-H, 1-8)</string>
  <string name="moveListWhilePlaying">Seznam tahů během hry</string>
  <string name="pgnPieceNotation">Označení figur v notaci</string>
  <string name="chessPieceSymbol">Symbol šachových figur</string>
  <string name="pgnLetter">Anglickými písmeny (K, Q, R, B, N)</string>
  <string name="zenMode" comment="zenMode&#10;&#10;This is not the religious meaning. Turning this option on takes away make elements of the user interface.&#10;&#10;Can also translate as 'Focus mode' as one example.">Zen mód</string>
  <string name="displayBoardResizeHandle">Zobrazit tlačítko pro změnu velikosti šachovnice</string>
  <string name="onlyOnInitialPosition">Jen v základním postavení</string>
  <string name="blindfoldChess">Blindfold šachy (neviditelné figurky)</string>
  <string name="chessClock">Šachové hodiny</string>
  <string name="tenthsOfSeconds">Desetiny sekund</string>
  <string name="whenTimeRemainingLessThanTenSeconds" comment="whenTimeRemainingLessThanTenSeconds&#10;&#10;The &amp;lt; symbol is not required (you can write it as a word), just do NOT use &lt; in its place.&#10;&#10;Technical information: &lt; is a reserved character in HTML, which is why it cannot be used.">Když zbývající čas &lt; 10 sekund</string>
  <string name="horizontalGreenProgressBars">Vodorovný indikátor průběhu</string>
  <string name="soundWhenTimeGetsCritical">Zvuk, když zbývá velmi málo času</string>
  <string name="giveMoreTime">Přidej čas</string>
  <string name="gameBehavior" comment="gameBehavior&#10;&#10;In the user settings page, &quot;Game behavior&quot; is the title of the tab for configuring how the player can interact with the game.">Chování hry</string>
  <string name="howDoYouMovePieces">Způsob provádění tahů</string>
  <string name="clickTwoSquares">Kliknutím na dvě pole</string>
  <string name="dragPiece">Přetažením kamene</string>
  <string name="bothClicksAndDrag">Obojí</string>
  <string name="premovesPlayingDuringOpponentTurn">Předtahy (hraní během protivníkova tahu)</string>
  <string name="takebacksWithOpponentApproval">Vrácení tahu (s protivníkovým souhlasem)</string>
  <string name="inCasualGamesOnly">Pouze v hrách \"jen tak\"</string>
  <string name="promoteToQueenAutomatically">Povýšit na dámu automaticky</string>
  <string name="whenPremoving">Při předtahu</string>
  <string name="claimDrawOnThreefoldRepetitionAutomatically">Automaticky vyžádat remízu při trojím opakování pozice</string>
  <string name="whenTimeRemainingLessThanThirtySeconds">Když zbývající čas &lt; 30 sekund</string>
  <string name="moveConfirmation">Potvrzení tahu</string>
  <string name="inCorrespondenceGames">V korespondenčním šachu</string>
  <string name="correspondenceAndUnlimited">Korespondeční a bez limitu</string>
  <string name="confirmResignationAndDrawOffers">Potvrzovat rezignaci a nabídku remízy</string>
  <string name="castleByMovingTheKingTwoSquaresOrOntoTheRook">Způsob provádění rošády</string>
  <string name="castleByMovingTwoSquares">Pohnout králem o dvě pole</string>
  <string name="castleByMovingOntoTheRook">Pohnout králem na místo věže</string>
  <string name="inputMovesWithTheKeyboard">Zadávání tahů pomocí klávesnice</string>
  <string name="snapArrowsToValidMoves" comment="snapArrowsToValidMoves&#10;&#10;The 'arrows' are for quick annotations you can do on the board, by holding right mouse button. With this setting enabled, it means the arrows will align themselves to places were pieces can move.">Přichytit šipky k platným tahům</string>
  <string name="sayGgWpAfterLosingOrDrawing" comment="sayGgWpAfterLosingOrDrawing&#10;&#10;When enabled, this setting will automatically send 'Good game, well played' to your opponent if you are lose or draw the game. It's meant as a courtesy message.&#10;&#10;The message will be sent in ENGLISH.&#10;&#10;It is up to you how to deal with this. For example, you may want to put '(message will be sent in English)' in your translated text as one example. Or you can leave the actual English text and put a brief translation in your own language.">Řekněte \"Good game, well played\" (překlad: \"Dobrá hra, pěkně zahráno\") po porážce nebo remíze</string>
  <string name="yourPreferencesHaveBeenSaved">Vaše předvolby byly uloženy.</string>
</resources>
