<?xml version="1.0" encoding="utf-8"?>
<resources>
  <string name="preferences">Ӗнерлев</string>
  <string name="gameDisplay">Вӑйӑ курӑнни</string>
  <string name="pieceAnimation">Кӗлетке хусканӑвӗ</string>
  <string name="materialDifference">Материаллӑ уйрӑмлӑх</string>
  <string name="boardHighlights">Утӑм ҫути (кайранхи утӑм тата шах туни)</string>
  <string name="pieceDestinations">Кӗлетке сукмакӗ (тӗрӗс утни тата умӗн утни)</string>
  <string name="boardCoordinates">Хӑма координачӗсем (A-H, 1-8)</string>
  <string name="moveListWhilePlaying">Куҫӑмсене ҫырса хурасси</string>
  <string name="pgnLetter">Саспалли (K, Q, R, B, N)</string>
  <string name="zenMode" comment="zenMode&#10;&#10;This is not the religious meaning. Turning this option on takes away make elements of the user interface.&#10;&#10;Can also translate as 'Focus mode' as one example.">Дсӑн решимӗ</string>
  <string name="blindfoldChess">Суккӑр шахмат (курӑнман кӗлетке)</string>
  <string name="chessClock">Шахмат сехечӗ</string>
  <string name="tenthsOfSeconds">Ҫеккунтӑн вуннӑмӗшӗсем</string>
  <string name="whenTimeRemainingLessThanTenSeconds" comment="whenTimeRemainingLessThanTenSeconds&#10;&#10;The &amp;lt; symbol is not required (you can write it as a word), just do NOT use &lt; in its place.&#10;&#10;Technical information: &lt; is a reserved character in HTML, which is why it cannot be used.">Вӑхӑт &lt; 10 ҫеккунтран йулсан</string>
  <string name="horizontalGreenProgressBars">Горисонталлӑ симӗс йӗрсем</string>
  <string name="soundWhenTimeGetsCritical">Вӑхӑт пӗтсех пырсан сасӑпа пӗлтересси</string>
  <string name="giveMoreTime">Вӑхӑт партар</string>
  <string name="premovesPlayingDuringOpponentTurn">Умӗн ҫӳресси (ӑмӑртуҫӗн ҫӳремелли вӑхӑтра утни)</string>
  <string name="takebacksWithOpponentApproval">Тавӑрасси (ӑмӑртуҫу килӗшнипе)</string>
  <string name="inCasualGamesOnly">Ахаль выльанӑ чухне кана</string>
  <string name="promoteToQueenAutomatically">Фӑрӑҫа хӑй халлӗн тухасси</string>
  <string name="whenPremoving">Умӗн куҫнӑ чух</string>
  <string name="whenTimeRemainingLessThanThirtySeconds">Вӑхӑт &lt; 30 ҫеккунтран сахал йулсан</string>
  <string name="moveConfirmation">Куҫӑма ҫирӗплетесси</string>
  <string name="inCorrespondenceGames">Куҫӑн мар вӑйӑсем</string>
  <string name="correspondenceAndUnlimited">Вӑрах тата чикӗсӗр</string>
  <string name="yourPreferencesHaveBeenSaved">Улӑштарни упраннӑ.</string>
</resources>
