<?xml version="1.0" encoding="utf-8"?>
<resources>
  <string name="preferences">Hoffterau</string>
  <string name="gameDisplay">Dangos y gêm</string>
  <string name="pieceAnimation">Animeiddiad darnau</string>
  <string name="materialDifference">Gwahaniaeth materol</string>
  <string name="boardHighlights">Goleubwynt bwrdd (symudiad diwethaf a siach)</string>
  <string name="pieceDestinations">Cyrchfanau darnau (symudiadau dilys a symudiadau o flaen)</string>
  <string name="boardCoordinates">Cyfesurynnau bwrdd (A-H, 1-8)</string>
  <string name="moveListWhilePlaying">Rhestr symudiadau wrth chwarae</string>
  <string name="pgnPieceNotation">Math o gofnod</string>
  <string name="chessPieceSymbol">Nodiad symbolau</string>
  <string name="pgnLetter">Llythyrau (T, B, C, E, M)</string>
  <string name="zenMode" comment="zenMode&#10;&#10;This is not the religious meaning. Turning this option on takes away make elements of the user interface.&#10;&#10;Can also translate as 'Focus mode' as one example.">Ffocysu</string>
  <string name="displayBoardResizeHandle">Dangos trin ailfeintio\'r bwrdd</string>
  <string name="onlyOnInitialPosition">Dim ond yn y safle cychwynol</string>
  <string name="blindfoldChess">Gwyddbwyll ar ddall (darnau anweladwy)</string>
  <string name="chessClock">Cloc gwyddbwyll</string>
  <string name="tenthsOfSeconds">Degfedau eiliad</string>
  <string name="whenTimeRemainingLessThanTenSeconds" comment="whenTimeRemainingLessThanTenSeconds&#10;&#10;The &amp;lt; symbol is not required (you can write it as a word), just do NOT use &lt; in its place.&#10;&#10;Technical information: &lt; is a reserved character in HTML, which is why it cannot be used.">Gyda llai na 10 eiliad ar ôl</string>
  <string name="horizontalGreenProgressBars">Bâr cynydd gwyrdd llorweddol</string>
  <string name="soundWhenTimeGetsCritical">Sain cyn redeg allan o amser</string>
  <string name="giveMoreTime">Rhoi mwy o amser</string>
  <string name="gameBehavior" comment="gameBehavior&#10;&#10;In the user settings page, &quot;Game behavior&quot; is the title of the tab for configuring how the player can interact with the game.">Ymddygiad y gêm</string>
  <string name="howDoYouMovePieces">Sut mae symud darnau?</string>
  <string name="clickTwoSquares">Clicio dwy sgwar</string>
  <string name="dragPiece">Llusgo darn</string>
  <string name="bothClicksAndDrag">Y ddwy</string>
  <string name="premovesPlayingDuringOpponentTurn">Symudiadau o flaen (symud yn ystod tro y gwrthwynebydd)</string>
  <string name="takebacksWithOpponentApproval">Cymryd yn ôl (gyda chaniatád y gwrthwynebydd)</string>
  <string name="inCasualGamesOnly">Wrth chwarae yn achlysurol</string>
  <string name="promoteToQueenAutomatically">Troi yn Frenhines yn awtomatig</string>
  <string name="whenPremoving">Wrth symud o flaen</string>
  <string name="claimDrawOnThreefoldRepetitionAutomatically">Dewis gem gyfartal yn awtomatig ar ol ailadrodd tair gwaith</string>
  <string name="whenTimeRemainingLessThanThirtySeconds">Gyda llai na 30 eiliad</string>
  <string name="moveConfirmation">Cadarnháu symudiad</string>
  <string name="inCorrespondenceGames">Gêmau drwy\'r post</string>
  <string name="correspondenceAndUnlimited">Gohebol ac anghyfyngedig</string>
  <string name="confirmResignationAndDrawOffers">Cadarnhau cynnigion gem cyfartal ac ildio</string>
  <string name="castleByMovingTheKingTwoSquaresOrOntoTheRook">Modd castellu</string>
  <string name="castleByMovingTwoSquares">Symud y Teyrn dau sgwar</string>
  <string name="castleByMovingOntoTheRook">Gollwng y Teyrn ar ben y Castell</string>
  <string name="inputMovesWithTheKeyboard">Mewnbynnu symudiadau efo\'r allweddfwrdd</string>
  <string name="yourPreferencesHaveBeenSaved">Cadwyd eich dewisiadau.</string>
</resources>
