<?xml version="1.0" encoding="utf-8"?>
<resources>
  <string name="preferences">Indstillinger</string>
  <string name="gameDisplay">Skakspillets udseende</string>
  <string name="pieceAnimation">Animation af brikkerne</string>
  <string name="materialDifference">Materialeforskel</string>
  <string name="boardHighlights">Fremhævninger på brættet (af sidste træk og skak)</string>
  <string name="pieceDestinations">Brikdestinationer (gyldige træk og forhånds-træk)</string>
  <string name="boardCoordinates">Brætkoordinater (A-H, 1-8)</string>
  <string name="moveListWhilePlaying">Trækliste mens der spilles</string>
  <string name="pgnPieceNotation">Notation</string>
  <string name="chessPieceSymbol">Skakbrik-symbol</string>
  <string name="pgnLetter">Bogstaver (K, Q, R, B, N)</string>
  <string name="zenMode" comment="zenMode&#10;&#10;This is not the religious meaning. Turning this option on takes away make elements of the user interface.&#10;&#10;Can also translate as 'Focus mode' as one example.">Zentilstand</string>
  <string name="displayBoardResizeHandle">Vis brætstørrelse justering</string>
  <string name="onlyOnInitialPosition">Kun ved indledende position</string>
  <string name="blindfoldChess">Blindskak</string>
  <string name="chessClock">Skakur</string>
  <string name="tenthsOfSeconds">Tiendedele sekunder</string>
  <string name="whenTimeRemainingLessThanTenSeconds" comment="whenTimeRemainingLessThanTenSeconds&#10;&#10;The &amp;lt; symbol is not required (you can write it as a word), just do NOT use &lt; in its place.&#10;&#10;Technical information: &lt; is a reserved character in HTML, which is why it cannot be used.">Når resterende tid &lt; 10 sekunder</string>
  <string name="horizontalGreenProgressBars">Horisontale grønne statuslinjer</string>
  <string name="soundWhenTimeGetsCritical">Lyd, når tiden bliver kritisk</string>
  <string name="giveMoreTime">Give mere tid</string>
  <string name="gameBehavior" comment="gameBehavior&#10;&#10;In the user settings page, &quot;Game behavior&quot; is the title of the tab for configuring how the player can interact with the game.">Spiladfærd</string>
  <string name="howDoYouMovePieces">Hvordan flytter du brikker?</string>
  <string name="clickTwoSquares">Klik på to felter</string>
  <string name="dragPiece">Træk brik</string>
  <string name="bothClicksAndDrag">Begge dele</string>
  <string name="premovesPlayingDuringOpponentTurn">Forhåndstræk (spilles på modstanderens tur)</string>
  <string name="takebacksWithOpponentApproval">Fortrydelse af træk (med modstanderens accept)</string>
  <string name="inCasualGamesOnly">Kun i ikke-ratede spil</string>
  <string name="promoteToQueenAutomatically">Forfrem til Dronning automatisk</string>
  <string name="whenPremoving">Ved forhåndstræk</string>
  <string name="claimDrawOnThreefoldRepetitionAutomatically">Kræv remis ved trefold gentagelse automatisk</string>
  <string name="whenTimeRemainingLessThanThirtySeconds">Når tilbageværende tid &lt; 30 sekunder</string>
  <string name="moveConfirmation">Bekræft træk</string>
  <string name="inCorrespondenceGames">I korrespondancepartier</string>
  <string name="correspondenceAndUnlimited">Korrespondance og ubegrænset</string>
  <string name="confirmResignationAndDrawOffers">Bekræft opgivelse og tilbud om remis</string>
  <string name="castleByMovingTheKingTwoSquaresOrOntoTheRook">Rokade-metode</string>
  <string name="castleByMovingTwoSquares">Flyt kongen to felter</string>
  <string name="castleByMovingOntoTheRook">Flyt kongen over på tårn</string>
  <string name="inputMovesWithTheKeyboard">Lav træk med tastaturet</string>
  <string name="snapArrowsToValidMoves" comment="snapArrowsToValidMoves&#10;&#10;The 'arrows' are for quick annotations you can do on the board, by holding right mouse button. With this setting enabled, it means the arrows will align themselves to places were pieces can move.">Marker lovlige træk med pile</string>
  <string name="sayGgWpAfterLosingOrDrawing" comment="sayGgWpAfterLosingOrDrawing&#10;&#10;When enabled, this setting will automatically send 'Good game, well played' to your opponent if you are lose or draw the game. It's meant as a courtesy message.&#10;&#10;The message will be sent in ENGLISH.&#10;&#10;It is up to you how to deal with this. For example, you may want to put '(message will be sent in English)' in your translated text as one example. Or you can leave the actual English text and put a brief translation in your own language.">Sig \"Godt spil, godt spillet\" ved nederlag eller remis</string>
  <string name="yourPreferencesHaveBeenSaved">Dine præferencer er blevet gemt.</string>
</resources>
