<?xml version="1.0" encoding="utf-8"?>
<resources>
  <string name="preferences">Einstellungen</string>
  <string name="gameDisplay">Spieldarstellung</string>
  <string name="pieceAnimation">Figurenanimation</string>
  <string name="materialDifference">Materialunterschied</string>
  <string name="boardHighlights">Markierungen auf dem Brett (letzter Zug und Schach)</string>
  <string name="pieceDestinations">Zielfelder markieren (gültige Züge und Vorauszüge)</string>
  <string name="boardCoordinates">Brettkoordinaten (A-H, 1-8)</string>
  <string name="moveListWhilePlaying">Notation während des Spiels anzeigen</string>
  <string name="pgnPieceNotation">Zugnotation</string>
  <string name="chessPieceSymbol">Schachfigurensymbol</string>
  <string name="pgnLetter">Buchstaben (K, Q, R, B, N)</string>
  <string name="zenMode" comment="zenMode&#10;&#10;This is not the religious meaning. Turning this option on takes away make elements of the user interface.&#10;&#10;Can also translate as 'Focus mode' as one example.">Zen-Modus</string>
  <string name="displayBoardResizeHandle">Regler zum Ändern der Brettgröße anzeigen</string>
  <string name="onlyOnInitialPosition">Nur in der Anfangsstellung</string>
  <string name="blindfoldChess">Blindschach (unsichtbare Figuren)</string>
  <string name="chessClock">Schachuhr</string>
  <string name="tenthsOfSeconds">Zehntelsekunden</string>
  <string name="whenTimeRemainingLessThanTenSeconds" comment="whenTimeRemainingLessThanTenSeconds&#10;&#10;The &amp;lt; symbol is not required (you can write it as a word), just do NOT use &lt; in its place.&#10;&#10;Technical information: &lt; is a reserved character in HTML, which is why it cannot be used.">Wenn Restzeit &lt; 10 Sekunden</string>
  <string name="horizontalGreenProgressBars">Horizontale grüne Fortschrittsbalken</string>
  <string name="soundWhenTimeGetsCritical">Ton, wenn die Zeit knapp wird</string>
  <string name="giveMoreTime">Mehr Zeit geben</string>
  <string name="gameBehavior" comment="gameBehavior&#10;&#10;In the user settings page, &quot;Game behavior&quot; is the title of the tab for configuring how the player can interact with the game.">Spielverhalten</string>
  <string name="howDoYouMovePieces">Wie möchtest du die Figuren bewegen?</string>
  <string name="clickTwoSquares">Zwei Felder anklicken</string>
  <string name="dragPiece">Die Figur ziehen</string>
  <string name="bothClicksAndDrag">Klicken oder ziehen</string>
  <string name="premovesPlayingDuringOpponentTurn">Vorauszüge (Premoves), während der Gegner am Zug ist</string>
  <string name="takebacksWithOpponentApproval">Zugrücknahme (mit Erlaubnis des Gegners)</string>
  <string name="inCasualGamesOnly">Nur in ungewerteten Partien</string>
  <string name="promoteToQueenAutomatically">Automatische Umwandlung zur Dame</string>
  <string name="whenPremoving">Bei Vorauszug</string>
  <string name="claimDrawOnThreefoldRepetitionAutomatically">Reklamiere automatisch Remis bei dreifacher Stellungswiederholung</string>
  <string name="whenTimeRemainingLessThanThirtySeconds">Wenn Restzeit &lt; 30 Sekunden</string>
  <string name="moveConfirmation">Zugbestätigung</string>
  <string name="inCorrespondenceGames">Im Fernschach</string>
  <string name="correspondenceAndUnlimited">Fernschach und unbegrenzt</string>
  <string name="confirmResignationAndDrawOffers">Aufgabe und Remis-Angebote bestätigen</string>
  <string name="castleByMovingTheKingTwoSquaresOrOntoTheRook">Rochade-Methode</string>
  <string name="castleByMovingTwoSquares">Ziehe den König zwei Felder weit</string>
  <string name="castleByMovingOntoTheRook">Ziehe den König auf den Turm</string>
  <string name="inputMovesWithTheKeyboard">Züge mit der Tastatur eingeben</string>
  <string name="snapArrowsToValidMoves" comment="snapArrowsToValidMoves&#10;&#10;The 'arrows' are for quick annotations you can do on the board, by holding right mouse button. With this setting enabled, it means the arrows will align themselves to places were pieces can move.">Pfeile markieren immer mögliche Züge</string>
  <string name="sayGgWpAfterLosingOrDrawing" comment="sayGgWpAfterLosingOrDrawing&#10;&#10;When enabled, this setting will automatically send 'Good game, well played' to your opponent if you are lose or draw the game. It's meant as a courtesy message.&#10;&#10;The message will be sent in ENGLISH.&#10;&#10;It is up to you how to deal with this. For example, you may want to put '(message will be sent in English)' in your translated text as one example. Or you can leave the actual English text and put a brief translation in your own language.">Sage \"Gute Partie, gut gespielt\" nach einer Niederlage oder einem Remis</string>
  <string name="yourPreferencesHaveBeenSaved">Deine Einstellungen wurden gespeichert.</string>
</resources>
