<?xml version="1.0" encoding="utf-8"?>
<resources>
  <string name="preferences">Προτιμήσεις</string>
  <string name="gameDisplay">Εμφάνιση παιχνιδιών</string>
  <string name="pieceAnimation">Κίνηση πιονιών</string>
  <string name="materialDifference">Διαφορά υλικού</string>
  <string name="boardHighlights">Φωτισμός σκακιέρας (τελευταία κίνηση και σαχ)</string>
  <string name="pieceDestinations">Προορισμοί κομματιών (έγκυρες κινήσεις και προκινήσεις)</string>
  <string name="boardCoordinates">Συντεταγμένες σκακιέρας (A-H, 1-8)</string>
  <string name="moveListWhilePlaying">Λίστα κινήσεων κατά τη διάρκεια της παρτίδας</string>
  <string name="pgnPieceNotation">Εμφάνιση κινήσεων</string>
  <string name="chessPieceSymbol">Σύμβολο πιονιού στο σκάκι</string>
  <string name="pgnLetter">Γράμμα (K, Q, R, B, N)</string>
  <string name="zenMode" comment="zenMode&#10;&#10;This is not the religious meaning. Turning this option on takes away make elements of the user interface.&#10;&#10;Can also translate as 'Focus mode' as one example.">Λειτουργία Zεν</string>
  <string name="displayBoardResizeHandle">Εμφάνιση χειριστηρίου αλλαγής μεγέθους σκακιέρας</string>
  <string name="onlyOnInitialPosition">Μόνο στην αρχική διάταξη</string>
  <string name="blindfoldChess">Τυφλό σκάκι (αόρατα κομμάτια)</string>
  <string name="chessClock">Σκακιστικό χρονόμετρο</string>
  <string name="tenthsOfSeconds">Δέκατα του δευτερολέπτου</string>
  <string name="whenTimeRemainingLessThanTenSeconds" comment="whenTimeRemainingLessThanTenSeconds&#10;&#10;The &amp;lt; symbol is not required (you can write it as a word), just do NOT use &lt; in its place.&#10;&#10;Technical information: &lt; is a reserved character in HTML, which is why it cannot be used.">Όταν απομένουν &lt; 10 δευτερόλεπτα</string>
  <string name="horizontalGreenProgressBars">Οριζόντιες πράσινες γραμμές προόδου</string>
  <string name="soundWhenTimeGetsCritical">Ηχητική ειδοποίηση όταν ο χρόνος γίνεται κρίσιμος</string>
  <string name="giveMoreTime">Προσθέστε περισσότερο χρόνο</string>
  <string name="gameBehavior" comment="gameBehavior&#10;&#10;In the user settings page, &quot;Game behavior&quot; is the title of the tab for configuring how the player can interact with the game.">Συμπεριφορά παιχνιδιού</string>
  <string name="howDoYouMovePieces">Πώς θέλετε να μετακινείτε τα κομμάτια;</string>
  <string name="clickTwoSquares">Κάνοντας κλικ στα δύο τετράγωνα</string>
  <string name="dragPiece">Σέρνοντας ένα πιόνι</string>
  <string name="bothClicksAndDrag">Και τα δύο</string>
  <string name="premovesPlayingDuringOpponentTurn">Προκινήσεις (παιγμένες κατά τον χρόνο σκέψης του αντιπάλου)</string>
  <string name="takebacksWithOpponentApproval">Ανακλήσεις (με έγκριση του αντιπάλου)</string>
  <string name="inCasualGamesOnly">Μόνο σε φιλικά παιχνίδια</string>
  <string name="promoteToQueenAutomatically">Αυτόματη προαγωγή σε βασίλισσα</string>
  <string name="whenPremoving">Κατά προεπιλογή κίνησης</string>
  <string name="claimDrawOnThreefoldRepetitionAutomatically">Διεκδικήστε ισοπαλία αυτόματα σε τριπλή επανάληψη</string>
  <string name="whenTimeRemainingLessThanThirtySeconds">Όταν απομένουν &lt; 30 δευτερόλεπτα</string>
  <string name="moveConfirmation">Επιβεβαίωση κίνησης</string>
  <string name="inCorrespondenceGames">Στις παρτίδες δι\' αλληλογραφίας</string>
  <string name="correspondenceAndUnlimited">Δι\' αλληλογραφίας και απεριορίστου χρόνου</string>
  <string name="confirmResignationAndDrawOffers">Επιβεβαίωση παραίτησης και προσφοράς ισοπαλίας</string>
  <string name="castleByMovingTheKingTwoSquaresOrOntoTheRook">Μέθοδος ροκέ</string>
  <string name="castleByMovingTwoSquares">Ροκέ μετακινώντας τον βασιλιά δύο τετράγωνα</string>
  <string name="castleByMovingOntoTheRook">Ροκέ μετακινώντας τον βασιλιά πάνω στον πύργο</string>
  <string name="inputMovesWithTheKeyboard">Κάντε κινήσεις με το πληκτρολόγιο</string>
  <string name="snapArrowsToValidMoves" comment="snapArrowsToValidMoves&#10;&#10;The 'arrows' are for quick annotations you can do on the board, by holding right mouse button. With this setting enabled, it means the arrows will align themselves to places were pieces can move.">Αγκύρωση βελών σε έγκυρες κινήσεις</string>
  <string name="sayGgWpAfterLosingOrDrawing" comment="sayGgWpAfterLosingOrDrawing&#10;&#10;When enabled, this setting will automatically send 'Good game, well played' to your opponent if you are lose or draw the game. It's meant as a courtesy message.&#10;&#10;The message will be sent in ENGLISH.&#10;&#10;It is up to you how to deal with this. For example, you may want to put '(message will be sent in English)' in your translated text as one example. Or you can leave the actual English text and put a brief translation in your own language.">Αποστολή «Good game, well played» (Ωραίο παιχνίδι, καλά παιγμένο) μετά από ήττα ή ισοπαλία</string>
  <string name="yourPreferencesHaveBeenSaved">Οι προτιμήσεις σας αποθηκεύτηκαν.</string>
</resources>
