<?xml version="1.0" encoding="utf-8"?>
<resources>
  <string name="preferences">Preferoj</string>
  <string name="gameDisplay">Aspekto de ludoj</string>
  <string name="pieceAnimation">Animacio de ŝakpecoj</string>
  <string name="materialDifference">Materiala diferenco</string>
  <string name="boardHighlights">Emfazaj aperoj sur tabulo (lasta movo kaj ŝakoj)</string>
  <string name="pieceDestinations">Destinoj de ŝakpecoj (eblaj movoj kaj antaŭmovoj)</string>
  <string name="boardCoordinates">Tabulaj koordinatoj (A-H, 1-8)</string>
  <string name="moveListWhilePlaying">Listo de movoj dum ludado</string>
  <string name="pgnPieceNotation">Mova notado</string>
  <string name="chessPieceSymbol">Ŝakpecaj simboloj</string>
  <string name="pgnLetter">Litero (R, D, T, K, Ĉ)</string>
  <string name="zenMode" comment="zenMode&#10;&#10;This is not the religious meaning. Turning this option on takes away make elements of the user interface.&#10;&#10;Can also translate as 'Focus mode' as one example.">Zen modo</string>
  <string name="displayBoardResizeHandle">Montri la grandecregilon de la ŝaktabulo</string>
  <string name="onlyOnInitialPosition">Nur sur komenca pozicio</string>
  <string name="blindfoldChess">Blinda ŝako (nevideblaj ŝakpecoj)</string>
  <string name="chessClock">Ŝakhorloĝo</string>
  <string name="tenthsOfSeconds">Dekonoj da sekundoj</string>
  <string name="whenTimeRemainingLessThanTenSeconds" comment="whenTimeRemainingLessThanTenSeconds&#10;&#10;The &amp;lt; symbol is not required (you can write it as a word), just do NOT use &lt; in its place.&#10;&#10;Technical information: &lt; is a reserved character in HTML, which is why it cannot be used.">Kiam restas malpli ol 10 sekundoj</string>
  <string name="horizontalGreenProgressBars">Horizontalaj verdaj progreso-strioj</string>
  <string name="soundWhenTimeGetsCritical">Sono, kiam tempo iĝas tre malmulta</string>
  <string name="giveMoreTime">Doni pli da tempo</string>
  <string name="gameBehavior" comment="gameBehavior&#10;&#10;In the user settings page, &quot;Game behavior&quot; is the title of the tab for configuring how the player can interact with the game.">Luda konduto</string>
  <string name="howDoYouMovePieces">Kiel movi pecojn?</string>
  <string name="clickTwoSquares">Klaki du kampojn</string>
  <string name="dragPiece">Ŝovi pecon</string>
  <string name="bothClicksAndDrag">Ambaŭ</string>
  <string name="premovesPlayingDuringOpponentTurn">Antaŭmovoj (ludi dum la vico de kontraŭulo)</string>
  <string name="takebacksWithOpponentApproval">Reprenoj (kun konsento de kontraŭulo)</string>
  <string name="inCasualGamesOnly">Nur ĉe amikaj ludoj</string>
  <string name="promoteToQueenAutomatically">Aŭtomata ŝanĝo (de peonoj) al damoj</string>
  <string name="whenPremoving">Ĉe antaŭmovoj</string>
  <string name="claimDrawOnThreefoldRepetitionAutomatically">Pretendi egalvenko sur trifoja ripetado aŭtomate</string>
  <string name="whenTimeRemainingLessThanThirtySeconds">Kiam restas malpli ol 30 sekundoj</string>
  <string name="moveConfirmation">Konfirmo de movoj</string>
  <string name="inCorrespondenceGames">En korespondaj ludoj</string>
  <string name="correspondenceAndUnlimited">Korespondado kaj senlima</string>
  <string name="confirmResignationAndDrawOffers">Konfirmi proponoj de resignoj kaj egalvenkoj</string>
  <string name="castleByMovingTheKingTwoSquaresOrOntoTheRook">Aroka metodo</string>
  <string name="castleByMovingTwoSquares">Movi reĝon je du kampoj</string>
  <string name="castleByMovingOntoTheRook">Movi reĝon sur la turon</string>
  <string name="inputMovesWithTheKeyboard">Enigi movojn per klavaro</string>
  <string name="snapArrowsToValidMoves" comment="snapArrowsToValidMoves&#10;&#10;The 'arrows' are for quick annotations you can do on the board, by holding right mouse button. With this setting enabled, it means the arrows will align themselves to places were pieces can move.">Montri per sagoj nur validajn movojn</string>
  <string name="sayGgWpAfterLosingOrDrawing" comment="sayGgWpAfterLosingOrDrawing&#10;&#10;When enabled, this setting will automatically send 'Good game, well played' to your opponent if you are lose or draw the game. It's meant as a courtesy message.&#10;&#10;The message will be sent in ENGLISH.&#10;&#10;It is up to you how to deal with this. For example, you may want to put '(message will be sent in English)' in your translated text as one example. Or you can leave the actual English text and put a brief translation in your own language.">Skribi \"Good game, well played\" post malvenko aŭ egalvenko</string>
  <string name="yourPreferencesHaveBeenSaved">Viaj preferoj estis savitaj.</string>
</resources>
