<?xml version="1.0" encoding="utf-8"?>
<resources>
  <string name="preferences">Preferencias</string>
  <string name="gameDisplay">Configuración visual del juego</string>
  <string name="pieceAnimation">Animación de las piezas</string>
  <string name="materialDifference">Diferencia material</string>
  <string name="boardHighlights">Destacar casillas del tablero (último movimiento y jaque)</string>
  <string name="pieceDestinations">Destino de las piezas (movimientos válidos y anticipados)</string>
  <string name="boardCoordinates">Coordenadas del tablero (A-H, 1-8)</string>
  <string name="moveListWhilePlaying">Lista de movimientos durante la partida</string>
  <string name="pgnPieceNotation">Notación de los movimientos</string>
  <string name="chessPieceSymbol">Símbolo de la pieza</string>
  <string name="pgnLetter">Inicial (en inglés) de la pieza (K, Q, R, B, N)</string>
  <string name="zenMode" comment="zenMode&#10;&#10;This is not the religious meaning. Turning this option on takes away make elements of the user interface.&#10;&#10;Can also translate as 'Focus mode' as one example.">Modo Zen</string>
  <string name="displayBoardResizeHandle">Mostrar el control de tamaño del tablero</string>
  <string name="onlyOnInitialPosition">Sólo en posición inicial</string>
  <string name="blindfoldChess">Ajedrez a ciegas (piezas invisibles)</string>
  <string name="chessClock">Reloj de ajedrez</string>
  <string name="tenthsOfSeconds">Décimas de segundo</string>
  <string name="whenTimeRemainingLessThanTenSeconds" comment="whenTimeRemainingLessThanTenSeconds&#10;&#10;The &amp;lt; symbol is not required (you can write it as a word), just do NOT use &lt; in its place.&#10;&#10;Technical information: &lt; is a reserved character in HTML, which is why it cannot be used.">Cuando queden menos de 10 segundos</string>
  <string name="horizontalGreenProgressBars">Barras de progreso horizontales verdes</string>
  <string name="soundWhenTimeGetsCritical">Alerta cuando reste poco tiempo</string>
  <string name="giveMoreTime">Dar más tiempo</string>
  <string name="gameBehavior" comment="gameBehavior&#10;&#10;In the user settings page, &quot;Game behavior&quot; is the title of the tab for configuring how the player can interact with the game.">Comportamiento del juego</string>
  <string name="howDoYouMovePieces">¿Cómo quieres mover las piezas?</string>
  <string name="clickTwoSquares">Haciendo clic en la pieza y luego en la casilla de destino</string>
  <string name="dragPiece">Arrastrando la pieza hasta la casilla de destino</string>
  <string name="bothClicksAndDrag">O cualquiera</string>
  <string name="premovesPlayingDuringOpponentTurn">Anticipados (jugando en el turno del oponente)</string>
  <string name="takebacksWithOpponentApproval">Deshacer jugada (con consentimiento del oponente)</string>
  <string name="inCasualGamesOnly">Sólo en partidas amistosas</string>
  <string name="promoteToQueenAutomatically">Promover a la Reina automáticamente</string>
  <string name="whenPremoving">Con anticipadas</string>
  <string name="claimDrawOnThreefoldRepetitionAutomatically">Reclamar tablas por triple repetición</string>
  <string name="whenTimeRemainingLessThanThirtySeconds">Cuando el tiempo restante sea de &lt; 30 segundos</string>
  <string name="moveConfirmation">Confirmación de movimiento</string>
  <string name="inCorrespondenceGames">Partidas por correspondencia</string>
  <string name="correspondenceAndUnlimited">Correspondencia y sin límite de tiempo</string>
  <string name="confirmResignationAndDrawOffers">Confirmar abandono y ofertas de tablas</string>
  <string name="castleByMovingTheKingTwoSquaresOrOntoTheRook">Método de enroque</string>
  <string name="castleByMovingTwoSquares">Moviendo el rey dos escaques</string>
  <string name="castleByMovingOntoTheRook">Moviendo el rey hasta la torre</string>
  <string name="inputMovesWithTheKeyboard">Entrada de movimientos con el teclado</string>
  <string name="snapArrowsToValidMoves" comment="snapArrowsToValidMoves&#10;&#10;The 'arrows' are for quick annotations you can do on the board, by holding right mouse button. With this setting enabled, it means the arrows will align themselves to places were pieces can move.">Adherir flechas a movimientos válidos</string>
  <string name="sayGgWpAfterLosingOrDrawing" comment="sayGgWpAfterLosingOrDrawing&#10;&#10;When enabled, this setting will automatically send 'Good game, well played' to your opponent if you are lose or draw the game. It's meant as a courtesy message.&#10;&#10;The message will be sent in ENGLISH.&#10;&#10;It is up to you how to deal with this. For example, you may want to put '(message will be sent in English)' in your translated text as one example. Or you can leave the actual English text and put a brief translation in your own language.">Decir \"Good game, well played\" (Buena partida, bien jugada) al perder o empatar</string>
  <string name="yourPreferencesHaveBeenSaved">Tus preferencias se han guardado.</string>
</resources>
