<?xml version="1.0" encoding="utf-8"?>
<resources>
  <string name="preferences">Sätted</string>
  <string name="gameDisplay">Mängu välimus</string>
  <string name="pieceAnimation">malendite liikumine</string>
  <string name="materialDifference">Materjal erinevus</string>
  <string name="boardHighlights">Laual rõhutatakse (viimast käiku ja tuld)</string>
  <string name="pieceDestinations">malendi sihtkoht (kehtib käies ja ennetaval käigul)</string>
  <string name="boardCoordinates">Laua koordinaadid (A-H, 1-8)</string>
  <string name="moveListWhilePlaying">käikude loend mängides</string>
  <string name="pgnPieceNotation">Käikude notatsioon</string>
  <string name="chessPieceSymbol">Malendi sümbol</string>
  <string name="pgnLetter">Täht (K, L, V, O, R)</string>
  <string name="zenMode" comment="zenMode&#10;&#10;This is not the religious meaning. Turning this option on takes away make elements of the user interface.&#10;&#10;Can also translate as 'Focus mode' as one example.">Keskendumis mood</string>
  <string name="displayBoardResizeHandle">Näita laua suuruse muutmis suvandit</string>
  <string name="onlyOnInitialPosition">Ainult algasendis</string>
  <string name="blindfoldChess">Pime male</string>
  <string name="chessClock">Malekell</string>
  <string name="tenthsOfSeconds">Kümnendikku sekundit</string>
  <string name="whenTimeRemainingLessThanTenSeconds" comment="whenTimeRemainingLessThanTenSeconds&#10;&#10;The &amp;lt; symbol is not required (you can write it as a word), just do NOT use &lt; in its place.&#10;&#10;Technical information: &lt; is a reserved character in HTML, which is why it cannot be used.">Kui aega on jäänud &lt;10 sekundi</string>
  <string name="horizontalGreenProgressBars">Horisontaalne roheline progressi riba</string>
  <string name="soundWhenTimeGetsCritical">Heli kui aeg hakkab lõppema</string>
  <string name="giveMoreTime">Anna lisaaega</string>
  <string name="gameBehavior" comment="gameBehavior&#10;&#10;In the user settings page, &quot;Game behavior&quot; is the title of the tab for configuring how the player can interact with the game.">Mängu seaded</string>
  <string name="howDoYouMovePieces">Kuidas malendeid liigutada?</string>
  <string name="clickTwoSquares">Vajuta kahele ruudule</string>
  <string name="dragPiece">Lohista malendit</string>
  <string name="bothClicksAndDrag">Mõlemad</string>
  <string name="premovesPlayingDuringOpponentTurn">ennetav käik (käigu tegemine vastase käiguajal)</string>
  <string name="takebacksWithOpponentApproval">Tagasi võtma (kui vastane lubab)</string>
  <string name="inCasualGamesOnly">ilma reitinguta mängud ainult</string>
  <string name="promoteToQueenAutomatically">Automaatselt edenda lipuks</string>
  <string name="whenPremoving">ennetava käiguga</string>
  <string name="claimDrawOnThreefoldRepetitionAutomatically">Kuuluta viik kolmekordsel kordusel automaatselt</string>
  <string name="whenTimeRemainingLessThanThirtySeconds">Aega on vähem kui &lt;30 sekundit</string>
  <string name="moveConfirmation">Käigu kinnitus</string>
  <string name="inCorrespondenceGames">Kirjavahetus mängud</string>
  <string name="correspondenceAndUnlimited">Kirjavahetus ja piiramatu</string>
  <string name="confirmResignationAndDrawOffers">Kinnitage alistumise ning viigi pakkumised</string>
  <string name="castleByMovingTheKingTwoSquaresOrOntoTheRook">Vangerdamise meetod</string>
  <string name="castleByMovingTwoSquares">Liiguta kuningat kaks ruutu</string>
  <string name="castleByMovingOntoTheRook">Liiguta kuningas vankri peale</string>
  <string name="inputMovesWithTheKeyboard">Sisestage käigud klaviatuuril</string>
  <string name="snapArrowsToValidMoves" comment="snapArrowsToValidMoves&#10;&#10;The 'arrows' are for quick annotations you can do on the board, by holding right mouse button. With this setting enabled, it means the arrows will align themselves to places were pieces can move.">Liigutage nooled kehtivate käikude juurde</string>
  <string name="sayGgWpAfterLosingOrDrawing" comment="sayGgWpAfterLosingOrDrawing&#10;&#10;When enabled, this setting will automatically send 'Good game, well played' to your opponent if you are lose or draw the game. It's meant as a courtesy message.&#10;&#10;The message will be sent in ENGLISH.&#10;&#10;It is up to you how to deal with this. For example, you may want to put '(message will be sent in English)' in your translated text as one example. Or you can leave the actual English text and put a brief translation in your own language.">Öelge kaotuse või viigi korral \"Hea mäng, hästi mängitud\"</string>
  <string name="yourPreferencesHaveBeenSaved">Teie eelistused on salvestatud.</string>
</resources>
