<?xml version="1.0" encoding="utf-8"?>
<resources>
  <string name="preferences">Lehentasunak</string>
  <string name="gameDisplay">Partiden itxura</string>
  <string name="pieceAnimation">Piezen animazioa</string>
  <string name="materialDifference">Material desoreka</string>
  <string name="boardHighlights">Taulan markak erakutsi (azken jokaldia eta xakea)</string>
  <string name="pieceDestinations">Piezen norakoak (jokaldi zuzenak eta aurre-jokaldiak)</string>
  <string name="boardCoordinates">Taularen koordinatutak (A-H, 1-8)</string>
  <string name="moveListWhilePlaying">Jokaldi-zerrenda partidan zehar</string>
  <string name="pgnPieceNotation">Jokaldien idazketa</string>
  <string name="chessPieceSymbol">Xake piezen ikurra</string>
  <string name="pgnLetter">Hizkiak (E, D, G, A, Z)</string>
  <string name="zenMode" comment="zenMode&#10;&#10;This is not the religious meaning. Turning this option on takes away make elements of the user interface.&#10;&#10;Can also translate as 'Focus mode' as one example.">Zen modua</string>
  <string name="displayBoardResizeHandle">Xake-taularen tamaina aldatzeko aukera erakutsi</string>
  <string name="onlyOnInitialPosition">Hasierako posizioan bakarrik</string>
  <string name="blindfoldChess">Xakea itsu-itsuan (piezak ez dira ikusiko)</string>
  <string name="chessClock">Xake-erlojua</string>
  <string name="tenthsOfSeconds">Segundo-hamarrenak erakutsi</string>
  <string name="whenTimeRemainingLessThanTenSeconds" comment="whenTimeRemainingLessThanTenSeconds&#10;&#10;The &amp;lt; symbol is not required (you can write it as a word), just do NOT use &lt; in its place.&#10;&#10;Technical information: &lt; is a reserved character in HTML, which is why it cannot be used.">Denbora 10 segundotik behera dagoenean</string>
  <string name="horizontalGreenProgressBars">Aurrerabide-barra berdea horizontalki</string>
  <string name="soundWhenTimeGetsCritical">Soinua jo denbora bukatzear dagoenean</string>
  <string name="giveMoreTime">Denbora gehiago eman</string>
  <string name="gameBehavior" comment="gameBehavior&#10;&#10;In the user settings page, &quot;Game behavior&quot; is the title of the tab for configuring how the player can interact with the game.">Partidaren portaera</string>
  <string name="howDoYouMovePieces">Nola mugitzen dituzu piezak?</string>
  <string name="clickTwoSquares">Bi laukitan klik eginda</string>
  <string name="dragPiece">Pieza arrastatuta</string>
  <string name="bothClicksAndDrag">Edozein</string>
  <string name="premovesPlayingDuringOpponentTurn">Aldez aurretik mugitzea (aurkariaren txanda den bitartean mugitu)</string>
  <string name="takebacksWithOpponentApproval">Jokaldia atzera botatzea  (aurkariaren onespenarekin)</string>
  <string name="inCasualGamesOnly">Puntu-aldaketarik gabeko partidetan bakarrik</string>
  <string name="promoteToQueenAutomatically">Dama automatikoki sustatzea</string>
  <string name="whenPremoving">Aldez aurreko jokaldia egiten denean</string>
  <string name="claimDrawOnThreefoldRepetitionAutomatically">Posizioa hirutan errepikatzen denean berdinketa automatikoki eskatu</string>
  <string name="whenTimeRemainingLessThanThirtySeconds">30 segundo baino gutxiago geratzen denean</string>
  <string name="moveConfirmation">Jokaldia baieztatzea</string>
  <string name="inCorrespondenceGames">Posta bidezko partidak</string>
  <string name="correspondenceAndUnlimited">Posta-xakea,  denbora-eperik gabe</string>
  <string name="confirmResignationAndDrawOffers">Etsitze eta berdinketa eskaeren baieztapena eskatu</string>
  <string name="castleByMovingTheKingTwoSquaresOrOntoTheRook">Endrokatzeko modua</string>
  <string name="castleByMovingTwoSquares">Erregea bi lauki mugitu</string>
  <string name="castleByMovingOntoTheRook">Erregea gazteluaren gainera mugitu</string>
  <string name="inputMovesWithTheKeyboard">Jokaldiak teklatuarekin sartu</string>
  <string name="snapArrowsToValidMoves" comment="snapArrowsToValidMoves&#10;&#10;The 'arrows' are for quick annotations you can do on the board, by holding right mouse button. With this setting enabled, it means the arrows will align themselves to places were pieces can move.">Marraztutako geziak legezko jokaldietara mugatu</string>
  <string name="sayGgWpAfterLosingOrDrawing" comment="sayGgWpAfterLosingOrDrawing&#10;&#10;When enabled, this setting will automatically send 'Good game, well played' to your opponent if you are lose or draw the game. It's meant as a courtesy message.&#10;&#10;The message will be sent in ENGLISH.&#10;&#10;It is up to you how to deal with this. For example, you may want to put '(message will be sent in English)' in your translated text as one example. Or you can leave the actual English text and put a brief translation in your own language.">Txateam \"Good game, well played\" esan partida galdu edo berdintzean</string>
  <string name="yourPreferencesHaveBeenSaved">Zure lehentasunak gorde dira</string>
</resources>
