<?xml version="1.0" encoding="utf-8"?>
<resources>
  <string name="preferences">تنظیمات عملکرد</string>
  <string name="gameDisplay">بازی نشان داده شد</string>
  <string name="pieceAnimation">حرکت مهره ها</string>
  <string name="materialDifference">تفاوت مهره ها</string>
  <string name="boardHighlights">نشان دادن اتفاقات صفحه(حرکت قبلی و کیش)</string>
  <string name="pieceDestinations">مقصد مهره(حرکت معتبر و پیش حرکت )</string>
  <string name="boardCoordinates">مختصات صفحه(A-H، 1-8)</string>
  <string name="moveListWhilePlaying">لیست حرکات هنگام بازی کردن</string>
  <string name="pgnPieceNotation">نمایش حرکات</string>
  <string name="chessPieceSymbol">نماد مهره</string>
  <string name="pgnLetter">حرف (K, Q, R, B, N)</string>
  <string name="zenMode" comment="zenMode&#10;&#10;This is not the religious meaning. Turning this option on takes away make elements of the user interface.&#10;&#10;Can also translate as 'Focus mode' as one example.">حالت ذن</string>
  <string name="onlyOnInitialPosition">فقط در آغاز بازی</string>
  <string name="blindfoldChess">شطرنج با چشمان بسته / مهره های نامرئی</string>
  <string name="chessClock">ساعت شطرنج</string>
  <string name="tenthsOfSeconds">دهم ثانیه</string>
  <string name="whenTimeRemainingLessThanTenSeconds" comment="whenTimeRemainingLessThanTenSeconds&#10;&#10;The &amp;lt; symbol is not required (you can write it as a word), just do NOT use &lt; in its place.&#10;&#10;Technical information: &lt; is a reserved character in HTML, which is why it cannot be used.">وقتی زمان باقی مانده کمتر از ده ثانیه می باشد</string>
  <string name="horizontalGreenProgressBars">نمودار زمان سبز رنگ افقی</string>
  <string name="soundWhenTimeGetsCritical">صدا در هنگام زمان بحرانی زده می شود</string>
  <string name="giveMoreTime">افزایش زمان حریف</string>
  <string name="gameBehavior" comment="gameBehavior&#10;&#10;In the user settings page, &quot;Game behavior&quot; is the title of the tab for configuring how the player can interact with the game.">تنظیمات بازی</string>
  <string name="howDoYouMovePieces">تمایل دارید که چگونه مهره ها را حرکت دهید؟</string>
  <string name="clickTwoSquares">انتخاب دو مربع مبدا و مقصد</string>
  <string name="dragPiece">کشیدن یک مهره</string>
  <string name="bothClicksAndDrag">هر دو</string>
  <string name="premovesPlayingDuringOpponentTurn">پیش حرکت (بازی در نوبت حریف)</string>
  <string name="takebacksWithOpponentApproval">پس گرفتن حرکت (با تایید حریف)</string>
  <string name="inCasualGamesOnly">در بازی های غیررسمی</string>
  <string name="promoteToQueenAutomatically">ترفیع کردن به وزیر به صورت خودکار</string>
  <string name="whenPremoving">در زمان پیش حرکت</string>
  <string name="claimDrawOnThreefoldRepetitionAutomatically">ادعای تساوی در تکرار سه گانه به طور خودکار</string>
  <string name="whenTimeRemainingLessThanThirtySeconds">وقتی زمان باقی مانده کمتر از سی ثانیه است</string>
  <string name="moveConfirmation">تایید حرکت</string>
  <string name="inCorrespondenceGames">در حال بازی مکاتبه ای</string>
  <string name="correspondenceAndUnlimited">مکاتبه ای و نامحدود</string>
  <string name="confirmResignationAndDrawOffers">نیاز به تایید دوباره؛ زمانی که تسلیم می شوید یا پیشنهاد تساوی می دهید</string>
  <string name="castleByMovingTheKingTwoSquaresOrOntoTheRook">روش انجام شاه قلعه</string>
  <string name="castleByMovingTwoSquares">به وسیله ی دو خانه حرکت دادن شاه</string>
  <string name="castleByMovingOntoTheRook">به وسیله ی حرکت دادن شاه روی خانه رخ</string>
  <string name="inputMovesWithTheKeyboard">ورود حرکات با استفاده از صفحه کلید</string>
  <string name="yourPreferencesHaveBeenSaved">تغییرات شما ذخیره شده است</string>
</resources>
