<?xml version="1.0" encoding="utf-8"?>
<resources>
  <string name="preferences">Stillingar</string>
  <string name="gameDisplay">Útsjónd á talvi</string>
  <string name="pieceAnimation">Snið á talvfólki</string>
  <string name="materialDifference">Virðismunur</string>
  <string name="boardHighlights">Upplýstir talvpuntar (seinasti leikur og skák)</string>
  <string name="pieceDestinations">Ætlingastaðir (lógligir leikir)</string>
  <string name="boardCoordinates">Talvborðskrosstøl (A-H, 1-8)</string>
  <string name="moveListWhilePlaying">Leikalisti, meðan telvað verður</string>
  <string name="pgnPieceNotation">Teknskipan</string>
  <string name="chessPieceSymbol">Talvfólkaímyndir</string>
  <string name="pgnLetter">Bókstavir (K, Q, R, B, N)</string>
  <string name="zenMode" comment="zenMode&#10;&#10;This is not the religious meaning. Turning this option on takes away make elements of the user interface.&#10;&#10;Can also translate as 'Focus mode' as one example.">Zenstøða</string>
  <string name="displayBoardResizeHandle">Vís tól at vaksa og minka um talvborðið</string>
  <string name="onlyOnInitialPosition">Bert við byrjanarstøðu</string>
  <string name="blindfoldChess">Blindtalv (ósjónlig talvfólk)</string>
  <string name="chessClock">Talvklokka</string>
  <string name="tenthsOfSeconds">Tíggjundapartar av sekundum</string>
  <string name="whenTimeRemainingLessThanTenSeconds" comment="whenTimeRemainingLessThanTenSeconds&#10;&#10;The &amp;lt; symbol is not required (you can write it as a word), just do NOT use &lt; in its place.&#10;&#10;Technical information: &lt; is a reserved character in HTML, which is why it cannot be used.">Tá ið minni enn 10 sekund eru eftir</string>
  <string name="horizontalGreenProgressBars">Vatnrættar grønar framgongulinjur</string>
  <string name="soundWhenTimeGetsCritical">Ljóð, tá ið lítil tíð er eftir</string>
  <string name="giveMoreTime">Gev meira tíð</string>
  <string name="gameBehavior" comment="gameBehavior&#10;&#10;In the user settings page, &quot;Game behavior&quot; is the title of the tab for configuring how the player can interact with the game.">Hvussu telvað verður</string>
  <string name="howDoYouMovePieces">Hvussu flytir tú fólkini?</string>
  <string name="clickTwoSquares">Klikk á tveir puntar</string>
  <string name="dragPiece">Drag talvfólkið</string>
  <string name="bothClicksAndDrag">Bæði</string>
  <string name="premovesPlayingDuringOpponentTurn">Forhandarleikur (at leika, meðan mótparturin eigur leik)</string>
  <string name="takebacksWithOpponentApproval">Afturtøka (við loyvi frá mótleikaranum)</string>
  <string name="inCasualGamesOnly">Bert í talvum, ið ikki ávirka styrkitøl</string>
  <string name="promoteToQueenAutomatically">Umskapa til frúgv sjálvvirkið</string>
  <string name="whenPremoving">Við forhandarleikum</string>
  <string name="claimDrawOnThreefoldRepetitionAutomatically">Krev remis sjálvvirkið aftaná trífalda endurtøku</string>
  <string name="whenTimeRemainingLessThanThirtySeconds">Tá ið minni enn 30 sekund eru eftir</string>
  <string name="moveConfirmation">Vátta leik</string>
  <string name="inCorrespondenceGames">Brævtalv</string>
  <string name="correspondenceAndUnlimited">Brævtalv og óavmarkað</string>
  <string name="confirmResignationAndDrawOffers">Vátta, tá ið tú gevur upp ella býður remis</string>
  <string name="castleByMovingTheKingTwoSquaresOrOntoTheRook">Háttur at leypa í borg</string>
  <string name="castleByMovingTwoSquares">Flyt kongin tveir puntar</string>
  <string name="castleByMovingOntoTheRook">Flyt kongin yvir á rókin</string>
  <string name="inputMovesWithTheKeyboard">Skriva leikirnar við lyklaborðinum</string>
  <string name="snapArrowsToValidMoves" comment="snapArrowsToValidMoves&#10;&#10;The 'arrows' are for quick annotations you can do on the board, by holding right mouse button. With this setting enabled, it means the arrows will align themselves to places were pieces can move.">Vís lógligar leikir við pílum</string>
  <string name="sayGgWpAfterLosingOrDrawing" comment="sayGgWpAfterLosingOrDrawing&#10;&#10;When enabled, this setting will automatically send 'Good game, well played' to your opponent if you are lose or draw the game. It's meant as a courtesy message.&#10;&#10;The message will be sent in ENGLISH.&#10;&#10;It is up to you how to deal with this. For example, you may want to put '(message will be sent in English)' in your translated text as one example. Or you can leave the actual English text and put a brief translation in your own language.">Sig \"Gott talv, væl telvað,\" tá ið tú vinnur ella telvar javnt</string>
  <string name="yourPreferencesHaveBeenSaved">Tínar stillingar eru goymdar.</string>
</resources>
