<?xml version="1.0" encoding="utf-8"?>
<resources>
  <string name="preferences">Préférences</string>
  <string name="gameDisplay">Affichage de la partie</string>
  <string name="pieceAnimation">Animation des pièces</string>
  <string name="materialDifference">Différence de matériel</string>
  <string name="boardHighlights">Mettre en évidence les cases (dernier coup et échec)</string>
  <string name="pieceDestinations">Cases de destination (coups et pré-coups légaux)</string>
  <string name="boardCoordinates">Coordonnées (a-h, 1-8)</string>
  <string name="moveListWhilePlaying">Liste des coups durant la partie</string>
  <string name="pgnPieceNotation">Notation des coups</string>
  <string name="chessPieceSymbol">Figurine de la pièce</string>
  <string name="pgnLetter">Lettre de la pièce (K, Q, R, B, N)</string>
  <string name="zenMode" comment="zenMode&#10;&#10;This is not the religious meaning. Turning this option on takes away make elements of the user interface.&#10;&#10;Can also translate as 'Focus mode' as one example.">Mode Zen</string>
  <string name="displayBoardResizeHandle">Afficher la poignée de redimensionnement de l\'échiquier</string>
  <string name="onlyOnInitialPosition">Seulement dans la position initiale</string>
  <string name="blindfoldChess">Échecs à l\'aveugle (pièces invisibles)</string>
  <string name="chessClock">Pendule</string>
  <string name="tenthsOfSeconds">Dixièmes de seconde</string>
  <string name="whenTimeRemainingLessThanTenSeconds" comment="whenTimeRemainingLessThanTenSeconds&#10;&#10;The &amp;lt; symbol is not required (you can write it as a word), just do NOT use &lt; in its place.&#10;&#10;Technical information: &lt; is a reserved character in HTML, which is why it cannot be used.">Quand il reste moins de 10 secondes</string>
  <string name="horizontalGreenProgressBars">Barres de progression horizontales vertes</string>
  <string name="soundWhenTimeGetsCritical">Alerte quand le temps restant devient critique</string>
  <string name="giveMoreTime">Donner plus de temps</string>
  <string name="gameBehavior" comment="gameBehavior&#10;&#10;In the user settings page, &quot;Game behavior&quot; is the title of the tab for configuring how the player can interact with the game.">Conduite de la partie</string>
  <string name="howDoYouMovePieces">Comment voulez-vous déplacer les pièces ?</string>
  <string name="clickTwoSquares">Clic et clic</string>
  <string name="dragPiece">Faire glisser la pièce</string>
  <string name="bothClicksAndDrag">Les deux</string>
  <string name="premovesPlayingDuringOpponentTurn">Pré-coups</string>
  <string name="takebacksWithOpponentApproval">Annulations de coups (avec accord de l\'adversaire)</string>
  <string name="inCasualGamesOnly">Durant les parties amicales seulement</string>
  <string name="promoteToQueenAutomatically">Promouvoir en dame automatiquement</string>
  <string name="whenPremoving">Lors d\'un pré-coup</string>
  <string name="claimDrawOnThreefoldRepetitionAutomatically">Déclarer la nulle par répétition automatiquement</string>
  <string name="whenTimeRemainingLessThanThirtySeconds">Quand il reste moins de 30 secondes</string>
  <string name="moveConfirmation">Confirmation de coup</string>
  <string name="inCorrespondenceGames">Dans les parties par correspondance</string>
  <string name="correspondenceAndUnlimited">Correspondance et illimité</string>
  <string name="confirmResignationAndDrawOffers">Confirmer l\'abandon et la proposition de nulle</string>
  <string name="castleByMovingTheKingTwoSquaresOrOntoTheRook">Manière de roquer</string>
  <string name="castleByMovingTwoSquares">En déplaçant le Roi de 2 cases</string>
  <string name="castleByMovingOntoTheRook">En déplaçant le Roi sur la Tour</string>
  <string name="inputMovesWithTheKeyboard">Saisir les coups au clavier</string>
  <string name="snapArrowsToValidMoves" comment="snapArrowsToValidMoves&#10;&#10;The 'arrows' are for quick annotations you can do on the board, by holding right mouse button. With this setting enabled, it means the arrows will align themselves to places were pieces can move.">Restreindre les flèches aux coups valides</string>
  <string name="sayGgWpAfterLosingOrDrawing" comment="sayGgWpAfterLosingOrDrawing&#10;&#10;When enabled, this setting will automatically send 'Good game, well played' to your opponent if you are lose or draw the game. It's meant as a courtesy message.&#10;&#10;The message will be sent in ENGLISH.&#10;&#10;It is up to you how to deal with this. For example, you may want to put '(message will be sent in English)' in your translated text as one example. Or you can leave the actual English text and put a brief translation in your own language.">Dire \"Good game, well played\" c.-à.-d. \"Bonne partie, bien joué\", en cas de défaite ou de nulle</string>
  <string name="yourPreferencesHaveBeenSaved">Vos préférences ont été sauvegardées.</string>
</resources>
