<?xml version="1.0" encoding="utf-8"?>
<resources>
  <string name="preferences">Socruithe</string>
  <string name="gameDisplay">Taispeántas cluiche</string>
  <string name="pieceAnimation">Beochan píosa</string>
  <string name="materialDifference">Difríocht ábhartha</string>
  <string name="boardHighlights">Buaicphointí an bhoird (an mbeart deireanach agus an sáinn)</string>
  <string name="pieceDestinations">Cinn scríbe píosaí (bearta dlithiúil agus réamh-bheart)</string>
  <string name="boardCoordinates">Comhordanáidí an chlár fichille (A-H, 1-8)</string>
  <string name="moveListWhilePlaying">Liosta birt agus tú ag imirt</string>
  <string name="pgnPieceNotation">Nodaireacht</string>
  <string name="chessPieceSymbol">Siombail píosa fichille</string>
  <string name="pgnLetter">Litie (K, Q, R, B, N)</string>
  <string name="zenMode" comment="zenMode&#10;&#10;This is not the religious meaning. Turning this option on takes away make elements of the user interface.&#10;&#10;Can also translate as 'Focus mode' as one example.">Modh Zen</string>
  <string name="displayBoardResizeHandle">Taispeáin láimhseáil athrú méide an bhoird</string>
  <string name="onlyOnInitialPosition">Suíomh tosaigh amháin</string>
  <string name="blindfoldChess">Ficheall dall (píosaí dofheicthe)</string>
  <string name="chessClock">Clog fichille</string>
  <string name="tenthsOfSeconds">Deichiú soicind</string>
  <string name="whenTimeRemainingLessThanTenSeconds" comment="whenTimeRemainingLessThanTenSeconds&#10;&#10;The &amp;lt; symbol is not required (you can write it as a word), just do NOT use &lt; in its place.&#10;&#10;Technical information: &lt; is a reserved character in HTML, which is why it cannot be used.">Nuair atá am fágtha &lt; 10 soicind</string>
  <string name="horizontalGreenProgressBars">Barraí cothrománacha glasa ar dhul chun cinn</string>
  <string name="soundWhenTimeGetsCritical">Fuaim nuair atá an t-am criticiúil</string>
  <string name="giveMoreTime">Tabhair am breise</string>
  <string name="gameBehavior" comment="gameBehavior&#10;&#10;In the user settings page, &quot;Game behavior&quot; is the title of the tab for configuring how the player can interact with the game.">Iompar cluiche</string>
  <string name="howDoYouMovePieces">Conas a bhogann tú píosaí?</string>
  <string name="clickTwoSquares">Cliceáil dhá chearnóg</string>
  <string name="dragPiece">Tarraing píosa</string>
  <string name="bothClicksAndDrag">Aon slí</string>
  <string name="premovesPlayingDuringOpponentTurn">Réamh-bheart (ag imirt i lár am comhraic)</string>
  <string name="takebacksWithOpponentApproval">Aistarraing (le ceadú céile comhraic)</string>
  <string name="inCasualGamesOnly">I gcluichí fánach amháin</string>
  <string name="promoteToQueenAutomatically">Ardú go banríon sa ghnáthchúrsa</string>
  <string name="whenPremoving">Réamh-ghluaiseacht</string>
  <string name="claimDrawOnThreefoldRepetitionAutomatically">Máigh cluiche cothrom ar athrshuíomh faoi thrí go huathoibríoch</string>
  <string name="whenTimeRemainingLessThanThirtySeconds">Nuair atá am fágtha &lt; 30 soicind</string>
  <string name="moveConfirmation">Deimhniú beart</string>
  <string name="inCorrespondenceGames">Cluichí comhfhreagrais</string>
  <string name="correspondenceAndUnlimited">Comhfhreagras agus neamhtheoranta</string>
  <string name="confirmResignationAndDrawOffers">Deimhnigh éirí as agus tairiscintí cothroma</string>
  <string name="castleByMovingTheKingTwoSquaresOrOntoTheRook">Modh caisliú</string>
  <string name="castleByMovingTwoSquares">Bog an rí dhá chearnóg</string>
  <string name="castleByMovingOntoTheRook">Bog rí ar caiseal</string>
  <string name="inputMovesWithTheKeyboard">Bogann ionchur leis an méarchlár</string>
  <string name="snapArrowsToValidMoves" comment="snapArrowsToValidMoves&#10;&#10;The 'arrows' are for quick annotations you can do on the board, by holding right mouse button. With this setting enabled, it means the arrows will align themselves to places were pieces can move.">Snap saigheada chuig bearta dlithiúil</string>
  <string name="sayGgWpAfterLosingOrDrawing" comment="sayGgWpAfterLosingOrDrawing&#10;&#10;When enabled, this setting will automatically send 'Good game, well played' to your opponent if you are lose or draw the game. It's meant as a courtesy message.&#10;&#10;The message will be sent in ENGLISH.&#10;&#10;It is up to you how to deal with this. For example, you may want to put '(message will be sent in English)' in your translated text as one example. Or you can leave the actual English text and put a brief translation in your own language.">Abair \"Cluiche maith, Grma\" ar aon cluiche cailte nó cothroma</string>
  <string name="yourPreferencesHaveBeenSaved">Sábháladh do chuid sainroghanna.</string>
</resources>
