<?xml version="1.0" encoding="utf-8"?>
<resources>
  <string name="preferences">Roghainnean</string>
  <string name="gameDisplay">Dealbhachd na geama</string>
  <string name="pieceAnimation">Gluasachd nam pìosan</string>
  <string name="materialDifference">Eadar-dhealachadh de stuth</string>
  <string name="boardHighlights">Soillseachadh am bòrd (an gluasachd mu dheireadh agus caisg)</string>
  <string name="pieceDestinations">Ceann-uidhe nam pìosan (gluasachdan dligheach agus ro-ghluasachdan)</string>
  <string name="boardCoordinates">Co-chomharran na  bùird (A-H, 1-8)</string>
  <string name="moveListWhilePlaying">Liosta na gluasachdan fhad \'s a tha thu a\' cluich</string>
  <string name="chessClock">Uaireadair tàileisg</string>
  <string name="tenthsOfSeconds">Deicheamhan de dhiogan</string>
  <string name="whenTimeRemainingLessThanTenSeconds" comment="whenTimeRemainingLessThanTenSeconds&#10;&#10;The &amp;lt; symbol is not required (you can write it as a word), just do NOT use &lt; in its place.&#10;&#10;Technical information: &lt; is a reserved character in HTML, which is why it cannot be used.">Nuair a bhios &lt; 10 diogan a thìde air fhàgail</string>
  <string name="horizontalGreenProgressBars">Bàraichean adhartais air a\' chòmhnard</string>
  <string name="soundWhenTimeGetsCritical">Seirm nuair a tha an ùine gu bhith falbh orm</string>
  <string name="promoteToQueenAutomatically">Àrdaich gu bànrigh gu fèin-obrachail</string>
  <string name="whenTimeRemainingLessThanThirtySeconds">Nuair a bhios &lt; 30 diog a thìde air fhàgail</string>
  <string name="moveConfirmation">Dearbhadh a\' ghluasaid</string>
  <string name="inCorrespondenceGames">Geamannan co-sgrìobhaidh</string>
  <string name="yourPreferencesHaveBeenSaved">Chaidh na roghainnean agad a shàbhaladh.</string>
</resources>
