<?xml version="1.0" encoding="utf-8"?>
<resources>
  <string name="preferences">Preferencias</string>
  <string name="gameDisplay">Aparencia do taboleiro</string>
  <string name="pieceAnimation">Animación de pezas</string>
  <string name="materialDifference">Diferenza de material</string>
  <string name="boardHighlights">Resaltar no taboleiro (última xogada e xaque)</string>
  <string name="pieceDestinations">Destino das pezas (xogadas válidas e premovementos)</string>
  <string name="boardCoordinates">Coordenadas do taboleiro (A-H, 1-8)</string>
  <string name="moveListWhilePlaying">Lista de xogadas mentres xogas</string>
  <string name="pgnPieceNotation">Notación das xogadas</string>
  <string name="chessPieceSymbol">Símbolo da peza de xadrez</string>
  <string name="pgnLetter">Inicial (en inglés) da peza (K, Q, R, B, N)</string>
  <string name="zenMode" comment="zenMode&#10;&#10;This is not the religious meaning. Turning this option on takes away make elements of the user interface.&#10;&#10;Can also translate as 'Focus mode' as one example.">Modo zen</string>
  <string name="displayBoardResizeHandle">Mostrar o control de redimensionamento do taboleiro</string>
  <string name="onlyOnInitialPosition">Só na posición inicial</string>
  <string name="blindfoldChess">Xadrez a cegas (pezas invisibles)</string>
  <string name="chessClock">Reloxo de xadrez</string>
  <string name="tenthsOfSeconds">Décimas de segundo</string>
  <string name="whenTimeRemainingLessThanTenSeconds" comment="whenTimeRemainingLessThanTenSeconds&#10;&#10;The &amp;lt; symbol is not required (you can write it as a word), just do NOT use &lt; in its place.&#10;&#10;Technical information: &lt; is a reserved character in HTML, which is why it cannot be used.">Cando o tempo restante &lt; 10 segundos</string>
  <string name="horizontalGreenProgressBars">Barras horizontais de progreso verdes</string>
  <string name="soundWhenTimeGetsCritical">Aviso cando se esgota o tempo</string>
  <string name="giveMoreTime">Dar máis tempo</string>
  <string name="gameBehavior" comment="gameBehavior&#10;&#10;In the user settings page, &quot;Game behavior&quot; is the title of the tab for configuring how the player can interact with the game.">Comportamento do xogo</string>
  <string name="howDoYouMovePieces">Como moves as pezas?</string>
  <string name="clickTwoSquares">Pinchando na casilla de orixe e despois na de destino</string>
  <string name="dragPiece">Arrastrando a peza</string>
  <string name="bothClicksAndDrag">Ambas</string>
  <string name="premovesPlayingDuringOpponentTurn">Premovementos (xogar durante o tempo do teu rival)</string>
  <string name="takebacksWithOpponentApproval">Rectificar xogadas (co permiso do rival)</string>
  <string name="inCasualGamesOnly">Só en partidas amigables</string>
  <string name="promoteToQueenAutomatically">Coroar Dama automaticamente</string>
  <string name="whenPremoving">Con premovemento</string>
  <string name="claimDrawOnThreefoldRepetitionAutomatically">Automaticamente reclamar táboas por triple repetición</string>
  <string name="whenTimeRemainingLessThanThirtySeconds">Cando o tempo restante &lt;30 segundos</string>
  <string name="moveConfirmation">Confirmación do movemento</string>
  <string name="inCorrespondenceGames">Partidas por correspondencia</string>
  <string name="correspondenceAndUnlimited">Correspondencia e ilimitado</string>
  <string name="confirmResignationAndDrawOffers">Confirmar abandono e ofertas de táboas</string>
  <string name="castleByMovingTheKingTwoSquaresOrOntoTheRook">Método de enroque</string>
  <string name="castleByMovingTwoSquares">Movendo o rei dúas casillas</string>
  <string name="castleByMovingOntoTheRook">Movendo rei ata a torre</string>
  <string name="inputMovesWithTheKeyboard">Introducción de movementos co teclado</string>
  <string name="snapArrowsToValidMoves" comment="snapArrowsToValidMoves&#10;&#10;The 'arrows' are for quick annotations you can do on the board, by holding right mouse button. With this setting enabled, it means the arrows will align themselves to places were pieces can move.">Adherir frechas a movementos válidos</string>
  <string name="sayGgWpAfterLosingOrDrawing" comment="sayGgWpAfterLosingOrDrawing&#10;&#10;When enabled, this setting will automatically send 'Good game, well played' to your opponent if you are lose or draw the game. It's meant as a courtesy message.&#10;&#10;The message will be sent in ENGLISH.&#10;&#10;It is up to you how to deal with this. For example, you may want to put '(message will be sent in English)' in your translated text as one example. Or you can leave the actual English text and put a brief translation in your own language.">Dicir \"Good game, well played\" (Boa partida, ben xogada) ao perder ou empatar</string>
  <string name="yourPreferencesHaveBeenSaved">As túas preferencias foron gardadas.</string>
</resources>
