<?xml version="1.0" encoding="utf-8"?>
<resources>
  <string name="preferences">עדיפויות</string>
  <string name="gameDisplay">תצוגת המשחק</string>
  <string name="pieceAnimation">אנימציית הכלים</string>
  <string name="materialDifference">הבדל בחומר</string>
  <string name="boardHighlights">הדגשת המשבצות בלוח: המהלך האחרון ושח</string>
  <string name="pieceDestinations">יעדי הכלים: מהלכים וקדם-מהלכים מותרים</string>
  <string name="boardCoordinates">קואורדינטות לוח (A-H, 1-8)</string>
  <string name="moveListWhilePlaying">רשימת מהלכים במהלך המשחק</string>
  <string name="pgnPieceNotation">תיאור המהלכים</string>
  <string name="chessPieceSymbol">סימן הכלי</string>
  <string name="pgnLetter">אות ( K, Q, R, B, N)</string>
  <string name="zenMode" comment="zenMode&#10;&#10;This is not the religious meaning. Turning this option on takes away make elements of the user interface.&#10;&#10;Can also translate as 'Focus mode' as one example.">מצב זן</string>
  <string name="displayBoardResizeHandle">הצג סמן להגדלת הלוח</string>
  <string name="onlyOnInitialPosition">רק במצב ההתחלתי</string>
  <string name="blindfoldChess">לשחק עם עיניים מכוסות: הכלים אינם נראים</string>
  <string name="chessClock">שעון השחמט</string>
  <string name="tenthsOfSeconds">עשיריות שניה</string>
  <string name="whenTimeRemainingLessThanTenSeconds" comment="whenTimeRemainingLessThanTenSeconds&#10;&#10;The &amp;lt; symbol is not required (you can write it as a word), just do NOT use &lt; in its place.&#10;&#10;Technical information: &lt; is a reserved character in HTML, which is why it cannot be used.">כאשר הזמן נותר קטן מעשר שניות</string>
  <string name="horizontalGreenProgressBars">מדי התקדמות ירוקים אופקיים</string>
  <string name="soundWhenTimeGetsCritical">השמע צליל כאשר הזמן נהיה קריטי</string>
  <string name="giveMoreTime">תן עוד זמן</string>
  <string name="gameBehavior" comment="gameBehavior&#10;&#10;In the user settings page, &quot;Game behavior&quot; is the title of the tab for configuring how the player can interact with the game.">התנהגות המשחק</string>
  <string name="howDoYouMovePieces">איך מזיזים את הכלים?</string>
  <string name="clickTwoSquares">לחץ על שני ריבועים</string>
  <string name="dragPiece">הזז את הכלי</string>
  <string name="bothClicksAndDrag">שניהם</string>
  <string name="premovesPlayingDuringOpponentTurn">קדם-מהלכים: ביצוע מהלכים במהלך תורו של היריב</string>
  <string name="takebacksWithOpponentApproval">החזרת המהלך האחרון: מותנה בהסכמת היריב</string>
  <string name="inCasualGamesOnly">במשחקים ללא דירוג בלבד</string>
  <string name="promoteToQueenAutomatically">הפוך למלכה באופן אוטומטי</string>
  <string name="whenPremoving">כאשר מבצעים קדם-מהלך</string>
  <string name="claimDrawOnThreefoldRepetitionAutomatically">הכרז על תיקו בחזרה משולשת באופן אוטומטי</string>
  <string name="whenTimeRemainingLessThanThirtySeconds">כשהזמן הנותר &lt; 30 שניות</string>
  <string name="moveConfirmation">אישור מהלך</string>
  <string name="inCorrespondenceGames">במשחקים בהתכתבות</string>
  <string name="correspondenceAndUnlimited">התכתבות וללא הגבלה</string>
  <string name="confirmResignationAndDrawOffers">אשר הצעות כניעה ותיקו</string>
  <string name="castleByMovingTheKingTwoSquaresOrOntoTheRook">שיטת הצרחה</string>
  <string name="castleByMovingTwoSquares">הזז את המלך שני משבצות</string>
  <string name="castleByMovingOntoTheRook">הזז את המלך על הצריח</string>
  <string name="inputMovesWithTheKeyboard">קלוט מהלכים באמצעות המקלדת</string>
  <string name="yourPreferencesHaveBeenSaved">העדפותיך נשמרו</string>
</resources>
