<?xml version="1.0" encoding="utf-8"?>
<resources>
  <string name="preferences">Testreszabás</string>
  <string name="gameDisplay">Játék megjelenítése</string>
  <string name="pieceAnimation">Bábuk animációja</string>
  <string name="materialDifference">Bábuk közötti különbség</string>
  <string name="boardHighlights">Kiemelés a táblán (utolsó lépés és sakk)</string>
  <string name="pieceDestinations">A figurák érkezési mezői (érvényes lépések és előre bevitt lépések)</string>
  <string name="boardCoordinates">Tábla koordináták (A-H, 1-8)</string>
  <string name="moveListWhilePlaying">Lépéslista játék közben</string>
  <string name="pgnPieceNotation">Lépés jelölése</string>
  <string name="chessPieceSymbol">Sakkbábu ikonja</string>
  <string name="pgnLetter">Betű (K, Q, R, B, N)</string>
  <string name="zenMode" comment="zenMode&#10;&#10;This is not the religious meaning. Turning this option on takes away make elements of the user interface.&#10;&#10;Can also translate as 'Focus mode' as one example.">Zen mód</string>
  <string name="displayBoardResizeHandle">Átméretező sarok mutatása</string>
  <string name="onlyOnInitialPosition">Csak kezdőállásnál</string>
  <string name="blindfoldChess">Vakjátszma (láthatatlan bábuk)</string>
  <string name="chessClock">Sakkóra</string>
  <string name="tenthsOfSeconds">Tizedmásodpercek</string>
  <string name="whenTimeRemainingLessThanTenSeconds" comment="whenTimeRemainingLessThanTenSeconds&#10;&#10;The &amp;lt; symbol is not required (you can write it as a word), just do NOT use &lt; in its place.&#10;&#10;Technical information: &lt; is a reserved character in HTML, which is why it cannot be used.">Amikor a hátralévő idő &lt; 10 másodperc</string>
  <string name="horizontalGreenProgressBars">Vízszintes zöld folyamatjelző</string>
  <string name="soundWhenTimeGetsCritical">Figyelmeztető hang, ha nagyon kevés idő maradt</string>
  <string name="giveMoreTime">Több idő adása</string>
  <string name="gameBehavior" comment="gameBehavior&#10;&#10;In the user settings page, &quot;Game behavior&quot; is the title of the tab for configuring how the player can interact with the game.">Játék működése</string>
  <string name="howDoYouMovePieces">Hogyan mozgatod a bábukat?</string>
  <string name="clickTwoSquares">Kattintással</string>
  <string name="dragPiece">Egérhúzással</string>
  <string name="bothClicksAndDrag">Mindkettő</string>
  <string name="premovesPlayingDuringOpponentTurn">Előre megadott lépések (amíg az ellenfél van soron)</string>
  <string name="takebacksWithOpponentApproval">Visszalépés (az ellenfél beleegyezésével)</string>
  <string name="inCasualGamesOnly">Csak rangosorolás nélküli játékok esetén</string>
  <string name="promoteToQueenAutomatically">Gyalog automatikus előléptetése vezérré</string>
  <string name="whenPremoving">Előre meghatározott lépés esetén</string>
  <string name="claimDrawOnThreefoldRepetitionAutomatically">Háromszori ismétlés esetén automatikus döntetlen igénylése</string>
  <string name="whenTimeRemainingLessThanThirtySeconds">Ha a hátralévő idő &lt; 30 másodperc</string>
  <string name="moveConfirmation">Lépés jóváhagyatása</string>
  <string name="inCorrespondenceGames">Levelező mérkőzés</string>
  <string name="correspondenceAndUnlimited">Távjáték és korlátlan</string>
  <string name="confirmResignationAndDrawOffers">Feladás és döntetlen kérelem megerősítése</string>
  <string name="castleByMovingTheKingTwoSquaresOrOntoTheRook">Sáncolás módszere</string>
  <string name="castleByMovingTwoSquares">Király mozog két mezőt</string>
  <string name="castleByMovingOntoTheRook">Király mozog a bástyára</string>
  <string name="inputMovesWithTheKeyboard">Lépések bevitele a billentyűzettel</string>
  <string name="snapArrowsToValidMoves" comment="snapArrowsToValidMoves&#10;&#10;The 'arrows' are for quick annotations you can do on the board, by holding right mouse button. With this setting enabled, it means the arrows will align themselves to places were pieces can move.">Nyilak illesztése a szabályos lépésekhez</string>
  <string name="sayGgWpAfterLosingOrDrawing" comment="sayGgWpAfterLosingOrDrawing&#10;&#10;When enabled, this setting will automatically send 'Good game, well played' to your opponent if you are lose or draw the game. It's meant as a courtesy message.&#10;&#10;The message will be sent in ENGLISH.&#10;&#10;It is up to you how to deal with this. For example, you may want to put '(message will be sent in English)' in your translated text as one example. Or you can leave the actual English text and put a brief translation in your own language.">\"Good game, well played\" üzenet küldése döntetlen vagy vereség esetén</string>
  <string name="yourPreferencesHaveBeenSaved">Beállítások elmentve.</string>
</resources>
