<?xml version="1.0" encoding="utf-8"?>
<resources>
  <string name="preferences">Preferentias</string>
  <string name="gameDisplay">Presentation de joco</string>
  <string name="pieceAnimation">Animation de pecias</string>
  <string name="materialDifference">Differentia material</string>
  <string name="boardHighlights">Marcar le ultime movimento e chaco sur le tabuliero</string>
  <string name="pieceDestinations">Monstrar tote le movimentos/preselectiones valide de cata pecia</string>
  <string name="boardCoordinates">Coordinatas sur tabuliero (A-H, 1-8)</string>
  <string name="moveListWhilePlaying">Lista de movimentos durante le joco</string>
  <string name="pgnPieceNotation">Notation de movimentos</string>
  <string name="chessPieceSymbol">Symbolo del pecia de chacos</string>
  <string name="pgnLetter">Littera (K, Q, R, B, N)</string>
  <string name="zenMode" comment="zenMode&#10;&#10;This is not the religious meaning. Turning this option on takes away make elements of the user interface.&#10;&#10;Can also translate as 'Focus mode' as one example.">Modo Zen</string>
  <string name="displayBoardResizeHandle">Monstrar le flechas pro redimensionar le tabula</string>
  <string name="onlyOnInitialPosition">Solmente in position initial</string>
  <string name="blindfoldChess">Chacos al oculos bandate (pecias invisibile)</string>
  <string name="chessClock">Horologio de chacos</string>
  <string name="tenthsOfSeconds">Decimos de secundas</string>
  <string name="whenTimeRemainingLessThanTenSeconds" comment="whenTimeRemainingLessThanTenSeconds&#10;&#10;The &amp;lt; symbol is not required (you can write it as a word), just do NOT use &lt; in its place.&#10;&#10;Technical information: &lt; is a reserved character in HTML, which is why it cannot be used.">Quando le tempore remanente es minus de dece secundas</string>
  <string name="horizontalGreenProgressBars">Barras de progresso verde horizontal</string>
  <string name="soundWhenTimeGetsCritical">Sono quando le tempore es critic</string>
  <string name="giveMoreTime">Offerer plus tempore</string>
  <string name="gameBehavior" comment="gameBehavior&#10;&#10;In the user settings page, &quot;Game behavior&quot; is the title of the tab for configuring how the player can interact with the game.">Comportamento del joco</string>
  <string name="howDoYouMovePieces">Como tu vole mover le pecias?</string>
  <string name="clickTwoSquares">Cliccar sur duo placias</string>
  <string name="dragPiece">Traher e deponer le pecia</string>
  <string name="bothClicksAndDrag">Ambe manieras</string>
  <string name="premovesPlayingDuringOpponentTurn">Preselection (jocar durante le torno del adversario)</string>
  <string name="takebacksWithOpponentApproval">Retorno del ultime movimento (con approbation del adversario)</string>
  <string name="inCasualGamesOnly">Solmente in jocos amical</string>
  <string name="promoteToQueenAutomatically">Promover a Dama automaticamente</string>
  <string name="whenPremoving">Quando preselectionante</string>
  <string name="claimDrawOnThreefoldRepetitionAutomatically">Declarar automaticamente le partita como nulle post un repetition triple</string>
  <string name="whenTimeRemainingLessThanThirtySeconds">Quando le tempore remanente es minus de trenta secundas</string>
  <string name="moveConfirmation">Confirmation de movimento</string>
  <string name="inCorrespondenceGames">Jocos per correspondentia</string>
  <string name="correspondenceAndUnlimited">Per correspondentia e illimitate</string>
  <string name="confirmResignationAndDrawOffers">Confirmar resignationes e offertas de partita nulle</string>
  <string name="castleByMovingTheKingTwoSquaresOrOntoTheRook">Methodo pro roccar</string>
  <string name="castleByMovingTwoSquares">Mover le rege duo quadratos</string>
  <string name="castleByMovingOntoTheRook">Mover le rege a super le turre</string>
  <string name="inputMovesWithTheKeyboard">Entrata de movimentos con le claviero</string>
  <string name="snapArrowsToValidMoves" comment="snapArrowsToValidMoves&#10;&#10;The 'arrows' are for quick annotations you can do on the board, by holding right mouse button. With this setting enabled, it means the arrows will align themselves to places were pieces can move.">Restringer le sagittas al movimentos valide</string>
  <string name="sayGgWpAfterLosingOrDrawing" comment="sayGgWpAfterLosingOrDrawing&#10;&#10;When enabled, this setting will automatically send 'Good game, well played' to your opponent if you are lose or draw the game. It's meant as a courtesy message.&#10;&#10;The message will be sent in ENGLISH.&#10;&#10;It is up to you how to deal with this. For example, you may want to put '(message will be sent in English)' in your translated text as one example. Or you can leave the actual English text and put a brief translation in your own language.">Dicer \"Good game, well played\" (Bon partita, ben jocate) post defaite o partita nulle</string>
  <string name="yourPreferencesHaveBeenSaved">Tu preferentias ha essite salveguardate.</string>
</resources>
