<?xml version="1.0" encoding="utf-8"?>
<resources>
  <string name="preferences">Stillingar</string>
  <string name="gameDisplay">Stillingar leiks</string>
  <string name="pieceAnimation">Hreyfing taflmanna</string>
  <string name="materialDifference">Liðsmunur</string>
  <string name="boardHighlights">Upplýsa borð (á síðasta leik og skák)</string>
  <string name="pieceDestinations">Áningarstaðir (leyfilegir leikir)</string>
  <string name="boardCoordinates">Borðahnit (A-H, 1-8)</string>
  <string name="moveListWhilePlaying">Leikjalisti meðan skák er í gangi</string>
  <string name="pgnPieceNotation">Tákn fyrir leiki</string>
  <string name="chessPieceSymbol">Taflmannatákn</string>
  <string name="pgnLetter">Bókstafir (K, Q, R, B, N)</string>
  <string name="zenMode" comment="zenMode&#10;&#10;This is not the religious meaning. Turning this option on takes away make elements of the user interface.&#10;&#10;Can also translate as 'Focus mode' as one example.">Lágmarka truflanir í leik</string>
  <string name="displayBoardResizeHandle">Sýna tól til að stækka og minnka borðið</string>
  <string name="onlyOnInitialPosition">Einungis í upphafsstöðu</string>
  <string name="blindfoldChess">Blindskák (ósýnilegir taflmenn)</string>
  <string name="chessClock">Skákklukka</string>
  <string name="tenthsOfSeconds">Sekúndutíundir</string>
  <string name="whenTimeRemainingLessThanTenSeconds" comment="whenTimeRemainingLessThanTenSeconds&#10;&#10;The &amp;lt; symbol is not required (you can write it as a word), just do NOT use &lt; in its place.&#10;&#10;Technical information: &lt; is a reserved character in HTML, which is why it cannot be used.">Þegar tími eftir er &lt; 10 sekúndum</string>
  <string name="horizontalGreenProgressBars">Lárétt framvindustika</string>
  <string name="soundWhenTimeGetsCritical">Hljóð þegar lítill tími er eftir</string>
  <string name="giveMoreTime">Gefa meiri tíma</string>
  <string name="gameBehavior" comment="gameBehavior&#10;&#10;In the user settings page, &quot;Game behavior&quot; is the title of the tab for configuring how the player can interact with the game.">Framkoma við skákborðið</string>
  <string name="howDoYouMovePieces">Hvernig hreyfirðu menn?</string>
  <string name="clickTwoSquares">Veldu tvo reiti</string>
  <string name="dragPiece">Dragðu taflmann</string>
  <string name="bothClicksAndDrag">Annað hvort</string>
  <string name="premovesPlayingDuringOpponentTurn">Fyrirframleikir (leiknir meðan anstæðingur á leik)</string>
  <string name="takebacksWithOpponentApproval">Leikir teknir upp (með leyfi mótherja)</string>
  <string name="inCasualGamesOnly">Einungis í stigalausum leikjum</string>
  <string name="promoteToQueenAutomatically">Vekja upp drottningu sjálfvirkt</string>
  <string name="whenPremoving">Við fyrirframleik</string>
  <string name="claimDrawOnThreefoldRepetitionAutomatically">Krefjast sjálfkrafa jafnteflis þegar þrír leikir hafa verið endurteknir</string>
  <string name="whenTimeRemainingLessThanThirtySeconds">Þegar tími eftir er undir 30 sekúndum</string>
  <string name="moveConfirmation">Staðfesta leik</string>
  <string name="inCorrespondenceGames">Bréfaskákleikir</string>
  <string name="correspondenceAndUnlimited">Bréfaskipti og ótakmarkað</string>
  <string name="confirmResignationAndDrawOffers">Staðfesta uppgjöf og boð um jafntefli</string>
  <string name="castleByMovingTheKingTwoSquaresOrOntoTheRook">Hrókunaraðferð</string>
  <string name="castleByMovingTwoSquares">Færa kóng um tvo reiti</string>
  <string name="castleByMovingOntoTheRook">Færa kóng á hrókinn</string>
  <string name="inputMovesWithTheKeyboard">Leika með lyklaborðinu</string>
  <string name="sayGgWpAfterLosingOrDrawing" comment="sayGgWpAfterLosingOrDrawing&#10;&#10;When enabled, this setting will automatically send 'Good game, well played' to your opponent if you are lose or draw the game. It's meant as a courtesy message.&#10;&#10;The message will be sent in ENGLISH.&#10;&#10;It is up to you how to deal with this. For example, you may want to put '(message will be sent in English)' in your translated text as one example. Or you can leave the actual English text and put a brief translation in your own language.">Segja \"Good game, well played\" sjálfkrafa eftir tapi eða jafntefli</string>
  <string name="yourPreferencesHaveBeenSaved">Stillingar þínar voru vistaðar</string>
</resources>
