<?xml version="1.0" encoding="utf-8"?>
<resources>
  <string name="preferences">პრეფერენსები</string>
  <string name="gameDisplay">თამაშის გამოსახულება</string>
  <string name="pieceAnimation">ფიგურის ანიმაცია</string>
  <string name="materialDifference">ფიგურათა სხვაობა</string>
  <string name="boardHighlights">აღმნიშვნელები დაფაზე (უკანასკნელი სვლა და ქიში)</string>
  <string name="pieceDestinations">ფიგურათა დასაშვები სვლები</string>
  <string name="boardCoordinates">დაფის კოორდინატები</string>
  <string name="moveListWhilePlaying">სვლათა სია</string>
  <string name="chessPieceSymbol">ფიგურის სიმბოლო</string>
  <string name="pgnLetter">ასო-ბგერა (K, Q, R, B, N)</string>
  <string name="blindfoldChess">ბრმად თამაში (უხილავი ფიგურები)</string>
  <string name="chessClock">საათი</string>
  <string name="tenthsOfSeconds">წამის მეათედები</string>
  <string name="whenTimeRemainingLessThanTenSeconds" comment="whenTimeRemainingLessThanTenSeconds&#10;&#10;The &amp;lt; symbol is not required (you can write it as a word), just do NOT use &lt; in its place.&#10;&#10;Technical information: &lt; is a reserved character in HTML, which is why it cannot be used.">როდესაც დარჩენილი დრო ნაკლებია 10 წამზე</string>
  <string name="horizontalGreenProgressBars">პროგრესის ჰორიზონტალური მწვანე ინდიკატორი</string>
  <string name="soundWhenTimeGetsCritical">ცაიტნოტის ხმოვანი ინდიკატორი</string>
  <string name="giveMoreTime">მომეცი მეტი დრო</string>
  <string name="howDoYouMovePieces">როგორ გსურს ამოძრაო ფიგურები?</string>
  <string name="clickTwoSquares">დააჭირეთ ორ უჯრას</string>
  <string name="dragPiece">გადააადგილე ფიგურა</string>
  <string name="bothClicksAndDrag">ორივე</string>
  <string name="premovesPlayingDuringOpponentTurn">წინასწარი სვლები (თამაში მოწინაამდეგის სვლისას)</string>
  <string name="takebacksWithOpponentApproval">სვლის დაბრუნება (მოწინააღმდეგის თანხმობით)</string>
  <string name="inCasualGamesOnly">მხოლოდ არასარეიტინგო თამაშებისთვის</string>
  <string name="promoteToQueenAutomatically">დედოფლის გაყვანა ავტომატურად</string>
  <string name="whenPremoving">წინასწარი სვლისას</string>
  <string name="claimDrawOnThreefoldRepetitionAutomatically">ავტომატურად მოიპოვეთ ყაიმი სვლის სამჯერ გამეორებაზე</string>
  <string name="whenTimeRemainingLessThanThirtySeconds">როდესაც დარჩენილი დრო 30 წამზე ნაკლებია</string>
  <string name="moveConfirmation">სვლის დადასტურება</string>
  <string name="inCorrespondenceGames">საკორესპონდენტო თამაშები</string>
  <string name="castleByMovingTheKingTwoSquaresOrOntoTheRook">როქის მეთოდი</string>
  <string name="castleByMovingTwoSquares">მეფის ორი უჯრით გადაადგილება</string>
  <string name="castleByMovingOntoTheRook">მეფის ეტლზე მიტანა</string>
  <string name="yourPreferencesHaveBeenSaved">თქვენი პარამეტრები დამახსოვრებულია.</string>
</resources>
