<?xml version="1.0" encoding="utf-8"?>
<resources>
  <string name="preferences">Tercîh</string>
  <string name="gameDisplay">Xuyanga lîstikê</string>
  <string name="pieceAnimation">Anîmasyona kabikan</string>
  <string name="materialDifference">Cudahiya kabikan</string>
  <string name="boardHighlights">Nîşankirinên texteyê (hemleya dawîn û kişkirin)</string>
  <string name="pieceDestinations">Hedefên kabikan (hemleyên derbasdar û pêşhereket)</string>
  <string name="boardCoordinates">Koordînatên texteyê (A-H, 1-8)</string>
  <string name="moveListWhilePlaying">Lîsteyê hereketên gava lîstinê</string>
  <string name="pgnPieceNotation">Notasyona hereketê</string>
  <string name="chessPieceSymbol">Sembola kabikên kişikê</string>
  <string name="pgnLetter">Herf (K, Q, R, B, N)</string>
  <string name="zenMode" comment="zenMode&#10;&#10;This is not the religious meaning. Turning this option on takes away make elements of the user interface.&#10;&#10;Can also translate as 'Focus mode' as one example.">Moda Zenê (tenê texte û saet tê xuyan)</string>
  <string name="displayBoardResizeHandle">Destika mîhenkirina mezinahiya texteyê nîşan bide</string>
  <string name="onlyOnInitialPosition">Tenê ser pozîyona pêşî</string>
  <string name="blindfoldChess">Kişika çavmiçkirî (kabikên nexuyabar)</string>
  <string name="chessClock">Demjimêra kişikê</string>
  <string name="tenthsOfSeconds">Ji deha yekê saniyeyan</string>
  <string name="whenTimeRemainingLessThanTenSeconds" comment="whenTimeRemainingLessThanTenSeconds&#10;&#10;The &amp;lt; symbol is not required (you can write it as a word), just do NOT use &lt; in its place.&#10;&#10;Technical information: &lt; is a reserved character in HTML, which is why it cannot be used.">Gava wext kêmtirî 10 saniyeyan be</string>
  <string name="horizontalGreenProgressBars">Benda pêşveçûna kesk ya asoyî</string>
  <string name="soundWhenTimeGetsCritical">Hişyariya dengî gava ku dem kêm bû</string>
  <string name="giveMoreTime">Zêdetir wext bide</string>
  <string name="gameBehavior" comment="gameBehavior&#10;&#10;In the user settings page, &quot;Game behavior&quot; is the title of the tab for configuring how the player can interact with the game.">Rewşa lîstikê</string>
  <string name="howDoYouMovePieces">Kabikan dixwazî çawa bidî hereketkirin?</string>
  <string name="clickTwoSquares">Bi tikandina du çarçikan</string>
  <string name="dragPiece">Bi kaşkirina kabikekê</string>
  <string name="bothClicksAndDrag">Her du jî</string>
  <string name="premovesPlayingDuringOpponentTurn">Pêşhemle (lîstina gava dora dijberê)</string>
  <string name="takebacksWithOpponentApproval">Paşve kişandin (bi destûra dijberê)</string>
  <string name="inCasualGamesOnly">Tenê li lîstikên bêpoînt</string>
  <string name="promoteToQueenAutomatically">Bi otomatîkî bike Wezîr</string>
  <string name="whenPremoving">Gava pêş-hemleyê</string>
  <string name="claimDrawOnThreefoldRepetitionAutomatically">Di tekrara sêgavî debi otomatîkî wekheviyê teklîf bike</string>
  <string name="whenTimeRemainingLessThanThirtySeconds">Gava wext &lt; 30 saniye mabe</string>
  <string name="moveConfirmation">Tesdîqkirina hemleyê</string>
  <string name="inCorrespondenceGames">Lîstikên bi muxabere</string>
  <string name="correspondenceAndUnlimited">Bipêwendî û bêsînor</string>
  <string name="confirmResignationAndDrawOffers">Vekişînê û teklîfa wekheviyê qebûl bike</string>
  <string name="castleByMovingTheKingTwoSquaresOrOntoTheRook">Mêtoda rokkirinê</string>
  <string name="castleByMovingTwoSquares">Şahê du çarçik bide hereketkirin</string>
  <string name="castleByMovingOntoTheRook">Şahê bi ser kelehê de kaş bike</string>
  <string name="inputMovesWithTheKeyboard">Hemlekirina bi textenivîsê aktîv bike</string>
  <string name="yourPreferencesHaveBeenSaved">Tercîhên te hate qeydkirin.</string>
</resources>
