<?xml version="1.0" encoding="utf-8"?>
<resources>
  <string name="preferences">Praepositiones</string>
  <string name="gameDisplay">Ludus cosmeticus</string>
  <string name="pieceAnimation">Scacci motabiles</string>
  <string name="materialDifference">Discrimen materiei</string>
  <string name="boardHighlights">Designanda in tabula (motus ultimus et matus)</string>
  <string name="pieceDestinations">Destinationes scaccorum (motus et praemotus rati)</string>
  <string name="boardCoordinates">Coordinatae tabulae (A-H, 1-8)</string>
  <string name="moveListWhilePlaying">Index motuum</string>
  <string name="chessPieceSymbol">Signum scaccarii</string>
  <string name="pgnLetter">Ars (K, Q, R, B, N)</string>
  <string name="zenMode" comment="zenMode&#10;&#10;This is not the religious meaning. Turning this option on takes away make elements of the user interface.&#10;&#10;Can also translate as 'Focus mode' as one example.">Modus Zenonis</string>
  <string name="blindfoldChess">Scacci obligati (calculi cryptici)</string>
  <string name="chessClock">Horologium lantruncularium</string>
  <string name="tenthsOfSeconds">Decimas secundarum</string>
  <string name="whenTimeRemainingLessThanTenSeconds" comment="whenTimeRemainingLessThanTenSeconds&#10;&#10;The &amp;lt; symbol is not required (you can write it as a word), just do NOT use &lt; in its place.&#10;&#10;Technical information: &lt; is a reserved character in HTML, which is why it cannot be used.">Dum tempus reliquum minus 10 secundis</string>
  <string name="horizontalGreenProgressBars">Regula progressus viridis</string>
  <string name="soundWhenTimeGetsCritical">Sonus cum tempore maximi momenti</string>
  <string name="giveMoreTime">Da tempus</string>
  <string name="clickTwoSquares">Clige duorum quadratorum</string>
  <string name="dragPiece">Fragmen congrega</string>
  <string name="bothClicksAndDrag">Tum</string>
  <string name="premovesPlayingDuringOpponentTurn">Praemotus (cum adversarius ludit)</string>
  <string name="takebacksWithOpponentApproval">Receptus (si adversarius probeat)</string>
  <string name="inCasualGamesOnly">Solum in ludo privato</string>
  <string name="promoteToQueenAutomatically">Ad reginam sponte promovere</string>
  <string name="whenPremoving">Cum praemittere</string>
  <string name="claimDrawOnThreefoldRepetitionAutomatically">Aequabiliter digere cum triplex iteratio fiat</string>
  <string name="whenTimeRemainingLessThanThirtySeconds">Dum tempus reliquum minor 30 secundis sit</string>
  <string name="moveConfirmation">Confirmatio motu</string>
  <string name="inCorrespondenceGames">Ludi longinqui</string>
  <string name="correspondenceAndUnlimited">per epistolam et immoderatus</string>
  <string name="yourPreferencesHaveBeenSaved">Praeposititiones tuae conservatae sunt.</string>
</resources>
