<?xml version="1.0" encoding="utf-8"?>
<resources>
  <string name="preferences">Поставки</string>
  <string name="gameDisplay">Приказ на играта</string>
  <string name="pieceAnimation">Движење на фигурите</string>
  <string name="materialDifference">Материјална разлика</string>
  <string name="boardHighlights">Нагласени полиња (последен потег и шах)</string>
  <string name="pieceDestinations">Легални потези (важечки потези и претпотези)</string>
  <string name="boardCoordinates">Координати на таблата (А-H, 1-8)</string>
  <string name="moveListWhilePlaying">Листа на потези за време на партијата</string>
  <string name="pgnPieceNotation">Запишување на потезите</string>
  <string name="chessPieceSymbol">Симбол на фигурата</string>
  <string name="pgnLetter">Буква (K, Q, R, B, N)</string>
  <string name="zenMode" comment="zenMode&#10;&#10;This is not the religious meaning. Turning this option on takes away make elements of the user interface.&#10;&#10;Can also translate as 'Focus mode' as one example.">Зен режим</string>
  <string name="displayBoardResizeHandle">Прикажи ја рачката за промена на големината на таблата</string>
  <string name="onlyOnInitialPosition">Само на почетокот на партијата</string>
  <string name="blindfoldChess">Слеп шах (невидливи фигури)</string>
  <string name="chessClock">Шаховски часовник</string>
  <string name="tenthsOfSeconds">Стотинки</string>
  <string name="whenTimeRemainingLessThanTenSeconds" comment="whenTimeRemainingLessThanTenSeconds&#10;&#10;The &amp;lt; symbol is not required (you can write it as a word), just do NOT use &lt; in its place.&#10;&#10;Technical information: &lt; is a reserved character in HTML, which is why it cannot be used.">Кога останатото време е &lt; 10 секунди</string>
  <string name="horizontalGreenProgressBars">Хоризонтална зелена линија за напредок</string>
  <string name="soundWhenTimeGetsCritical">Звук кога има преостанато малку време</string>
  <string name="giveMoreTime">Додај време</string>
  <string name="gameBehavior" comment="gameBehavior&#10;&#10;In the user settings page, &quot;Game behavior&quot; is the title of the tab for configuring how the player can interact with the game.">Начин на играње</string>
  <string name="howDoYouMovePieces">Како да ги движите фигурите?</string>
  <string name="clickTwoSquares">Кликни на двете полиња</string>
  <string name="dragPiece">Влечи ја фигурата</string>
  <string name="bothClicksAndDrag">И двете</string>
  <string name="premovesPlayingDuringOpponentTurn">Претпотези (играње додека противникот е на ред)</string>
  <string name="takebacksWithOpponentApproval">Враќање потези (со дозвола на противникот)</string>
  <string name="inCasualGamesOnly">Само во пријателски партии</string>
  <string name="promoteToQueenAutomatically">Автоматски унапреди во кралица</string>
  <string name="whenPremoving">Кога изигрувам претпотег</string>
  <string name="claimDrawOnThreefoldRepetitionAutomatically">Автоматско прогласување реми по третото повторување на потегот</string>
  <string name="whenTimeRemainingLessThanThirtySeconds">Кога останатото време е &lt; 30 секунди</string>
  <string name="moveConfirmation">Потврда за потегот</string>
  <string name="inCorrespondenceGames">Дописен шах</string>
  <string name="correspondenceAndUnlimited">Дописен шах и неограничени партии</string>
  <string name="confirmResignationAndDrawOffers">Потврди предавање и понуда за реми</string>
  <string name="castleByMovingTheKingTwoSquaresOrOntoTheRook">Метод за рокада</string>
  <string name="castleByMovingTwoSquares">Помести го кралот две полиња</string>
  <string name="castleByMovingOntoTheRook">Помести го кралот врз топот</string>
  <string name="inputMovesWithTheKeyboard">Внеси потези со тастатура</string>
  <string name="yourPreferencesHaveBeenSaved">Вашите поставки се зачувани.</string>
</resources>
