<?xml version="1.0" encoding="utf-8"?>
<resources>
  <string name="preferences">പരിഗണനകൾ</string>
  <string name="gameDisplay">കളി പ്രദർശനം</string>
  <string name="pieceAnimation">കരു ആനിമേഷൻ</string>
  <string name="materialDifference">രൂപ വ്യത്യാസം</string>
  <string name="boardHighlights">പലകയിലെ മുഖ്യ ആകർഷണങ്ങൾ (അവസാന നീക്കവും അടിയറവും)</string>
  <string name="pieceDestinations">കരുവിന്റെ ശരിയായ സ്ഥാനം ( ന്യായമായ നീക്കങ്ങളും premoves-ഉം)</string>
  <string name="boardCoordinates">പലകയിലെ സ്ഥാനാങ്കങ്ങൾ (A-H, 1-8)</string>
  <string name="moveListWhilePlaying">കളിയുടെ നീക്ക-ശ്രേണി</string>
  <string name="pgnPieceNotation">നീക്കങ്ങൾ എങ്ങനെ രേഖപ്പെടുത്തണം</string>
  <string name="chessPieceSymbol">ചെസ്സ് കരുവിന്റെ അടയാളം</string>
  <string name="pgnLetter">അക്ഷരം (K, Q, R, B, N)</string>
  <string name="zenMode" comment="zenMode&#10;&#10;This is not the religious meaning. Turning this option on takes away make elements of the user interface.&#10;&#10;Can also translate as 'Focus mode' as one example.">സെൻ മോഡ്</string>
  <string name="onlyOnInitialPosition">തുടക്കത്തില്‍ മാത്രം</string>
  <string name="blindfoldChess">കണ്ണു കെട്ടിയ ചതുരംഗം (അദൃശ്യമായ കരുക്കൾ)</string>
  <string name="chessClock">ചതുരംഗ സമയം</string>
  <string name="tenthsOfSeconds">സെക്കന്റിന്റെ പത്തിലൊരംശം</string>
  <string name="whenTimeRemainingLessThanTenSeconds" comment="whenTimeRemainingLessThanTenSeconds&#10;&#10;The &amp;lt; symbol is not required (you can write it as a word), just do NOT use &lt; in its place.&#10;&#10;Technical information: &lt; is a reserved character in HTML, which is why it cannot be used.">ഇനി ശേഷിക്കുന്നത് 10 ഇൽ താഴെ സെക്കന്റുകൾ</string>
  <string name="horizontalGreenProgressBars">തിരശ്ചീന പച്ച നിലവാര രേഖകൾ</string>
  <string name="soundWhenTimeGetsCritical">നിർണായക സമയത്തു ധ്വനിപ്പിക്കുക</string>
  <string name="giveMoreTime">കൂടുതൽ സമയം കൊടുക്കുക</string>
  <string name="howDoYouMovePieces">എങ്ങനെയാണ് നിങ്ങൾ കരുക്കൾ നീക്കാറുള്ളത്?</string>
  <string name="clickTwoSquares">രണ്ട് കളങ്ങൾ അമർത്തുക</string>
  <string name="dragPiece">ഒരു കരു വലിയ്ക്കുക</string>
  <string name="bothClicksAndDrag">ഏതുവിധത്തിലും</string>
  <string name="premovesPlayingDuringOpponentTurn">മുൻകൂട്ടിയുള്ള നീക്കങ്ങൾ (എതിരാളിയുടെ നീക്കത്തിന് അനുസരിച്ച്)</string>
  <string name="takebacksWithOpponentApproval">തിരിച്ചെടുക്കൽ (എതിരാളിയുടെ സമ്മത പ്രകാരം)</string>
  <string name="inCasualGamesOnly">സാധാരണ കളികളിൽ മാത്രം</string>
  <string name="promoteToQueenAutomatically">റാണിയായി താനെ സ്ഥാനക്കയറ്റം നൽകൂ</string>
  <string name="whenPremoving">മുൻകൂട്ടിയുള്ള നീക്കത്തിൽ</string>
  <string name="claimDrawOnThreefoldRepetitionAutomatically">3 തവണ ഒരേ നീക്കം തുടർന്നാൽ താനെ ഗെയിം സമനിലയായി മാറ്റുക</string>
  <string name="whenTimeRemainingLessThanThirtySeconds">ശേഷിക്കുന്ന സമയം &lt;30 സെക്കന്റുകൾ</string>
  <string name="moveConfirmation">നീക്കം സ്ഥിരീകരണം</string>
  <string name="inCorrespondenceGames">തത്തുല്യമായ കളികൾ</string>
  <string name="correspondenceAndUnlimited">തത്തുല്യമായതും അതീതമായതും</string>
  <string name="confirmResignationAndDrawOffers">രാജി സ്വീകരിക്കുക, സമനില സ്വീകരിക്കുക</string>
  <string name="castleByMovingTheKingTwoSquaresOrOntoTheRook">കാസ്റ്റലിങ് ചെയ്യുന്ന രീതി</string>
  <string name="castleByMovingTwoSquares">രാജാവിനെ രണ്ടു കാലങ്ങൾ നീക്കുക</string>
  <string name="castleByMovingOntoTheRook">തേരിനു മുകളിൽ രാജാവിനെ വയ്ക്കുക</string>
  <string name="inputMovesWithTheKeyboard">കീബോർഡ് മുഖേന നീക്കങ്ങൾ നൽകുക</string>
  <string name="yourPreferencesHaveBeenSaved">നിങ്ങളുടെ ക്രമീകരണങ്ങൾ സേവ് ചെയ്തു.</string>
</resources>
