<?xml version="1.0" encoding="utf-8"?>
<resources>
  <string name="preferences">Тохиргоо</string>
  <string name="gameDisplay">Өргийг үзүүлэх байдал</string>
  <string name="pieceAnimation">Хөлгийн хөдөлгөөнийг амилуулах</string>
  <string name="materialDifference">Талуудын хөлгийн зөрүүг үзүүлэх</string>
  <string name="boardHighlights">Хийгдсэн нүүдлүүдийг тодотгох (сүүлчийн нүүдэл, мад, шаг)</string>
  <string name="pieceDestinations">Хөлгийн нүүдэл үзүүлэх (зөвшөөрөгдсөн нүүдэл, урьдчилсан нүүдэл)</string>
  <string name="boardCoordinates">Солбилцолын тэмдэглэлүүдийг үзүүлэх (A-H, 1-8)</string>
  <string name="moveListWhilePlaying">Хийгдсэн нүүдлүүдийн жагсаалтыг хажуу талд харуулах</string>
  <string name="pgnPieceNotation">Нүүдлийн тэмдэглэгээ</string>
  <string name="chessPieceSymbol">Шатрын дүрсний тэмдэглэгээ</string>
  <string name="pgnLetter">Тэмлэглэгээ (K, Q, R, B, N)</string>
  <string name="zenMode" comment="zenMode&#10;&#10;This is not the religious meaning. Turning this option on takes away make elements of the user interface.&#10;&#10;Can also translate as 'Focus mode' as one example.">Өрсөлдөгчийн чансааг нуух</string>
  <string name="displayBoardResizeHandle">Хэмжээг өөрчлөх самбарыг харуул</string>
  <string name="onlyOnInitialPosition">Зөвхөн анхны байрлал дээр</string>
  <string name="blindfoldChess">Харахгүйгээр тоглох (шатрын хөлгүүд үзэгдэхгүй)</string>
  <string name="chessClock">Шатрын цаг</string>
  <string name="tenthsOfSeconds">1/10 секунд</string>
  <string name="whenTimeRemainingLessThanTenSeconds" comment="whenTimeRemainingLessThanTenSeconds&#10;&#10;The &amp;lt; symbol is not required (you can write it as a word), just do NOT use &lt; in its place.&#10;&#10;Technical information: &lt; is a reserved character in HTML, which is why it cannot be used.">Хэрэв цаг 10 секундээс бага болвол</string>
  <string name="horizontalGreenProgressBars">Элсэн цаг</string>
  <string name="soundWhenTimeGetsCritical">Цаг эрс бага болвол дуут дохио өгөх</string>
  <string name="giveMoreTime">Цаг нэмж өгөх</string>
  <string name="gameBehavior" comment="gameBehavior&#10;&#10;In the user settings page, &quot;Game behavior&quot; is the title of the tab for configuring how the player can interact with the game.">Тоглоомын зан байдал</string>
  <string name="howDoYouMovePieces">Нүүдэл яаж хийх вэ?</string>
  <string name="clickTwoSquares">Нүүх, очих нүднүүдийг дарах</string>
  <string name="dragPiece">Сонголтыг зөөх</string>
  <string name="bothClicksAndDrag">Аль аль нь</string>
  <string name="premovesPlayingDuringOpponentTurn">Урьдчилсан нүүдэл (өрсөлдөгч нүүх ээлжтэй үед)</string>
  <string name="takebacksWithOpponentApproval">Нүүдэл буцаалт (өрсөлдөгчийн зөвшөөрөл шаардлагатай)</string>
  <string name="inCasualGamesOnly">Зөвхөн чансаа өөрчлөгдөхгүй өрөгт</string>
  <string name="promoteToQueenAutomatically">Хүүг үргэлж бэрс гаргана</string>
  <string name="whenPremoving">Урьдчилсан нүүдэл хийсэн тохиолдолд</string>
  <string name="claimDrawOnThreefoldRepetitionAutomatically">Автоматаар гурван нүүдлийн тэнцэлийг тооцох</string>
  <string name="whenTimeRemainingLessThanThirtySeconds">Хугацаа 30 секундээс доош үлдсэн тохиолдолд</string>
  <string name="moveConfirmation">Нүүдлээ баталгаажуулах</string>
  <string name="inCorrespondenceGames">Бодит цагт тоглогдохгүй өрөг</string>
  <string name="correspondenceAndUnlimited">Ээлжээр нүүх (хязгааргүй)</string>
  <string name="confirmResignationAndDrawOffers">Тэнцэх, буулт хийхийг баталгаажуулах</string>
  <string name="castleByMovingTheKingTwoSquaresOrOntoTheRook">Сэлгээ хийх</string>
  <string name="castleByMovingTwoSquares">Ноёноо хоёр нүүх</string>
  <string name="castleByMovingOntoTheRook">Ноёноо тэрэгрүүгээ нүүх</string>
  <string name="inputMovesWithTheKeyboard">Гарнаас нүүдэл оруулах</string>
  <string name="yourPreferencesHaveBeenSaved">Таны шинэчлэгдсэн тохиргоо хадгалагдлаа.</string>
</resources>
