<?xml version="1.0" encoding="utf-8"?>
<resources>
  <string name="preferences">Innstillinger</string>
  <string name="gameDisplay">Brettutseende</string>
  <string name="pieceAnimation">Brikke animasjon</string>
  <string name="materialDifference">Materiell forskjell</string>
  <string name="boardHighlights">Feltmarkering (siste trekk og sjakk)</string>
  <string name="pieceDestinations">Brikkedestinasjoner (gyldige trekk og forhåndstrekk)</string>
  <string name="boardCoordinates">Brettkoordinater (A-H, 1-8)</string>
  <string name="moveListWhilePlaying">Notasjonsliste mens du spiller</string>
  <string name="pgnPieceNotation">Notasjon</string>
  <string name="chessPieceSymbol">Brikkesymbol</string>
  <string name="pgnLetter">Bokstav (K, Q, R, B, N)</string>
  <string name="zenMode" comment="zenMode&#10;&#10;This is not the religious meaning. Turning this option on takes away make elements of the user interface.&#10;&#10;Can also translate as 'Focus mode' as one example.">Zen-modus</string>
  <string name="displayBoardResizeHandle">Vis håndtak for brettstørrelse</string>
  <string name="onlyOnInitialPosition">Kun for utgangsstillingen</string>
  <string name="blindfoldChess">Blindsjakk (usynlige brikker)</string>
  <string name="chessClock">Sjakkur</string>
  <string name="tenthsOfSeconds">Tidels sekunder</string>
  <string name="whenTimeRemainingLessThanTenSeconds" comment="whenTimeRemainingLessThanTenSeconds&#10;&#10;The &amp;lt; symbol is not required (you can write it as a word), just do NOT use &lt; in its place.&#10;&#10;Technical information: &lt; is a reserved character in HTML, which is why it cannot be used.">Når gjenværende tid &lt; 10 sekunder</string>
  <string name="horizontalGreenProgressBars">Horisontal grønn progresjonslinje</string>
  <string name="soundWhenTimeGetsCritical">Lyd når tiden blir kritisk</string>
  <string name="giveMoreTime">Gi mer tid</string>
  <string name="gameBehavior" comment="gameBehavior&#10;&#10;In the user settings page, &quot;Game behavior&quot; is the title of the tab for configuring how the player can interact with the game.">Spilloppførsel</string>
  <string name="howDoYouMovePieces">Hvordan flytte brikker?</string>
  <string name="clickTwoSquares">Klikk to felt</string>
  <string name="dragPiece">Dra brikke</string>
  <string name="bothClicksAndDrag">Begge</string>
  <string name="premovesPlayingDuringOpponentTurn">Forhåndstrekk (gjør trekk når det er motstanders trekk)</string>
  <string name="takebacksWithOpponentApproval">Angre trekk (med motstanders godkjennelse)</string>
  <string name="inCasualGamesOnly">Bare for uformelle partier</string>
  <string name="promoteToQueenAutomatically">Forvandle til dronning automatisk</string>
  <string name="whenPremoving">Ved bruk av førtrekk</string>
  <string name="claimDrawOnThreefoldRepetitionAutomatically">Krev remis ved trekkgjentakelse automatisk</string>
  <string name="whenTimeRemainingLessThanThirtySeconds">Når gjenværende tid &lt; 30 sekunder</string>
  <string name="moveConfirmation">Trekkbekreftelse</string>
  <string name="inCorrespondenceGames">I fjernsjakk</string>
  <string name="correspondenceAndUnlimited">Korrespondanse og ubegrenset</string>
  <string name="confirmResignationAndDrawOffers">Bekreft når du gir opp eller tilbyr remis</string>
  <string name="castleByMovingTheKingTwoSquaresOrOntoTheRook">Metode for å rokere</string>
  <string name="castleByMovingTwoSquares">Flytt kongen to felter</string>
  <string name="castleByMovingOntoTheRook">Sett kongen på tårnet</string>
  <string name="inputMovesWithTheKeyboard">Skriv trekk med tastaturet</string>
  <string name="snapArrowsToValidMoves" comment="snapArrowsToValidMoves&#10;&#10;The 'arrows' are for quick annotations you can do on the board, by holding right mouse button. With this setting enabled, it means the arrows will align themselves to places were pieces can move.">Piler viser gyldige trekk</string>
  <string name="sayGgWpAfterLosingOrDrawing" comment="sayGgWpAfterLosingOrDrawing&#10;&#10;When enabled, this setting will automatically send 'Good game, well played' to your opponent if you are lose or draw the game. It's meant as a courtesy message.&#10;&#10;The message will be sent in ENGLISH.&#10;&#10;It is up to you how to deal with this. For example, you may want to put '(message will be sent in English)' in your translated text as one example. Or you can leave the actual English text and put a brief translation in your own language.">Si «Good game, well played» («Godt parti, bra spilt») etter tap eller remis</string>
  <string name="yourPreferencesHaveBeenSaved">Innstillingene dine er lagret.</string>
</resources>
