<?xml version="1.0" encoding="utf-8"?>
<resources>
  <string name="preferences">प्राथमिकता</string>
  <string name="gameDisplay">खेलको प्रदर्शन</string>
  <string name="pieceAnimation">गोटीहरुको एनिमेशन</string>
  <string name="materialDifference">गोटीहरुमा फरक</string>
  <string name="boardHighlights">बोर्डमा हाइलाइट (अन्तिम चाल र चेक)</string>
  <string name="pieceDestinations">गोटीको गन्तब्य (मान्य चाल र प्रिमुभ)</string>
  <string name="boardCoordinates">बोर्ड समकक्षहरु (A-H, १-८)</string>
  <string name="moveListWhilePlaying">खेल्ने क्रममा चालको सुची</string>
  <string name="pgnPieceNotation">चाल नोटेशन</string>
  <string name="chessPieceSymbol">गोटीको चिन्ह</string>
  <string name="pgnLetter">अक्षर (K, Q, R, B, N)</string>
  <string name="zenMode" comment="zenMode&#10;&#10;This is not the religious meaning. Turning this option on takes away make elements of the user interface.&#10;&#10;Can also translate as 'Focus mode' as one example.">जेन मोड</string>
  <string name="onlyOnInitialPosition">शुरुवाती पोजिशनमा मात्र</string>
  <string name="blindfoldChess">आँखा पट्टी बुद्धिचाल (गोटी देखिंदैन)</string>
  <string name="chessClock">बुद्धिचाल घडी</string>
  <string name="tenthsOfSeconds">सेकेन्ड को दश भाग</string>
  <string name="whenTimeRemainingLessThanTenSeconds" comment="whenTimeRemainingLessThanTenSeconds&#10;&#10;The &amp;lt; symbol is not required (you can write it as a word), just do NOT use &lt; in its place.&#10;&#10;Technical information: &lt; is a reserved character in HTML, which is why it cannot be used.">जब १० सेकेण्ड भन्दा कम समय बाँकि हुन्छ</string>
  <string name="horizontalGreenProgressBars">हरियो ठाडो प्रगति देखाउने रेखा</string>
  <string name="soundWhenTimeGetsCritical">समय कम बाँकी रहदा ध्वनी</string>
  <string name="giveMoreTime">थप समय दिनु</string>
  <string name="howDoYouMovePieces">गोटी कसरि सार्ने?</string>
  <string name="clickTwoSquares">दुइ कोठामा क्लिक गर्ने</string>
  <string name="dragPiece">गोटी ड्र्याग गर्ने</string>
  <string name="bothClicksAndDrag">दुवै</string>
  <string name="premovesPlayingDuringOpponentTurn">प्रिमुभ (प्रतिद्वन्दी को पालो हुदा चाल्ने)</string>
  <string name="takebacksWithOpponentApproval">चाल फिर्ता (प्रतिद्वन्दी को अनुमति लिएर)</string>
  <string name="inCasualGamesOnly">अनौपचारिक खेलहरुमा मात्र</string>
  <string name="promoteToQueenAutomatically">आफै मन्त्री बनाउने</string>
  <string name="whenPremoving">प्रिमुभ गर्दा</string>
  <string name="claimDrawOnThreefoldRepetitionAutomatically">आफै तीनपटक को दोहोरी मा बराबरी दाबी गर्ने</string>
  <string name="whenTimeRemainingLessThanThirtySeconds">जब ३० सेकेण्ड भन्दा कम समय बाँकि हुन्छ</string>
  <string name="moveConfirmation">चाल पुष्टिकरण</string>
  <string name="inCorrespondenceGames">पत्रचारिक खेलहरु</string>
  <string name="correspondenceAndUnlimited">पत्रचारिक तथा अनिश्चितकालीन</string>
  <string name="confirmResignationAndDrawOffers">बराबरीको प्रस्ताव र खेल त्याग गर्दा पुष्टि गर्नुपर्ने</string>
  <string name="castleByMovingTheKingTwoSquaresOrOntoTheRook">क्यास्लिङ विधि</string>
  <string name="castleByMovingTwoSquares">राजा दुई कदम चाल्ने</string>
  <string name="castleByMovingOntoTheRook">राजा हात्तीमा चाल्ने</string>
  <string name="inputMovesWithTheKeyboard">किबोर्डबाट चाल चलौं</string>
  <string name="yourPreferencesHaveBeenSaved">तपाइका प्राथमिकता सेभ गरिएको छ।</string>
</resources>
