<?xml version="1.0" encoding="utf-8"?>
<resources>
  <string name="preferences">Ustawienia</string>
  <string name="gameDisplay">Widok partii</string>
  <string name="pieceAnimation">Animacja ruchu bierek</string>
  <string name="materialDifference">Przewaga materialna</string>
  <string name="boardHighlights">Wyróżnienie pól szachownicy (ostatni ruch i szach)</string>
  <string name="pieceDestinations">Pola docelowe (ruchy poprawne i planowane)</string>
  <string name="boardCoordinates">Współrzędne pól (a-h, 1-8)</string>
  <string name="moveListWhilePlaying">Lista ruchów podczas partii</string>
  <string name="pgnPieceNotation">Notacja ruchów</string>
  <string name="chessPieceSymbol">Za pomocą symboli figur</string>
  <string name="pgnLetter">Litery (K, Q, R, B, N)</string>
  <string name="zenMode" comment="zenMode&#10;&#10;This is not the religious meaning. Turning this option on takes away make elements of the user interface.&#10;&#10;Can also translate as 'Focus mode' as one example.">Tryb Zen</string>
  <string name="displayBoardResizeHandle">Uchwyt zmiany rozmiaru szachownicy</string>
  <string name="onlyOnInitialPosition">Tylko w pozycji początkowej</string>
  <string name="blindfoldChess">Gra na ślepo (niewidoczne bierki)</string>
  <string name="chessClock">Zegar szachowy</string>
  <string name="tenthsOfSeconds">Dziesiąte części sekundy</string>
  <string name="whenTimeRemainingLessThanTenSeconds" comment="whenTimeRemainingLessThanTenSeconds&#10;&#10;The &amp;lt; symbol is not required (you can write it as a word), just do NOT use &lt; in its place.&#10;&#10;Technical information: &lt; is a reserved character in HTML, which is why it cannot be used.">Kiedy na zegarze jest mniej niż 10 sekund</string>
  <string name="horizontalGreenProgressBars">Poziomy zielony pasek czasu</string>
  <string name="soundWhenTimeGetsCritical">Powiadom dźwiękiem przy niedoczasie</string>
  <string name="giveMoreTime">Dodaj więcej czasu</string>
  <string name="gameBehavior" comment="gameBehavior&#10;&#10;In the user settings page, &quot;Game behavior&quot; is the title of the tab for configuring how the player can interact with the game.">Zachowanie gry</string>
  <string name="howDoYouMovePieces">W jaki sposób wykonywać ruch?</string>
  <string name="clickTwoSquares">Klikając dwa pola</string>
  <string name="dragPiece">Przeciągając figurę</string>
  <string name="bothClicksAndDrag">Na oba sposoby</string>
  <string name="premovesPlayingDuringOpponentTurn">Ruch planowany (podczas ruchu przeciwnika)</string>
  <string name="takebacksWithOpponentApproval">Cofanie ruchów (za zgodą przeciwnika)</string>
  <string name="inCasualGamesOnly">Tylko w grach towarzyskich</string>
  <string name="promoteToQueenAutomatically">Automatyczna promocja na hetmana</string>
  <string name="whenPremoving">W czasie ruchu planowanego</string>
  <string name="claimDrawOnThreefoldRepetitionAutomatically">Automatyczny remis po trzykrotnym powtórzeniu pozycji</string>
  <string name="whenTimeRemainingLessThanThirtySeconds">Kiedy pozostało mniej niż 30 sekund</string>
  <string name="moveConfirmation">Potwierdzenie ruchu</string>
  <string name="inCorrespondenceGames">W grze korespondencyjnej</string>
  <string name="correspondenceAndUnlimited">Korespondencyjne i bez limitu czasu</string>
  <string name="confirmResignationAndDrawOffers">Potwierdzaj poddanie się i wysłanie propozycji remisu</string>
  <string name="castleByMovingTheKingTwoSquaresOrOntoTheRook">Sposób roszowania</string>
  <string name="castleByMovingTwoSquares">Ruch królem o dwa pola</string>
  <string name="castleByMovingOntoTheRook">Ruch królem na wieżę</string>
  <string name="inputMovesWithTheKeyboard">Wprowadzaj ruchy za pomocą klawiatury</string>
  <string name="snapArrowsToValidMoves" comment="snapArrowsToValidMoves&#10;&#10;The 'arrows' are for quick annotations you can do on the board, by holding right mouse button. With this setting enabled, it means the arrows will align themselves to places were pieces can move.">Wyrównuj strzałki do legalnych ruchów</string>
  <string name="sayGgWpAfterLosingOrDrawing" comment="sayGgWpAfterLosingOrDrawing&#10;&#10;When enabled, this setting will automatically send 'Good game, well played' to your opponent if you are lose or draw the game. It's meant as a courtesy message.&#10;&#10;The message will be sent in ENGLISH.&#10;&#10;It is up to you how to deal with this. For example, you may want to put '(message will be sent in English)' in your translated text as one example. Or you can leave the actual English text and put a brief translation in your own language.">Napisz \"Dobra gra, dobrze zagrałeś\" po porażce lub remisie</string>
  <string name="yourPreferencesHaveBeenSaved">Twoje ustawienia zostały zapisane.</string>
</resources>
