<?xml version="1.0" encoding="utf-8"?>
<resources>
  <string name="preferences">Preferințe</string>
  <string name="gameDisplay">Opțiuni de afișare în joc</string>
  <string name="pieceAnimation">Animația piesei</string>
  <string name="materialDifference">Diferență de piese capturate</string>
  <string name="boardHighlights">Evidențiază pe tablă (ultima mutare și șahul)</string>
  <string name="pieceDestinations">Destinația piesei (mutări valide și premutări)</string>
  <string name="boardCoordinates">Coordonatele tablei (A-H, 1-8)</string>
  <string name="moveListWhilePlaying">Lista de mutări în timpul jocului</string>
  <string name="pgnPieceNotation">Notația mutării</string>
  <string name="chessPieceSymbol">Simbolul piesei de șah</string>
  <string name="pgnLetter">Literă (R, D, T, N, C)</string>
  <string name="zenMode" comment="zenMode&#10;&#10;This is not the religious meaning. Turning this option on takes away make elements of the user interface.&#10;&#10;Can also translate as 'Focus mode' as one example.">Modul Zen</string>
  <string name="displayBoardResizeHandle">Arată indicatorul de redimensionare a tablei</string>
  <string name="onlyOnInitialPosition">Doar inainte de prima mutare</string>
  <string name="blindfoldChess">Șah ”legat la ochi” (piese invizibile)</string>
  <string name="chessClock">Ceasul de șah</string>
  <string name="tenthsOfSeconds">Zecimi de secundă</string>
  <string name="whenTimeRemainingLessThanTenSeconds" comment="whenTimeRemainingLessThanTenSeconds&#10;&#10;The &amp;lt; symbol is not required (you can write it as a word), just do NOT use &lt; in its place.&#10;&#10;Technical information: &lt; is a reserved character in HTML, which is why it cannot be used.">Când timpul rămas e mai scurt de 10 de secunde</string>
  <string name="horizontalGreenProgressBars">Bare orizontale verzi cu progresul</string>
  <string name="soundWhenTimeGetsCritical">Sunet când timpul e aproape de expirare</string>
  <string name="giveMoreTime">Adaugă timp adversarului</string>
  <string name="gameBehavior" comment="gameBehavior&#10;&#10;In the user settings page, &quot;Game behavior&quot; is the title of the tab for configuring how the player can interact with the game.">Comportamentul din joc</string>
  <string name="howDoYouMovePieces">Cum mutați piesele?</string>
  <string name="clickTwoSquares">Apasă pe două pătrățele</string>
  <string name="dragPiece">Trage o piesă</string>
  <string name="bothClicksAndDrag">Ambele</string>
  <string name="premovesPlayingDuringOpponentTurn">Mutare anticipată (mută pe timpul adversarului)</string>
  <string name="takebacksWithOpponentApproval">Dă înapoi (cu aprobarea adversarului)</string>
  <string name="inCasualGamesOnly">În jocuri amicale</string>
  <string name="promoteToQueenAutomatically">Promovează automat in damă</string>
  <string name="whenPremoving">În cazul mutărilor anticipate</string>
  <string name="claimDrawOnThreefoldRepetitionAutomatically">Declară automat o remiză în cazul a trei repetări</string>
  <string name="whenTimeRemainingLessThanThirtySeconds">Când timpul rămas e mai scurt de 30 de secunde</string>
  <string name="moveConfirmation">Confirmare mutare</string>
  <string name="inCorrespondenceGames">În jocuri prin corespondență</string>
  <string name="correspondenceAndUnlimited">Corespondență sau timp nelimitat</string>
  <string name="confirmResignationAndDrawOffers">Confirmă abandonarea și oferirea remizei</string>
  <string name="castleByMovingTheKingTwoSquaresOrOntoTheRook">Metoda prin care faci rocada</string>
  <string name="castleByMovingTwoSquares">Mută regele două pătrățele</string>
  <string name="castleByMovingOntoTheRook">Mută regele pe turn</string>
  <string name="inputMovesWithTheKeyboard">Introdu mutări folosind tastatura</string>
  <string name="snapArrowsToValidMoves" comment="snapArrowsToValidMoves&#10;&#10;The 'arrows' are for quick annotations you can do on the board, by holding right mouse button. With this setting enabled, it means the arrows will align themselves to places were pieces can move.">Trage săgețile la mutările valide</string>
  <string name="sayGgWpAfterLosingOrDrawing" comment="sayGgWpAfterLosingOrDrawing&#10;&#10;When enabled, this setting will automatically send 'Good game, well played' to your opponent if you are lose or draw the game. It's meant as a courtesy message.&#10;&#10;The message will be sent in ENGLISH.&#10;&#10;It is up to you how to deal with this. For example, you may want to put '(message will be sent in English)' in your translated text as one example. Or you can leave the actual English text and put a brief translation in your own language.">Spune \"Joc bun, bine jucat\" la înfrângere sau la remiză</string>
  <string name="yourPreferencesHaveBeenSaved">Preferințele tale au fost salvate</string>
</resources>
