<?xml version="1.0" encoding="utf-8"?>
<resources>
  <string name="preferences">Personifikimet</string>
  <string name="gameDisplay">Shfaqja e lojës</string>
  <string name="pieceAnimation">Animimi i figurave</string>
  <string name="materialDifference">Ndryshimi në material</string>
  <string name="boardHighlights">Nënvizo fushën, (lëvizjen e fundit dhe shah)</string>
  <string name="pieceDestinations">Vendmbërritja e figurave (lëvizje të vlefshme dhe të paracaktuara)</string>
  <string name="boardCoordinates">Koordinatat e fushës (A-H, 1-8)</string>
  <string name="moveListWhilePlaying">Lista e lëvizjeve gjatë lojës</string>
  <string name="pgnPieceNotation">Shenimet e levizjeve</string>
  <string name="chessPieceSymbol">Simboli i figures se shahut</string>
  <string name="pgnLetter">Shkronja (K, Q, R, B, N)</string>
  <string name="zenMode" comment="zenMode&#10;&#10;This is not the religious meaning. Turning this option on takes away make elements of the user interface.&#10;&#10;Can also translate as 'Focus mode' as one example.">Modaliteti zen</string>
  <string name="displayBoardResizeHandle">Shfaq opsionin për zmadhim të tabelës</string>
  <string name="onlyOnInitialPosition">Vetëm në pozicionin fillestar</string>
  <string name="blindfoldChess">Shah i verber (gurë të padukshëm)</string>
  <string name="chessClock">Ora e shahut</string>
  <string name="tenthsOfSeconds">Të dhjetat e sekondës</string>
  <string name="whenTimeRemainingLessThanTenSeconds" comment="whenTimeRemainingLessThanTenSeconds&#10;&#10;The &amp;lt; symbol is not required (you can write it as a word), just do NOT use &lt; in its place.&#10;&#10;Technical information: &lt; is a reserved character in HTML, which is why it cannot be used.">Kur koha e mbetur &lt;10 sekonda</string>
  <string name="horizontalGreenProgressBars">Shufra e gjelbërt e progresit</string>
  <string name="soundWhenTimeGetsCritical">Tingull gjatë kohës kritike</string>
  <string name="giveMoreTime">Jep më shumë kohë</string>
  <string name="gameBehavior" comment="gameBehavior&#10;&#10;In the user settings page, &quot;Game behavior&quot; is the title of the tab for configuring how the player can interact with the game.">Sjellja e lojës</string>
  <string name="howDoYouMovePieces">Si i leviz figurat?</string>
  <string name="clickTwoSquares">Kliko dy kuadrate</string>
  <string name="dragPiece">Terhiqe figuren</string>
  <string name="bothClicksAndDrag">Cilindo</string>
  <string name="premovesPlayingDuringOpponentTurn">Lëvizje e paracaktuar (luajtur gjatë radhës së kundërshtarit)</string>
  <string name="takebacksWithOpponentApproval">Marrje mbrapsht (me miratimin e kundërshtarit)</string>
  <string name="inCasualGamesOnly">Vetëm në lojërat e rastësishme</string>
  <string name="promoteToQueenAutomatically">Dalja automatike në mbretëreshë</string>
  <string name="whenPremoving">Kur paracaktohet lëvizja</string>
  <string name="claimDrawOnThreefoldRepetitionAutomatically">Pretendo barazim ne perseritjen tre here te levizjeve automatikisht</string>
  <string name="whenTimeRemainingLessThanThirtySeconds">Kur koha e mbetur &lt;30 sekonda</string>
  <string name="moveConfirmation">Pohim i lëvizjeve</string>
  <string name="inCorrespondenceGames">Lojëkëmbimet</string>
  <string name="correspondenceAndUnlimited">Korrespondencë dhe i pakufizuar</string>
  <string name="confirmResignationAndDrawOffers">Te konfirmosh dorezimin dhe ofertat e barazimit</string>
  <string name="castleByMovingTheKingTwoSquaresOrOntoTheRook">Metoda e rrekades</string>
  <string name="castleByMovingTwoSquares">Leviz mbretin dy kuadrate</string>
  <string name="castleByMovingOntoTheRook">Levize mbretin tek torra</string>
  <string name="inputMovesWithTheKeyboard">Vendos levizjet me tastiere</string>
  <string name="sayGgWpAfterLosingOrDrawing" comment="sayGgWpAfterLosingOrDrawing&#10;&#10;When enabled, this setting will automatically send 'Good game, well played' to your opponent if you are lose or draw the game. It's meant as a courtesy message.&#10;&#10;The message will be sent in ENGLISH.&#10;&#10;It is up to you how to deal with this. For example, you may want to put '(message will be sent in English)' in your translated text as one example. Or you can leave the actual English text and put a brief translation in your own language.">Shkruaj \"Lojë e mirë\" pas barazimit ose humbjes</string>
  <string name="yourPreferencesHaveBeenSaved">Parapëlqimet tuaja janë ruajtur.</string>
</resources>
