<?xml version="1.0" encoding="utf-8"?>
<resources>
  <string name="preferences">Inställningar</string>
  <string name="gameDisplay">Spelutseende</string>
  <string name="pieceAnimation">Pjäsanimation</string>
  <string name="materialDifference">Materialskillnad</string>
  <string name="boardHighlights">Brädmarkeringar (föregående drag och schack)</string>
  <string name="pieceDestinations">Möjliga drag (giltiga drag och förhandsdrag)</string>
  <string name="boardCoordinates">Brädkoordinater (A-H, 1-8)</string>
  <string name="moveListWhilePlaying">Lista med drag under spelets gång</string>
  <string name="pgnPieceNotation">Dragnotation</string>
  <string name="chessPieceSymbol">Schackpjäs-symbol</string>
  <string name="pgnLetter">Bokstav (K, Q, R, B, N)</string>
  <string name="zenMode" comment="zenMode&#10;&#10;This is not the religious meaning. Turning this option on takes away make elements of the user interface.&#10;&#10;Can also translate as 'Focus mode' as one example.">Zen-läge</string>
  <string name="displayBoardResizeHandle">Visa handtag för att ändra brädets storlek</string>
  <string name="onlyOnInitialPosition">Endast vid ursprunglig position</string>
  <string name="blindfoldChess">Blindschack (Osynliga pjäser)</string>
  <string name="chessClock">Schack-klocka</string>
  <string name="tenthsOfSeconds">Tiondels sekunder</string>
  <string name="whenTimeRemainingLessThanTenSeconds" comment="whenTimeRemainingLessThanTenSeconds&#10;&#10;The &amp;lt; symbol is not required (you can write it as a word), just do NOT use &lt; in its place.&#10;&#10;Technical information: &lt; is a reserved character in HTML, which is why it cannot be used.">När återstående tid &lt; 10 sekunder</string>
  <string name="horizontalGreenProgressBars">Horisontella gröna förloppsindikatorer</string>
  <string name="soundWhenTimeGetsCritical">Ljud när tiden blir kritisk</string>
  <string name="giveMoreTime">Ge mer tid</string>
  <string name="gameBehavior" comment="gameBehavior&#10;&#10;In the user settings page, &quot;Game behavior&quot; is the title of the tab for configuring how the player can interact with the game.">Spelbeteende</string>
  <string name="howDoYouMovePieces">Flytta pjäser</string>
  <string name="clickTwoSquares">Klicka två rutor</string>
  <string name="dragPiece">Drag pjäs</string>
  <string name="bothClicksAndDrag">Båda</string>
  <string name="premovesPlayingDuringOpponentTurn">Förhandsdrag (göra drag i förväg under motståndarens tur)</string>
  <string name="takebacksWithOpponentApproval">Ta tillbaka drag (med motståndarens godkännande)</string>
  <string name="inCasualGamesOnly">Endast i icke rankade partier</string>
  <string name="promoteToQueenAutomatically">Uppgradera till drottning automatiskt</string>
  <string name="whenPremoving">Vid premove</string>
  <string name="claimDrawOnThreefoldRepetitionAutomatically">Begär remi automatiskt vid trefaldig upprepning</string>
  <string name="whenTimeRemainingLessThanThirtySeconds">När återstående tid &lt; 30 sekunder</string>
  <string name="moveConfirmation">Bekräftelse av drag</string>
  <string name="inCorrespondenceGames">I korrespondenspartier</string>
  <string name="correspondenceAndUnlimited">Korrespondens och obegränsad</string>
  <string name="confirmResignationAndDrawOffers">Bekräfta resignation och remi-anbud</string>
  <string name="castleByMovingTheKingTwoSquaresOrOntoTheRook">Sätt att göra rockad</string>
  <string name="castleByMovingTwoSquares">Flytta kungen två rutor</string>
  <string name="castleByMovingOntoTheRook">Flytta kungen till tornet eller 2 steg</string>
  <string name="inputMovesWithTheKeyboard">Mata in drag via tangentbord</string>
  <string name="snapArrowsToValidMoves" comment="snapArrowsToValidMoves&#10;&#10;The 'arrows' are for quick annotations you can do on the board, by holding right mouse button. With this setting enabled, it means the arrows will align themselves to places were pieces can move.">Dra pilar för giltiga drag</string>
  <string name="sayGgWpAfterLosingOrDrawing" comment="sayGgWpAfterLosingOrDrawing&#10;&#10;When enabled, this setting will automatically send 'Good game, well played' to your opponent if you are lose or draw the game. It's meant as a courtesy message.&#10;&#10;The message will be sent in ENGLISH.&#10;&#10;It is up to you how to deal with this. For example, you may want to put '(message will be sent in English)' in your translated text as one example. Or you can leave the actual English text and put a brief translation in your own language.">Säg \"Bra parti, väl spelat\" vid förlust eller remi</string>
  <string name="yourPreferencesHaveBeenSaved">Dina inställningar har sparats.</string>
</resources>
