<?xml version="1.0" encoding="utf-8"?>
<resources>
  <string name="preferences">การตั้งค่า</string>
  <string name="gameDisplay">การแสดงเกม</string>
  <string name="pieceAnimation">ความเร็วตัวหมาก</string>
  <string name="materialDifference">วัตถุที่มีต่างกัน</string>
  <string name="boardHighlights">สีเน้นบนกระดาน (ตาเดินล่าสุด และการรุก)</string>
  <string name="pieceDestinations">เส้นทางของหมาก (ช่องที่เดินได้ และการเดินล่วงหน้า)</string>
  <string name="boardCoordinates">พิกัดกระดาน</string>
  <string name="moveListWhilePlaying">แสดงรายชื่อตาที่เดินในขณะที่เล่น</string>
  <string name="pgnPieceNotation">สัญกรณ์การเดิน</string>
  <string name="chessPieceSymbol">สัญลักษณ์ตัวหมากรุก</string>
  <string name="pgnLetter">ตัวอักษร (K, Q, R, B, N)</string>
  <string name="zenMode" comment="zenMode&#10;&#10;This is not the religious meaning. Turning this option on takes away make elements of the user interface.&#10;&#10;Can also translate as 'Focus mode' as one example.">โหมดซ่อนเร้น</string>
  <string name="displayBoardResizeHandle">แสดงตัวปรับขนาดกระดาน</string>
  <string name="onlyOnInitialPosition">เฉพาะก่อนเริ่มเดินหมาก</string>
  <string name="blindfoldChess">หมากรุกอำพราง (ไม่เห็นตัวหมาก)</string>
  <string name="chessClock">นาฬิกาหมากรุก</string>
  <string name="tenthsOfSeconds">ทศนิยมของวินาที</string>
  <string name="whenTimeRemainingLessThanTenSeconds" comment="whenTimeRemainingLessThanTenSeconds&#10;&#10;The &amp;lt; symbol is not required (you can write it as a word), just do NOT use &lt; in its place.&#10;&#10;Technical information: &lt; is a reserved character in HTML, which is why it cannot be used.">เมื่อเหลือเวลา &lt; 10 วินาที</string>
  <string name="horizontalGreenProgressBars">แถบแนวนอนสีเขียวแสดงความคืบหน้า</string>
  <string name="soundWhenTimeGetsCritical">เสียงเมื่อเวลาถึงจุดวิกฤต</string>
  <string name="giveMoreTime">ให้เวลาเพิ่ม</string>
  <string name="gameBehavior" comment="gameBehavior&#10;&#10;In the user settings page, &quot;Game behavior&quot; is the title of the tab for configuring how the player can interact with the game.">พฤติกรรมของเกม</string>
  <string name="howDoYouMovePieces">คุณเดินหมากอย่างไร?</string>
  <string name="clickTwoSquares">คลิกช่องสองช่อง</string>
  <string name="dragPiece">ลากหมาก</string>
  <string name="bothClicksAndDrag">ทั้งคู่</string>
  <string name="premovesPlayingDuringOpponentTurn">การเดินล่วงหน้า (การเล่นในขณะที่เป็นตาเดินของคู่แข่ง)</string>
  <string name="takebacksWithOpponentApproval">การเดินใหม่ (เมื่อคู่แข่งยินยอม)</string>
  <string name="inCasualGamesOnly">เฉพาะเกมธรรมดา</string>
  <string name="promoteToQueenAutomatically">เลื่อนขั้นเบี้ยเป็นควีนอัตโนมัติ</string>
  <string name="whenPremoving">เมื่อกำลังเดินล่วงหน้า</string>
  <string name="claimDrawOnThreefoldRepetitionAutomatically">อ้างสิทธิ์การเสมอโดยอัตโนมัติเมื่อเดินซ้ำ 3 รอบ</string>
  <string name="whenTimeRemainingLessThanThirtySeconds">เมื่อเหลือเวลา &lt; 30 วินาที</string>
  <string name="moveConfirmation">ยืนยันการเดิน</string>
  <string name="inCorrespondenceGames">เกมแบบยาวนาน</string>
  <string name="correspondenceAndUnlimited">แบบยาวนานและแบบไม่จำกัดเวลา</string>
  <string name="confirmResignationAndDrawOffers">ยืนยันการยอมแพ้และข้อเสนอการเสมอ</string>
  <string name="castleByMovingTheKingTwoSquaresOrOntoTheRook">วิธีการเข้าป้อม</string>
  <string name="castleByMovingTwoSquares">เดินคิงสองช่อง</string>
  <string name="castleByMovingOntoTheRook">เดินคิงไปยังเรือ</string>
  <string name="inputMovesWithTheKeyboard">ทำการเดินด้วยแป้นพิมพ์</string>
  <string name="sayGgWpAfterLosingOrDrawing" comment="sayGgWpAfterLosingOrDrawing&#10;&#10;When enabled, this setting will automatically send 'Good game, well played' to your opponent if you are lose or draw the game. It's meant as a courtesy message.&#10;&#10;The message will be sent in ENGLISH.&#10;&#10;It is up to you how to deal with this. For example, you may want to put '(message will be sent in English)' in your translated text as one example. Or you can leave the actual English text and put a brief translation in your own language.">ส่งคำว่า \"Good game, well played\" เมี่อแพ้หรือเสมอ</string>
  <string name="yourPreferencesHaveBeenSaved">การตั้งค่าของคุณถูกบันทึกแล้ว</string>
</resources>
