<?xml version="1.0" encoding="utf-8"?>
<resources>
  <string name="preferences">Ileri tutmalar</string>
  <string name="gameDisplay">Oýun display</string>
  <string name="pieceAnimation">Çöp animasiýasy</string>
  <string name="materialDifference">Material tapawudy</string>
  <string name="boardHighlights">Tagta indikatorlary (soňky göçüm we şah)</string>
  <string name="pieceDestinations">Çöpüň gidip biljek ýerleri (düzgün göçümler we öň-göçümler)</string>
  <string name="boardCoordinates">Tagta kordinatlary (A-H, 1-8)</string>
  <string name="moveListWhilePlaying">Oýun dowamynda göçüm sanawy</string>
  <string name="pgnPieceNotation">Göçüm notasiýasy</string>
  <string name="chessPieceSymbol">Küşt çöpi nyşany</string>
  <string name="pgnLetter">Harp (Ş, W, R, P, A)</string>
  <string name="zenMode" comment="zenMode&#10;&#10;This is not the religious meaning. Turning this option on takes away make elements of the user interface.&#10;&#10;Can also translate as 'Focus mode' as one example.">Zen mody</string>
  <string name="blindfoldChess">Gözdaňyly küşt (görünmeýän çöpler)</string>
  <string name="chessClock">Küşt sagady</string>
  <string name="tenthsOfSeconds">Sekundyň 10-da 1-i</string>
  <string name="whenTimeRemainingLessThanTenSeconds" comment="whenTimeRemainingLessThanTenSeconds&#10;&#10;The &amp;lt; symbol is not required (you can write it as a word), just do NOT use &lt; in its place.&#10;&#10;Technical information: &lt; is a reserved character in HTML, which is why it cannot be used.">Galan wagt &lt; 10 sekunt bolanda</string>
  <string name="horizontalGreenProgressBars">Keseligine ýaşyl progres zolaklary</string>
  <string name="soundWhenTimeGetsCritical">Wagt aýgytly ýagdaýa gelende ses çykar</string>
  <string name="giveMoreTime">Has köp wagt ber</string>
  <string name="howDoYouMovePieces">Çöpleri nähili göçýäňiz?</string>
  <string name="clickTwoSquares">Iki öýjüge tykla</string>
  <string name="dragPiece">Çöpi süýre</string>
  <string name="bothClicksAndDrag">Ikisem</string>
  <string name="premovesPlayingDuringOpponentTurn">Öň-göçümler (garşydaş gezeginde göçmek)</string>
  <string name="takebacksWithOpponentApproval">Yza-alymlar (garşydaşyň razylygy bilen)</string>
  <string name="inCasualGamesOnly">Diňe reýtingsiz oýunlarda</string>
  <string name="promoteToQueenAutomatically">Awto-wezir</string>
  <string name="whenPremoving">Öň-göçüm göçülýärkä</string>
  <string name="claimDrawOnThreefoldRepetitionAutomatically">3-gaýtalanmada deňligi awto-yglan et</string>
  <string name="whenTimeRemainingLessThanThirtySeconds">Galan wagt &lt; 30 sekunt bolanda</string>
  <string name="moveConfirmation">Göçüm tassyklamasy</string>
  <string name="inCorrespondenceGames">Günlük oýunlar</string>
  <string name="correspondenceAndUnlimited">Günlük we çäksiz</string>
  <string name="confirmResignationAndDrawOffers">Boýun egme we deňlik teklibi tassyklamalary</string>
  <string name="castleByMovingTheKingTwoSquaresOrOntoTheRook">Rakirowka metody</string>
  <string name="castleByMovingTwoSquares">Şany 2 göçüm süýşüriň</string>
  <string name="castleByMovingOntoTheRook">Şany ruha tarap süýşüriň</string>
  <string name="inputMovesWithTheKeyboard">Göçümleri klawiatura bilen düz</string>
  <string name="yourPreferencesHaveBeenSaved">Ileri tutmalaryňyz huşda saklandy.</string>
</resources>
