<?xml version="1.0" encoding="utf-8"?>
<resources>
  <string name="preferences">Mga Kagustuhan</string>
  <string name="gameDisplay">Papakita ng Laro</string>
  <string name="pieceAnimation">Piraso ng animasyon</string>
  <string name="materialDifference">Pagkakaiba ng materyal</string>
  <string name="boardHighlights">Mga highlight ng board (huling galaw at suriin)</string>
  <string name="pieceDestinations">Destinasyon ng piraso ( saktong mga galaw at mga bago gumalaw)</string>
  <string name="boardCoordinates">Mga lokasyon ng Board (A-H, 1-8)</string>
  <string name="moveListWhilePlaying">Galawin ang listahan habang naglalaro</string>
  <string name="pgnPieceNotation">Notasyon ng Galaw</string>
  <string name="chessPieceSymbol">Simbolo ng piraso ng Chess</string>
  <string name="pgnLetter">Letra (K, Q, R, B, N)</string>
  <string name="zenMode" comment="zenMode&#10;&#10;This is not the religious meaning. Turning this option on takes away make elements of the user interface.&#10;&#10;Can also translate as 'Focus mode' as one example.">Zen mode</string>
  <string name="blindfoldChess">May takip ang mata na chess ( hindi makitang mga piraso)</string>
  <string name="chessClock">Orasan ng Chess</string>
  <string name="tenthsOfSeconds">Pangsampu ng isang segundo</string>
  <string name="whenTimeRemainingLessThanTenSeconds" comment="whenTimeRemainingLessThanTenSeconds&#10;&#10;The &amp;lt; symbol is not required (you can write it as a word), just do NOT use &lt; in its place.&#10;&#10;Technical information: &lt; is a reserved character in HTML, which is why it cannot be used.">Kapag ang natitirang oras &lt; 10 segundos</string>
  <string name="horizontalGreenProgressBars">Pahalang na berdeng pag-unlad na mga bar</string>
  <string name="soundWhenTimeGetsCritical">Tutunog kapag ang oras ay naging kritikal</string>
  <string name="giveMoreTime">Magbigay ng maraming oras</string>
  <string name="howDoYouMovePieces">Paano mo igalaw ang mga piraso?</string>
  <string name="clickTwoSquares">I-click ang dalawang kwadrado</string>
  <string name="dragPiece">I-drag ang isang piraso</string>
  <string name="bothClicksAndDrag">Alinman</string>
  <string name="premovesPlayingDuringOpponentTurn">Bago gumalaw (paglalaro sa panahon ng kalaban)</string>
  <string name="takebacksWithOpponentApproval">Mga Pagbawi (na may permiso ng kalaban)</string>
  <string name="inCasualGamesOnly">Sa kaswal na mga laro lamang</string>
  <string name="promoteToQueenAutomatically">Awtomatikong gawing Queen</string>
  <string name="whenPremoving">Kapag bago gumalaw</string>
  <string name="claimDrawOnThreefoldRepetitionAutomatically">Awtomatikong magkuha sa tatlong beses na pag-uulit</string>
  <string name="whenTimeRemainingLessThanThirtySeconds">Kapag ang natitirang oras &lt; 30 segundo</string>
  <string name="moveConfirmation">Kompirmasyon ng galaw</string>
  <string name="inCorrespondenceGames">Mga laro ng pagsusulatan</string>
  <string name="correspondenceAndUnlimited">Pagsusulatan at walang katapusan</string>
  <string name="confirmResignationAndDrawOffers">Kompirmahin ang pagbitiw at mga tabla na mga pag-alok</string>
  <string name="castleByMovingTheKingTwoSquaresOrOntoTheRook">Paraan ng pag-endrok</string>
  <string name="castleByMovingTwoSquares">Galawin ang hari ng dalawang kwadrado</string>
  <string name="castleByMovingOntoTheRook">Igalaw ang Hari sa rook</string>
  <string name="inputMovesWithTheKeyboard">Maglagay ng mga galaw sa keyboard</string>
  <string name="yourPreferencesHaveBeenSaved">Ang iyong mga kagutuhan ay nai-save na.</string>
</resources>
