<?xml version="1.0" encoding="utf-8"?>
<resources>
  <string name="preferences">wile sina pi lipu ni</string>
  <string name="gameDisplay">lukin musi</string>
  <string name="pieceAnimation">nasin lukin pi tawa ijo</string>
  <string name="materialDifference">ante pi nanpa ijo</string>
  <string name="boardHighlights">o lukin e pali pini</string>
  <string name="pieceDestinations">o lukin e pali ken</string>
  <string name="boardCoordinates">o lukin e nimi pi lon mute</string>
  <string name="moveListWhilePlaying">lipu pi pali pi musi ni</string>
  <string name="pgnPieceNotation">nasin sitelen pi tawa ijo</string>
  <string name="chessPieceSymbol">sitelen pi ijo musi</string>
  <string name="pgnLetter">sitelen nimi (K, Q, R, B, N)</string>
  <string name="zenMode" comment="zenMode&#10;&#10;This is not the religious meaning. Turning this option on takes away make elements of the user interface.&#10;&#10;Can also translate as 'Focus mode' as one example.">nasin pi pilin pona</string>
  <string name="displayBoardResizeHandle">o pana lukin e ilo pi ante suli pi supa musi</string>
  <string name="onlyOnInitialPosition">lon tenpo open taso</string>
  <string name="blindfoldChess">ijo musi pi lukin ala</string>
  <string name="chessClock">ilo tenpo</string>
  <string name="tenthsOfSeconds">tenpo lili kipisi pi luka luka</string>
  <string name="whenTimeRemainingLessThanTenSeconds" comment="whenTimeRemainingLessThanTenSeconds&#10;&#10;The &amp;lt; symbol is not required (you can write it as a word), just do NOT use &lt; in its place.&#10;&#10;Technical information: &lt; is a reserved character in HTML, which is why it cannot be used.">tenpo lili awen li luka luka anu mute lili la</string>
  <string name="horizontalGreenProgressBars">laso jelo</string>
  <string name="soundWhenTimeGetsCritical">tenpo li lili la o kalama</string>
  <string name="giveMoreTime">o pana e tenpo</string>
  <string name="gameBehavior" comment="gameBehavior&#10;&#10;In the user settings page, &quot;Game behavior&quot; is the title of the tab for configuring how the player can interact with the game.">nasin pali musi</string>
  <string name="howDoYouMovePieces">sina tawa seme e ijo?</string>
  <string name="clickTwoSquares">o pilin e selo tu</string>
  <string name="dragPiece">o tawa e ijo</string>
  <string name="bothClicksAndDrag">ale</string>
  <string name="premovesPlayingDuringOpponentTurn">tawa lon tenpo kama (sina tawa e ijo tenpo sama la jan ante li musi)</string>
  <string name="takebacksWithOpponentApproval">o weka e tawa (la jan ante li pilin pona)</string>
  <string name="inCasualGamesOnly">taso lon musi pi nanpa ala</string>
  <string name="promoteToQueenAutomatically">o kama e lawa meli la ilo sona li tawa</string>
  <string name="whenPremoving">tenpo sama la jan li pilin e tawa pi tenpo kama</string>
  <string name="claimDrawOnThreefoldRepetitionAutomatically">tawa li sama lon tawa tu wan la o sama e musi</string>
  <string name="whenTimeRemainingLessThanThirtySeconds">tenpo tawa li lili tawa tenpo Sekunta 30</string>
  <string name="moveConfirmation">sina wile tawa la o sina wile toki e ni pi tenpo tu</string>
  <string name="inCorrespondenceGames">musi pi tenpo suli</string>
  <string name="correspondenceAndUnlimited">musi pi tenpo suli en musi pi tenpo ale</string>
  <string name="confirmResignationAndDrawOffers">o toki e ni: sina wile pini ike anu sina wile sama e musi</string>
  <string name="castleByMovingTheKingTwoSquaresOrOntoTheRook">o tawa e tomo utala, e jan lawa lon tenpo tawa sama kepeken nasin seme?</string>
  <string name="castleByMovingTwoSquares">o tawa e lawa mije lon ma pi weka tu</string>
  <string name="castleByMovingOntoTheRook">o tawa e jan lawa tawa ma pi tomo utala</string>
  <string name="inputMovesWithTheKeyboard">ilo sitelen la sina sitelen e pali</string>
  <string name="snapArrowsToValidMoves" comment="snapArrowsToValidMoves&#10;&#10;The 'arrows' are for quick annotations you can do on the board, by holding right mouse button. With this setting enabled, it means the arrows will align themselves to places were pieces can move.">mi sitelen e palisa lon supa musi la, o pali ala pali e ni: palisa li nasin tawa tawa ken taso?</string>
  <string name="sayGgWpAfterLosingOrDrawing" comment="sayGgWpAfterLosingOrDrawing&#10;&#10;When enabled, this setting will automatically send 'Good game, well played' to your opponent if you are lose or draw the game. It's meant as a courtesy message.&#10;&#10;The message will be sent in ENGLISH.&#10;&#10;It is up to you how to deal with this. For example, you may want to put '(message will be sent in English)' in your translated text as one example. Or you can leave the actual English text and put a brief translation in your own language.">mi pini ike anu pini pi anpa ala e musi la, o toki \"musi pona, sina pona\" (toki Inli)</string>
  <string name="yourPreferencesHaveBeenSaved">wile sina li awen.</string>
</resources>
