<?xml version="1.0" encoding="utf-8"?>
<resources>
  <string name="preferences">Налаштування</string>
  <string name="gameDisplay">Вигляд шахівниці</string>
  <string name="pieceAnimation">Анімація ходів</string>
  <string name="materialDifference">Співвідношення матеріалу</string>
  <string name="boardHighlights">Підсвітлення кольором (останнього ходу та шаху)</string>
  <string name="pieceDestinations">Поля для ходів (можливі ходи та ходи на випередження)</string>
  <string name="boardCoordinates">Координати (A-H, 1-8)</string>
  <string name="moveListWhilePlaying">Список ходів під час гри</string>
  <string name="pgnPieceNotation">Нотація ходів</string>
  <string name="chessPieceSymbol">Символ шахової фігури</string>
  <string name="pgnLetter">Літера (K, Q, R, B, N)</string>
  <string name="zenMode" comment="zenMode&#10;&#10;This is not the religious meaning. Turning this option on takes away make elements of the user interface.&#10;&#10;Can also translate as 'Focus mode' as one example.">Режим Дзен</string>
  <string name="displayBoardResizeHandle">Показати інструмент для зміни розміру дошки</string>
  <string name="onlyOnInitialPosition">Лише в початковій позиції</string>
  <string name="blindfoldChess">Шахи наосліп (невидимі фігури)</string>
  <string name="chessClock">Шаховий годинник</string>
  <string name="tenthsOfSeconds">Десяті частки секунди</string>
  <string name="whenTimeRemainingLessThanTenSeconds" comment="whenTimeRemainingLessThanTenSeconds&#10;&#10;The &amp;lt; symbol is not required (you can write it as a word), just do NOT use &lt; in its place.&#10;&#10;Technical information: &lt; is a reserved character in HTML, which is why it cannot be used.">Коли часу залишається &lt; 10 секунд</string>
  <string name="horizontalGreenProgressBars">Горизонтальна зелена смуга</string>
  <string name="soundWhenTimeGetsCritical">Звук, коли часу стає зовсім обмаль</string>
  <string name="giveMoreTime">Додати часу</string>
  <string name="gameBehavior" comment="gameBehavior&#10;&#10;In the user settings page, &quot;Game behavior&quot; is the title of the tab for configuring how the player can interact with the game.">Хід гри</string>
  <string name="howDoYouMovePieces">Як Ви пересуваєте фігури?</string>
  <string name="clickTwoSquares">Натискання на дві клітинки</string>
  <string name="dragPiece">Перетягування фігури</string>
  <string name="bothClicksAndDrag">І так і так</string>
  <string name="premovesPlayingDuringOpponentTurn">Ходи на випередження (коли хід суперника)</string>
  <string name="takebacksWithOpponentApproval">Можливість переходити (за згоди суперника)</string>
  <string name="inCasualGamesOnly">Тільки у товариських іграх</string>
  <string name="promoteToQueenAutomatically">Перетворення пішака завжди на ферзя</string>
  <string name="whenPremoving">Для ходів на випередження</string>
  <string name="claimDrawOnThreefoldRepetitionAutomatically">Автоматично оголошувати нічию при троєкратному повторенні ходів</string>
  <string name="whenTimeRemainingLessThanThirtySeconds">Коли часу залишається &lt; 30 секунд</string>
  <string name="moveConfirmation">Підтвердження ходу</string>
  <string name="inCorrespondenceGames">У заочних партіях</string>
  <string name="correspondenceAndUnlimited">За листуванням та необмежені</string>
  <string name="confirmResignationAndDrawOffers">Підтверджувати повернення ходу та пропозиції нічий</string>
  <string name="castleByMovingTheKingTwoSquaresOrOntoTheRook">Спосіб рокіровки</string>
  <string name="castleByMovingTwoSquares">Перемістити короля на два поля</string>
  <string name="castleByMovingOntoTheRook">Перемістити короля на клітинку, яка межує з турою</string>
  <string name="inputMovesWithTheKeyboard">Вводити ходи за допомогою клавіатури</string>
  <string name="snapArrowsToValidMoves" comment="snapArrowsToValidMoves&#10;&#10;The 'arrows' are for quick annotations you can do on the board, by holding right mouse button. With this setting enabled, it means the arrows will align themselves to places were pieces can move.">Прив\'язати стрілки до можливих ходів</string>
  <string name="sayGgWpAfterLosingOrDrawing" comment="sayGgWpAfterLosingOrDrawing&#10;&#10;When enabled, this setting will automatically send 'Good game, well played' to your opponent if you are lose or draw the game. It's meant as a courtesy message.&#10;&#10;The message will be sent in ENGLISH.&#10;&#10;It is up to you how to deal with this. For example, you may want to put '(message will be sent in English)' in your translated text as one example. Or you can leave the actual English text and put a brief translation in your own language.">Скажіть в чат \"Хороша гра, гарно зіграно\" після поразки або нічиї</string>
  <string name="yourPreferencesHaveBeenSaved">Ваші налаштування збережено.</string>
</resources>
