<?xml version="1.0" encoding="utf-8"?>
<resources>
  <string name="preferences">ترجیحات</string>
  <string name="gameDisplay">بساط کی وضع قطع</string>
  <string name="pieceAnimation">مہروں کی حرکت</string>
  <string name="materialDifference">مہروں کا فرق</string>
  <string name="boardHighlights">آخری چال اور شہ بساط پر نمایاں کریں</string>
  <string name="pieceDestinations">مہروں کے ممکنہ گھر (صحیح اور خودکار چالوں کے لیے)۔</string>
  <string name="boardCoordinates">خانہ جات  (A-H, 1-8)</string>
  <string name="moveListWhilePlaying">دوران کھیل چالوں کی فہرست</string>
  <string name="pgnPieceNotation">چالوں کی نوٹیشن</string>
  <string name="chessPieceSymbol">شطرنج کے مہرے کہ علامات</string>
  <string name="pgnLetter">حرف (K, Q, R, B, N)</string>
  <string name="zenMode" comment="zenMode&#10;&#10;This is not the religious meaning. Turning this option on takes away make elements of the user interface.&#10;&#10;Can also translate as 'Focus mode' as one example.">زن موڈ</string>
  <string name="displayBoardResizeHandle">بساط کی وضع قطع تبدیل کرنے والا ہینڈل</string>
  <string name="onlyOnInitialPosition">صرف ابتدائی پوزیشن میں</string>
  <string name="blindfoldChess">نابینا شطرنج (مہرے نظر نہیں آئیں کے)۔</string>
  <string name="chessClock">گھڑی سے متعلق</string>
  <string name="tenthsOfSeconds">سیکنڈ کا دسواں حصہ</string>
  <string name="whenTimeRemainingLessThanTenSeconds" comment="whenTimeRemainingLessThanTenSeconds&#10;&#10;The &amp;lt; symbol is not required (you can write it as a word), just do NOT use &lt; in its place.&#10;&#10;Technical information: &lt; is a reserved character in HTML, which is why it cannot be used.">جب بقیہ وقت ۱۰ سیکنڈ سے کم ہو</string>
  <string name="horizontalGreenProgressBars">افقی سبز پیشرفت نما</string>
  <string name="soundWhenTimeGetsCritical">قلت وقت پر آواز کا بجنا</string>
  <string name="giveMoreTime">مزید وقت دیں</string>
  <string name="gameBehavior" comment="gameBehavior&#10;&#10;In the user settings page, &quot;Game behavior&quot; is the title of the tab for configuring how the player can interact with the game.">کھیل سے متعلقہ</string>
  <string name="howDoYouMovePieces">مہرے کس طرح چلائے جاتے ہیں?</string>
  <string name="clickTwoSquares">دو خانوں پر کلک کریں</string>
  <string name="dragPiece">مہرے کو اٹھائیں</string>
  <string name="bothClicksAndDrag">یا تو</string>
  <string name="premovesPlayingDuringOpponentTurn">خودکار چالیں - باری سے پہلے چلی گئی چالیں</string>
  <string name="takebacksWithOpponentApproval">چالوں کی واپسی )حریف کی مرضی پر منحصر)</string>
  <string name="inCasualGamesOnly">صرف دوستانہ مقابلوں میں</string>
  <string name="promoteToQueenAutomatically">پیادہ خودبخود وزیر بن جائے</string>
  <string name="whenPremoving">خودکار چالوں میں</string>
  <string name="claimDrawOnThreefoldRepetitionAutomatically">تیں دفعہ دہرائی پر برابری کا دعویٰ کریں</string>
  <string name="whenTimeRemainingLessThanThirtySeconds">جب بقیہ وقت ۳۰ سیکنڈ سے کم ہو</string>
  <string name="moveConfirmation">چال تصدیق پر چلی جائے گی</string>
  <string name="inCorrespondenceGames">قلمی کھیل</string>
  <string name="correspondenceAndUnlimited">کورسپونڈنس اور لا محدود</string>
  <string name="confirmResignationAndDrawOffers">استعفیٰ اور برابری کی پیش کشیں منظور کریں</string>
  <string name="castleByMovingTheKingTwoSquaresOrOntoTheRook">کاسلنگ کا طریقہ</string>
  <string name="castleByMovingTwoSquares">بادشاہ کو دو خانے چالایں</string>
  <string name="castleByMovingOntoTheRook">بادشاہ کو رخ پر منتقل کریں</string>
  <string name="inputMovesWithTheKeyboard">کی بورڈ کے ذریعے چالیں داخل کریں</string>
  <string name="yourPreferencesHaveBeenSaved">آپ کے اندراج محفوظ کر دیے گئے ہیں</string>
</resources>
