<?xml version="1.0" encoding="utf-8"?>
<resources>
  <string name="preferences">Shaxsiy sozlanmalar</string>
  <string name="gameDisplay">O\'yin oynasi</string>
  <string name="pieceAnimation">Qism animatsiyalar</string>
  <string name="materialDifference">Materiallar farqi</string>
  <string name="boardHighlights">Doskadagi rang bilan ajratsih (oxirgi yurish va shoh)</string>
  <string name="pieceDestinations">Mumkin bo\'lgan yurishlani ko\'rsatish</string>
  <string name="boardCoordinates">Doska koordinatalari (A-H, 1-8)</string>
  <string name="moveListWhilePlaying">O\'yin davomida yurishlar ro\'yhatini ko\'rsatish</string>
  <string name="pgnPieceNotation">Yurishlarni qayd qilib borish</string>
  <string name="chessPieceSymbol">Sipoh belgisi</string>
  <string name="pgnLetter">Harflar (K, Q, R, B, N)</string>
  <string name="zenMode" comment="zenMode&#10;&#10;This is not the religious meaning. Turning this option on takes away make elements of the user interface.&#10;&#10;Can also translate as 'Focus mode' as one example.">Zen holati (faqat doska va soat)</string>
  <string name="displayBoardResizeHandle">Doskani o\'lchamini o\'gartiruvchi uskunani namoyishi</string>
  <string name="onlyOnInitialPosition">Faqat boshlang\'ich holatda</string>
  <string name="blindfoldChess">Ko\'zlar berklitilgan shahmat (sipohlar ko\'rinmas holda)</string>
  <string name="chessClock">Shaxmat Soati</string>
  <string name="tenthsOfSeconds">10 lab sekundlar</string>
  <string name="whenTimeRemainingLessThanTenSeconds" comment="whenTimeRemainingLessThanTenSeconds&#10;&#10;The &amp;lt; symbol is not required (you can write it as a word), just do NOT use &lt; in its place.&#10;&#10;Technical information: &lt; is a reserved character in HTML, which is why it cannot be used.">Qachonki vaqt tugashiga &lt; 10 sekundlar bo\'lsa</string>
  <string name="horizontalGreenProgressBars">Gorizantal yashil rangdagi jarayon indikatori</string>
  <string name="soundWhenTimeGetsCritical">Vaqt kritik holatga kelganda ovoz ovoz berish</string>
  <string name="giveMoreTime">Takroran berish</string>
  <string name="gameBehavior" comment="gameBehavior&#10;&#10;In the user settings page, &quot;Game behavior&quot; is the title of the tab for configuring how the player can interact with the game.">O\'yin hatti harakatlari</string>
  <string name="howDoYouMovePieces">Sipohlarni qanday yurasiz?</string>
  <string name="clickTwoSquares">Ikkita kvadratni bosing</string>
  <string name="dragPiece">Sipohni suring</string>
  <string name="bothClicksAndDrag">Ikkalasi ham</string>
  <string name="premovesPlayingDuringOpponentTurn">Oldindan yurishlar (sherik yurganicha yurish)</string>
  <string name="takebacksWithOpponentApproval">Ortga qaytarishlar (sherik roziligi bilan)</string>
  <string name="inCasualGamesOnly">Faqat vaqtinchalik o\'yinlarda</string>
  <string name="promoteToQueenAutomatically">Qirolicha darajasigacha avtomatik tarzda oshirish</string>
  <string name="whenPremoving">Oldindan yurilganda</string>
  <string name="claimDrawOnThreefoldRepetitionAutomatically">Avtomatik tarzda uch karra takrorlashga ariza berish</string>
  <string name="whenTimeRemainingLessThanThirtySeconds">Qachonki vaqt tugashiga &lt; 30 sekundlar bo\'lsa</string>
  <string name="moveConfirmation">Yurishni tasdiqlash</string>
  <string name="inCorrespondenceGames">Yozishmali o\'yinlar</string>
  <string name="correspondenceAndUnlimited">Yozishmali va vaqtda chegaralanmagan</string>
  <string name="confirmResignationAndDrawOffers">Durrangga rozi bo\'lib, o\'yinni yakunlashni tasdiqlash</string>
  <string name="castleByMovingTheKingTwoSquaresOrOntoTheRook">Rokirovka usuli</string>
  <string name="castleByMovingTwoSquares">Qirolni ikki katakka yuring</string>
  <string name="castleByMovingOntoTheRook">Qirolni to\'ra tomonga yuring</string>
  <string name="inputMovesWithTheKeyboard">Yurish klaviatura orqali amalga oshiriladi</string>
  <string name="snapArrowsToValidMoves" comment="snapArrowsToValidMoves&#10;&#10;The 'arrows' are for quick annotations you can do on the board, by holding right mouse button. With this setting enabled, it means the arrows will align themselves to places were pieces can move.">Ishonchli yurishlarga oʻqlarni torting</string>
  <string name="sayGgWpAfterLosingOrDrawing" comment="sayGgWpAfterLosingOrDrawing&#10;&#10;When enabled, this setting will automatically send 'Good game, well played' to your opponent if you are lose or draw the game. It's meant as a courtesy message.&#10;&#10;The message will be sent in ENGLISH.&#10;&#10;It is up to you how to deal with this. For example, you may want to put '(message will be sent in English)' in your translated text as one example. Or you can leave the actual English text and put a brief translation in your own language.">Magʻlubiyatga uchraganingizda \"Yaxshi oʻyin, yaxshi oʻnaldi\" deb ayting</string>
  <string name="yourPreferencesHaveBeenSaved">Sizning sozlashlaringiz saqlandi.</string>
</resources>
