<?xml version="1.0" encoding="utf-8"?>
<resources>
  <string name="search">Busqueda</string>
  <string name="advancedSearch">Busqueda abanzada</string>
  <plurals name="searchInXGames">
    <item quantity="one">Busca en %s partida</item>
    <item quantity="other">Busca en %s partidas</item>
  </plurals>
  <plurals name="xGamesFound">
    <item quantity="one">S\'ha trobau %s partida</item>
    <item quantity="other">S\'han trobau %s partidas</item>
  </plurals>
  <string name="opponentName">Nombre de l\'oponent</string>
  <string name="loser">Perdedor</string>
  <string name="from">Dende</string>
  <string name="to">Dica</string>
  <string name="humanOrComputer">Si l\'oponent yera humano u un ordinador</string>
  <string name="aiLevel">Libel d\'I.A</string>
  <string name="source">Orichen</string>
  <string name="nbTurns">Numero de redolins</string>
  <string name="result">Resultau</string>
  <string name="winnerColor">Color d\'o ganador</string>
  <string name="date">Data</string>
  <string name="sortBy">Ordenar per</string>
  <string name="analysis">Analisi</string>
  <string name="onlyAnalysed">Nomás partidas que tiengan una analisi per ordinador disponible</string>
</resources>
