<?xml version="1.0" encoding="utf-8"?>
<resources>
  <string name="search">بحث</string>
  <string name="advancedSearch">بحث متقدم</string>
  <plurals name="searchInXGames">
    <item quantity="zero">البحث في %s ألعاب الشطرنج</item>
    <item quantity="one">البحث في مباراة شطرنج واحدة</item>
    <item quantity="two">البحث في مبارتي شطرنج</item>
    <item quantity="few">البحث في %s مباريات شطرنج</item>
    <item quantity="many">البحث في %s مباراة شطرنج</item>
    <item quantity="other">البحث في %s مباريات شطرنج</item>
  </plurals>
  <plurals name="xGamesFound">
    <item quantity="zero">لم يتم العثور على أي ألعاب</item>
    <item quantity="one">تم العثور على مباراة واحدة</item>
    <item quantity="two">تم العثور على مبارتان</item>
    <item quantity="few">تم العثور على %s مباريات</item>
    <item quantity="many">تم العثور على %s مباراة</item>
    <item quantity="other">تم العثور على %s مباراة</item>
  </plurals>
  <string name="opponentName">اسم الخصم</string>
  <string name="loser">الخاسر</string>
  <string name="from">من</string>
  <string name="to">الى</string>
  <string name="humanOrComputer">سواءً كان الخصم بشرياً أو جهاز كمبيوتر</string>
  <string name="aiLevel">مستوى الذكاء الاصطناعي</string>
  <string name="source">المصدر</string>
  <string name="nbTurns">عدد الادوار</string>
  <string name="result">النتيجة</string>
  <string name="winnerColor">لون الفائز</string>
  <string name="date">تاريخ</string>
  <string name="sortBy">ترتيب حسب</string>
  <string name="analysis">تحليل</string>
  <string name="onlyAnalysed">فقط المباريات التي يتوفر تحليل الكمبيوتر لها</string>
</resources>
