<?xml version="1.0" encoding="utf-8"?>
<resources>
  <string name="search">Пошук</string>
  <string name="advancedSearch">Пашыраны пошук</string>
  <plurals name="searchInXGames">
    <item quantity="one">Шукаць у %s гульне</item>
    <item quantity="few">Шукаць у %s гульнях</item>
    <item quantity="many">Шукаць у %s гульнях</item>
    <item quantity="other">Шукаць у %s гульнях</item>
  </plurals>
  <plurals name="xGamesFound">
    <item quantity="one">Знойдзена %s гульня</item>
    <item quantity="few">Знойдзена %s гульні</item>
    <item quantity="many">Знойдзена %s гульняў</item>
    <item quantity="other">Знойдзена %s гульняў</item>
  </plurals>
  <string name="opponentName">Імя суперніка</string>
  <string name="loser">Пацярпелы</string>
  <string name="from">Ад</string>
  <string name="to">Да</string>
  <string name="humanOrComputer">З\'яўляецца лі супернік чалавекам або камп\'ютарам</string>
  <string name="aiLevel">Узровень Ш.І.</string>
  <string name="source">Крыніца</string>
  <string name="nbTurns">Колькасць хадоў</string>
  <string name="result">Вынік</string>
  <string name="winnerColor">Колер пераможца</string>
  <string name="date">Дата</string>
  <string name="sortBy">Сартаваць па</string>
  <string name="analysis">Аналіз</string>
  <string name="onlyAnalysed">Толькі гульні, для якіх даступны камп\'ютарны аналіз</string>
</resources>
