<?xml version="1.0" encoding="utf-8"?>
<resources>
  <string name="search">Klask</string>
  <string name="advancedSearch">Enklask araokaet</string>
  <plurals name="searchInXGames">
    <item quantity="one">Klask en %s c\'hrogad echedoù</item>
    <item quantity="two">Klask e %s grogad echedoù</item>
    <item quantity="few">Klask e %s krogad echedoù</item>
    <item quantity="many">Klask e %s krogad echedoù</item>
    <item quantity="other">Klask e %s krogad echedoù</item>
  </plurals>
  <plurals name="xGamesFound">
    <item quantity="one">Kaver zo bet ur c\'hrogad</item>
    <item quantity="two">%s grogad zo bet kavet</item>
    <item quantity="few">%s krogad zo bet kavet</item>
    <item quantity="many">%s krogad zo bet kavet</item>
    <item quantity="other">%s krogad zo bet kavet</item>
  </plurals>
  <string name="opponentName">Anv an enebour</string>
  <string name="loser">Kollet</string>
  <string name="from">Etre</string>
  <string name="to">Ha</string>
  <string name="humanOrComputer">Hag-eñ e oa an enebour un urzhiataer pe un den</string>
  <string name="aiLevel">Live an urzhiataer</string>
  <string name="source">Orin</string>
  <string name="nbTurns">Niver a fiñvadennoù</string>
  <string name="result">Disoc\'h</string>
  <string name="winnerColor">Liv an hini trec\'h</string>
  <string name="date">Deiziad</string>
  <string name="sortBy">Rummañ</string>
  <string name="analysis">Dielfennañ</string>
  <string name="onlyAnalysed">Ar c\'hrogadoù a c\'haller dielfennañ gant an urzhiataer hepken</string>
</resources>
