<?xml version="1.0" encoding="utf-8"?>
<resources>
  <string name="search">Traži</string>
  <string name="advancedSearch">Napredna pretraga</string>
  <plurals name="searchInXGames">
    <item quantity="one">Pretraga %s šahovske partije</item>
    <item quantity="few">Pretraga %s šahovske partije</item>
    <item quantity="other">Pretraga %s šahovskih partija</item>
  </plurals>
  <plurals name="xGamesFound">
    <item quantity="one">Jenda partija pronađena</item>
    <item quantity="few">%s partije pronađene</item>
    <item quantity="other">%s partija pronađeno</item>
  </plurals>
  <string name="opponentName">Ime protivnika</string>
  <string name="loser">Gubitnik</string>
  <string name="from">Od</string>
  <string name="to">Do</string>
  <string name="humanOrComputer">Bilo da je protivnik bio čovjek ili računar</string>
  <string name="aiLevel">Nivo V.I.</string>
  <string name="source">Izvor</string>
  <string name="nbTurns">Broj poteza</string>
  <string name="result">Rezultat</string>
  <string name="winnerColor">Boja pobjednika</string>
  <string name="date">Datum</string>
  <string name="sortBy">Sortiraj po</string>
  <string name="analysis">Analiza</string>
  <string name="onlyAnalysed">Samo partije u kojima je dostupna računarska analiza</string>
</resources>
