<?xml version="1.0" encoding="utf-8"?>
<resources>
  <string name="search">Søg</string>
  <string name="advancedSearch">Avanceret søgning</string>
  <plurals name="searchInXGames">
    <item quantity="one">Søg i %s skakparti</item>
    <item quantity="other">Søg i %s skakpartier</item>
  </plurals>
  <plurals name="xGamesFound">
    <item quantity="one">Ét parti fundet</item>
    <item quantity="other">%s partier fundet</item>
  </plurals>
  <string name="opponentName">Modstanders navn</string>
  <string name="loser">Taber</string>
  <string name="from">Fra</string>
  <string name="to">Til</string>
  <string name="humanOrComputer">Om spillerens modstander var et menneske eller en computer</string>
  <string name="aiLevel">A.I. niveau</string>
  <string name="source">Kilde</string>
  <string name="nbTurns">Antal ture</string>
  <string name="result">Resultat</string>
  <string name="winnerColor">Vinderfarve</string>
  <string name="date">Dato</string>
  <string name="sortBy">Sorter efter</string>
  <string name="analysis">Analyse</string>
  <string name="onlyAnalysed">Kun partier med en tilgængelig computeranalyse</string>
</resources>
