<?xml version="1.0" encoding="utf-8"?>
<resources>
  <string name="search">Αναζήτηση</string>
  <string name="advancedSearch">Προχωρημένη αναζήτηση</string>
  <plurals name="searchInXGames">
    <item quantity="one">Αναζήτηση σε %s παρτίδα</item>
    <item quantity="other">Αναζήτηση σε %s παρτίδες</item>
  </plurals>
  <plurals name="xGamesFound">
    <item quantity="one">Μία παρτίδα βρέθηκε</item>
    <item quantity="other">%s παρτίδες βρέθηκαν</item>
  </plurals>
  <string name="opponentName">Όνομα αντιπάλου</string>
  <string name="loser">Ηττημένος</string>
  <string name="from">Από</string>
  <string name="to">Έως</string>
  <string name="humanOrComputer">Αν ο αντίπαλος του παίκτη ήταν άνθρωπος ή υπολογιστής</string>
  <string name="aiLevel">Επίπεδο τεχνητής νοημοσύνης</string>
  <string name="source">Πηγή</string>
  <string name="nbTurns">Αριθμός γύρων</string>
  <string name="result">Αποτέλεσμα</string>
  <string name="winnerColor">Χρώμα νικητή</string>
  <string name="date">Ημερομηνία</string>
  <string name="sortBy">Ταξινόμηση κατά</string>
  <string name="analysis">Ανάλυση</string>
  <string name="onlyAnalysed">Μόνο παρτίδες με ανάλυση από υπολογιστή</string>
</resources>
