<?xml version="1.0" encoding="utf-8"?>
<resources>
  <string name="search">Search</string>
  <string name="advancedSearch">Advanced search</string>
  <plurals name="searchInXGames">
    <item quantity="one">Search in %s chess game</item>
    <item quantity="other">Search in %s chess games</item>
  </plurals>
  <plurals name="xGamesFound">
    <item quantity="one">One game found</item>
    <item quantity="other">%s games found</item>
  </plurals>
  <string name="opponentName">Opponent name</string>
  <string name="loser">Loser</string>
  <string name="from">From</string>
  <string name="to">To</string>
  <string name="humanOrComputer">Whether the player\'s opponent was human or a computer</string>
  <string name="aiLevel">A.I. level</string>
  <string name="source">Source</string>
  <string name="nbTurns">Number of turns</string>
  <string name="result">Result</string>
  <string name="winnerColor">Winner color</string>
  <string name="date">Date</string>
  <string name="sortBy">Sort by</string>
  <string name="analysis">Analysis</string>
  <string name="onlyAnalysed">Only games where a computer analysis is available</string>
</resources>
