<?xml version="1.0" encoding="utf-8"?>
<resources>
  <string name="search">Serĉi</string>
  <string name="advancedSearch">Pli detala serĉo</string>
  <plurals name="searchInXGames">
    <item quantity="one">Serĉi en %s ŝakludo</item>
    <item quantity="other">Serĉi en %s ŝakludoj</item>
  </plurals>
  <plurals name="xGamesFound">
    <item quantity="one">Unu trovita ludo</item>
    <item quantity="other">%s trovitaj ludoj</item>
  </plurals>
  <string name="opponentName">Nomo de la kontraŭulo</string>
  <string name="loser">Perdanto</string>
  <string name="from">El</string>
  <string name="to">ĝis</string>
  <string name="humanOrComputer">Ĉu la kontraŭulo de la ludanto estis homo aŭ komputilo</string>
  <string name="aiLevel">A.I. nivelo</string>
  <string name="source">Fonto</string>
  <string name="nbTurns">Nombro da ludvicoj</string>
  <string name="result">Rezulto</string>
  <string name="winnerColor">Koloro de la venkanto</string>
  <string name="date">Dato</string>
  <string name="sortBy">Ordigi laŭ</string>
  <string name="analysis">Analizo</string>
  <string name="onlyAnalysed">Nur ludoj, kie disponeblas komputila analizo</string>
</resources>
