<?xml version="1.0" encoding="utf-8"?>
<resources>
  <string name="search">Búsqueda</string>
  <string name="advancedSearch">Búsqueda avanzada</string>
  <plurals name="searchInXGames">
    <item quantity="one">Busca en %s partida</item>
    <item quantity="other">Busca en %s partidas</item>
  </plurals>
  <plurals name="xGamesFound">
    <item quantity="one">Se ha encontrado %s partida</item>
    <item quantity="other">Se han encontrado %s partidas</item>
  </plurals>
  <string name="opponentName">Nombre del oponente</string>
  <string name="loser">Perdedor</string>
  <string name="from">Desde</string>
  <string name="to">Hasta</string>
  <string name="humanOrComputer">Si el oponente era humano o un ordenador</string>
  <string name="aiLevel">Nivel I.A</string>
  <string name="source">Origen</string>
  <string name="nbTurns">Cantidad de turnos</string>
  <string name="result">Resultado</string>
  <string name="winnerColor">Color del ganador</string>
  <string name="date">Fecha</string>
  <string name="sortBy">Ordenar por</string>
  <string name="analysis">Análisis</string>
  <string name="onlyAnalysed">Solo partidas que tengan un análisis por ordenador disponible</string>
</resources>
