<?xml version="1.0" encoding="utf-8"?>
<resources>
  <string name="search">Bilatu</string>
  <string name="advancedSearch">Bilaketa aurreratua</string>
  <plurals name="searchInXGames">
    <item quantity="one">Partida %sen bilatu</item>
    <item quantity="other">%s partidatan bilatu</item>
  </plurals>
  <plurals name="xGamesFound">
    <item quantity="one">Partida bat aurkitu da</item>
    <item quantity="other">%s partida aurkitu dira</item>
  </plurals>
  <string name="opponentName">Aurkariaren izena</string>
  <string name="loser">Galtzailea</string>
  <string name="from">Noiztik</string>
  <string name="to">Noiz arte</string>
  <string name="humanOrComputer">Aurkaria ordenagailua zen ala ez</string>
  <string name="aiLevel">I.A. maila</string>
  <string name="source">Jatorria</string>
  <string name="nbTurns">Txanda kopurua</string>
  <string name="result">Emaitza</string>
  <string name="winnerColor">Irabazlearen kolorea</string>
  <string name="date">Data</string>
  <string name="sortBy">Honen arabera ordenatu</string>
  <string name="analysis">Analisia</string>
  <string name="onlyAnalysed">Ordenagailuaren analisia duten partidak bakarrik</string>
</resources>
