<?xml version="1.0" encoding="utf-8"?>
<resources>
  <string name="search">חיפוש</string>
  <string name="advancedSearch">חיפוש מתקדם</string>
  <plurals name="searchInXGames">
    <item quantity="one">חפש ב%s משחק</item>
    <item quantity="two">חפש ב%s משחקים</item>
    <item quantity="many">חפש ב%s משחקים</item>
    <item quantity="other">חפש ב%s משחקים</item>
  </plurals>
  <plurals name="xGamesFound">
    <item quantity="one">משחק אחד נמצא</item>
    <item quantity="two">%s משחקים נמצאו</item>
    <item quantity="many">%s משחקים נמצאו</item>
    <item quantity="other">%s משחקים נמצאו</item>
  </plurals>
  <string name="opponentName">שם היריב</string>
  <string name="loser">מפסיד</string>
  <string name="from">מ</string>
  <string name="to">ל</string>
  <string name="humanOrComputer">אם היריב של השחקן היה אנושי או מחשב</string>
  <string name="aiLevel">רמת המנוע</string>
  <string name="source">מקור</string>
  <string name="nbTurns">מספר התורות</string>
  <string name="result">תוצאה</string>
  <string name="winnerColor">הצבע המנצח</string>
  <string name="date">תאריך</string>
  <string name="sortBy">מיין לפי</string>
  <string name="analysis">ניתוח</string>
  <string name="onlyAnalysed">רק משחקים בהם ניתוח המחשב זמין</string>
</resources>
