<?xml version="1.0" encoding="utf-8"?>
<resources>
  <string name="search">खोजें</string>
  <string name="advancedSearch">उच्च खोज</string>
  <plurals name="searchInXGames">
    <item quantity="one">%s शतरंज के खेल में खोजें</item>
    <item quantity="other">%s शतरंज के खेलो में खोजें</item>
  </plurals>
  <plurals name="xGamesFound">
    <item quantity="one">एक खेल मिला</item>
    <item quantity="other">%s खेल मिले</item>
  </plurals>
  <string name="opponentName">प्रतिद्वंद्वी का नाम</string>
  <string name="loser">हारनेवाला</string>
  <string name="from">से</string>
  <string name="to">को</string>
  <string name="humanOrComputer">खिलाड़ी का प्रतिद्वंद्वी मानव था या कंप्यूटर</string>
  <string name="aiLevel">A.I. स्तर</string>
  <string name="source">स्रोत</string>
  <string name="nbTurns">चालो की संख्या</string>
  <string name="result">परिणाम</string>
  <string name="winnerColor">विजेता का रंग</string>
  <string name="date">दिनांक</string>
  <string name="sortBy">क्रमबद्ध करें</string>
  <string name="analysis">विश्लेषण</string>
  <string name="onlyAnalysed">केवल ऐसे गेम जहां कंप्यूटर विश्लेषण उपलब्ध है</string>
</resources>
