<?xml version="1.0" encoding="utf-8"?>
<resources>
  <string name="search">Traži</string>
  <string name="advancedSearch">Napredno pretraživanje</string>
  <plurals name="searchInXGames">
    <item quantity="one">Traži u %s šahovskih partija</item>
    <item quantity="few">Traži u %s šahovskih partija</item>
    <item quantity="other">Traži u %s šahovskih partija</item>
  </plurals>
  <plurals name="xGamesFound">
    <item quantity="one">Pronađena je jedna partija</item>
    <item quantity="few">Pronađeno je %s partija</item>
    <item quantity="other">Pronađeno je %s partija</item>
  </plurals>
  <string name="opponentName">Ime suparnika</string>
  <string name="loser">Gubitnik</string>
  <string name="from">Od</string>
  <string name="to">Do</string>
  <string name="humanOrComputer">Bilo da je protivnik igrača bio čovjek ili kompjuter</string>
  <string name="aiLevel">Nivo U.I.</string>
  <string name="source">Izvor</string>
  <string name="nbTurns">Broj poteza</string>
  <string name="result">Rezultat</string>
  <string name="winnerColor">Boja pobjednika</string>
  <string name="date">Datum</string>
  <string name="sortBy">Sortiraj prema</string>
  <string name="analysis">Analiza</string>
  <string name="onlyAnalysed">Samo partije u kojima je dostupna šahovska analiza</string>
</resources>
