<?xml version="1.0" encoding="utf-8"?>
<resources>
  <string name="search">Cari</string>
  <string name="advancedSearch">Pencarian lanjutan</string>
  <plurals name="searchInXGames">
    <item quantity="other">Cari dalam %s permainan catur</item>
  </plurals>
  <plurals name="xGamesFound">
    <item quantity="other">%s permainan ditemukan</item>
  </plurals>
  <string name="opponentName">Nama lawan pemain</string>
  <string name="loser">Kalah</string>
  <string name="from">Dari</string>
  <string name="to">Ke</string>
  <string name="humanOrComputer">Apakah lawan pemain adalah manusia atau komputer</string>
  <string name="aiLevel">Kekuatan A.I.</string>
  <string name="source">Sumber</string>
  <string name="nbTurns">Jumlah langkah</string>
  <string name="result">Hasil</string>
  <string name="winnerColor">Warna pemenang</string>
  <string name="date">Tanggal</string>
  <string name="sortBy">Urut berdasarkan</string>
  <string name="analysis">Analisa</string>
  <string name="onlyAnalysed">Hanya permainan di mana analisa komputer tersedia</string>
</resources>
