<?xml version="1.0" encoding="utf-8"?>
<resources>
  <string name="search">検索</string>
  <string name="advancedSearch">高度な検索</string>
  <plurals name="searchInXGames">
    <item quantity="other">全 %s 局から検索</item>
  </plurals>
  <plurals name="xGamesFound">
    <item quantity="other">%s 局ありました</item>
  </plurals>
  <string name="opponentName">対局相手</string>
  <string name="loser">敗者</string>
  <string name="from">From</string>
  <string name="to">To</string>
  <string name="humanOrComputer">対戦相手が人間かコンピュータか</string>
  <string name="aiLevel">AI レベル</string>
  <string name="source">検索対象</string>
  <string name="nbTurns">手数</string>
  <string name="result">結果</string>
  <string name="winnerColor">勝者の色</string>
  <string name="date">日付</string>
  <string name="sortBy">並べ替え基準</string>
  <string name="analysis">解析</string>
  <string name="onlyAnalysed">コンピュータ解析のある棋譜だけが対象</string>
</resources>
