<?xml version="1.0" encoding="utf-8"?>
<resources>
  <string name="search">ძებნა</string>
  <string name="advancedSearch">გაფართოებული ძებნა</string>
  <plurals name="searchInXGames">
    <item quantity="one">მოძებნე %s თამაშში</item>
    <item quantity="other">მოძებნე თამაშებში %s</item>
  </plurals>
  <plurals name="xGamesFound">
    <item quantity="one">მოიძებნა %s თამაში</item>
    <item quantity="other">მოიძებნა %s თამაში</item>
  </plurals>
  <string name="opponentName">მოწინააღმდეგის სახელი</string>
  <string name="loser">დამარცხებული</string>
  <string name="from">დან</string>
  <string name="to">მდე</string>
  <string name="humanOrComputer">ადამიანი თუ კომპიუტერი</string>
  <string name="aiLevel">A.I.-ის დონე</string>
  <string name="nbTurns">სვლების რაოდენობა</string>
  <string name="result">შედეგი</string>
  <string name="winnerColor">გამარჯვებული ფერი</string>
  <string name="date">თარიღი</string>
  <string name="sortBy">დაალაგე</string>
  <string name="analysis">ანალიზი</string>
  <string name="onlyAnalysed">მხოლოდ ის თამაშები რომელთა კომპ. ანალიზიც შესაძლებელია</string>
</resources>
