<?xml version="1.0" encoding="utf-8"?>
<resources>
  <string name="search">Lê bigere</string>
  <string name="advancedSearch">Lêgerîna pêşketî</string>
  <plurals name="searchInXGames">
    <item quantity="one">Di %s lîstika kişikê de bigere</item>
    <item quantity="other">Di %s lîstikên kişikê de bigere</item>
  </plurals>
  <plurals name="xGamesFound">
    <item quantity="one">Lîstikek hat dîtin</item>
    <item quantity="other">%s lîstik hat dîtin</item>
  </plurals>
  <string name="opponentName">Navê Reqîbê</string>
  <string name="loser">Binketî</string>
  <string name="from">Ji</string>
  <string name="to">Ji</string>
  <string name="humanOrComputer">Reqîbê lîzerê kompûter e yan mirov e</string>
  <string name="aiLevel">Asta H.Ç</string>
  <string name="source">Çavkanî</string>
  <string name="nbTurns">Hejmara doran</string>
  <string name="result">Encam</string>
  <string name="winnerColor">Rengê serketiyê</string>
  <string name="date">Dîrok</string>
  <string name="sortBy">Rêz bike</string>
  <string name="analysis">Analîz</string>
  <string name="onlyAnalysed">Tenê lîstikên ku analîza kompûter pekan e</string>
</resources>
