<?xml version="1.0" encoding="utf-8"?>
<resources>
  <string name="search">검색</string>
  <string name="advancedSearch">고급 검색</string>
  <plurals name="searchInXGames">
    <item quantity="other">%s 체스 게임에서 검색한 결과</item>
  </plurals>
  <plurals name="xGamesFound">
    <item quantity="other">%s개의 게임을 찾았습니다</item>
  </plurals>
  <string name="opponentName">상대 이름</string>
  <string name="loser">패배자</string>
  <string name="from">From</string>
  <string name="to">To</string>
  <string name="humanOrComputer">플레이어의 상대가 인간인지 컴퓨터인지 여부</string>
  <string name="aiLevel">인공지능 레벨</string>
  <string name="source">출처</string>
  <string name="nbTurns">턴 수</string>
  <string name="result">결과</string>
  <string name="winnerColor">승리한 색</string>
  <string name="date">날짜</string>
  <string name="sortBy">다음으로 정렬:</string>
  <string name="analysis">분석</string>
  <string name="onlyAnalysed">컴퓨터 분석이 가능한 게임만</string>
</resources>
