<?xml version="1.0" encoding="utf-8"?>
<resources>
  <string name="search">Ieškoti</string>
  <string name="advancedSearch">Detali paieška</string>
  <plurals name="searchInXGames">
    <item quantity="one">Paieška tarp %s šachmatų partijos</item>
    <item quantity="few">Paieška tarp %s šachmatų partijų</item>
    <item quantity="many">Paieška tarp %s šachmatų partijų</item>
    <item quantity="other">Paieška tarp %s šachmatų partijų</item>
  </plurals>
  <plurals name="xGamesFound">
    <item quantity="one">Rasta viena partija</item>
    <item quantity="few">Rastos %s partijos</item>
    <item quantity="many">Rasta %s partijų</item>
    <item quantity="other">Rasta %s partijų</item>
  </plurals>
  <string name="opponentName">Varžovo vardas</string>
  <string name="loser">Pralaimėtojas</string>
  <string name="from">nuo</string>
  <string name="to">iki</string>
  <string name="humanOrComputer">Ar žaidėjo varžovas buvo žmogus, ar kompiuteris</string>
  <string name="aiLevel">D.I. lygis</string>
  <string name="source">Šaltinis</string>
  <string name="nbTurns">Ėjimų skaičius</string>
  <string name="result">Rezultatas</string>
  <string name="winnerColor">Nugalėtojo spalva</string>
  <string name="date">Data</string>
  <string name="sortBy">Rūšiuoti pagal</string>
  <string name="analysis">Analizė</string>
  <string name="onlyAnalysed">Tik partijos, kurios turi kompiuterinę analizę</string>
</resources>
