<?xml version="1.0" encoding="utf-8"?>
<resources>
  <string name="search">Meklēt</string>
  <string name="advancedSearch">Paplašinātā meklēšana</string>
  <plurals name="searchInXGames">
    <item quantity="zero">Meklēt %s šaha spēlēs</item>
    <item quantity="one">Meklēt %s šaha spēlē</item>
    <item quantity="other">Meklēt %s šaha spēlēs</item>
  </plurals>
  <plurals name="xGamesFound">
    <item quantity="zero">Atrastas %s spēles</item>
    <item quantity="one">Atrasta viena spēle</item>
    <item quantity="other">Atrastas %s spēles</item>
  </plurals>
  <string name="opponentName">Pretinieka vārds</string>
  <string name="loser">Zaudētājs</string>
  <string name="from">No</string>
  <string name="to">Līdz</string>
  <string name="humanOrComputer">Vai spēlētāja pretinieks bija cilvēks vai dators</string>
  <string name="aiLevel">A.I. līmenis</string>
  <string name="source">Avots</string>
  <string name="nbTurns">Gājienu skaits</string>
  <string name="result">Rezultāts</string>
  <string name="winnerColor">Spēlētāja krāsa</string>
  <string name="date">Datums</string>
  <string name="sortBy">Kārtot pēc</string>
  <string name="analysis">Analīze</string>
  <string name="onlyAnalysed">Tikai spēles, kurām pieejama datoranalīze</string>
</resources>
