<?xml version="1.0" encoding="utf-8"?>
<resources>
  <string name="search">Søk</string>
  <string name="advancedSearch">Avansert søk</string>
  <plurals name="searchInXGames">
    <item quantity="one">Søk i %s parti</item>
    <item quantity="other">Søk i %s partier</item>
  </plurals>
  <plurals name="xGamesFound">
    <item quantity="one">Ett parti funnet</item>
    <item quantity="other">%s partier funnet</item>
  </plurals>
  <string name="opponentName">Navn på motstander</string>
  <string name="loser">Taper</string>
  <string name="from">Fra</string>
  <string name="to">Til</string>
  <string name="humanOrComputer">Om motstanderen var menneske eller maskin</string>
  <string name="aiLevel">Vanskelighetsgrad</string>
  <string name="source">Kilde</string>
  <string name="nbTurns">Antall trekk</string>
  <string name="result">Resultat</string>
  <string name="winnerColor">Farge på vinner</string>
  <string name="date">Dato</string>
  <string name="sortBy">Sorter etter</string>
  <string name="analysis">Analyse</string>
  <string name="onlyAnalysed">Bare partier hvor maskinanalyse er tilgjengelig</string>
</resources>
