<?xml version="1.0" encoding="utf-8"?>
<resources>
  <string name="search">Søk</string>
  <string name="advancedSearch">Avansert søk</string>
  <plurals name="searchInXGames">
    <item quantity="one">Søk i %s parti</item>
    <item quantity="other">Søk i %s parti</item>
  </plurals>
  <plurals name="xGamesFound">
    <item quantity="one">Fann eit parti</item>
    <item quantity="other">Fann %s parti</item>
  </plurals>
  <string name="opponentName">Namn på motspelar</string>
  <string name="loser">Tapar</string>
  <string name="from">Frå</string>
  <string name="to">Til</string>
  <string name="humanOrComputer">Om motspelaren var menneske eller maskin</string>
  <string name="aiLevel">Spelestyrke (AI-nivå)</string>
  <string name="source">Kjelde</string>
  <string name="nbTurns">Antal trekk</string>
  <string name="result">Resultat</string>
  <string name="winnerColor">Farge på vinnar</string>
  <string name="date">Dato</string>
  <string name="sortBy">Sorter etter</string>
  <string name="analysis">Analyse</string>
  <string name="onlyAnalysed">Berre parti der maskinanalyse er tilgjengeleg</string>
</resources>
