<?xml version="1.0" encoding="utf-8"?>
<resources>
  <string name="search">ସନ୍ଧାନ କର</string>
  <string name="advancedSearch">ଉନ୍ନତ ସନ୍ଧାନ</string>
  <plurals name="xGamesFound">
    <item quantity="one">ଖେଳ ଟିଏ ମିଳିଲା</item>
    <item quantity="other">%s ଖେଳଗୁଡିକ ମିଳିଲା</item>
  </plurals>
  <string name="opponentName">ବିରୋଧୀ ନାମ</string>
  <string name="loser">ପରାଜିତ</string>
  <string name="from">ଠାରୁ</string>
  <string name="to">କୁ</string>
  <string name="humanOrComputer">ଖେଳାଳିଙ୍କ ପ୍ରତିଦ୍ୱନ୍ଦ୍ୱୀ ମଣିଷ ହେଉ କି କମ୍ପ୍ୟୁଟର</string>
  <string name="aiLevel">A.I. ସ୍ତର</string>
  <string name="source">ଉତ୍ସ</string>
  <string name="nbTurns">ଟର୍ନର ସଂଖ୍ୟା</string>
  <string name="result">ଫଳାଫଳ</string>
  <string name="winnerColor">ବିଜେତା ରଙ୍ଗ</string>
  <string name="date">ତାରିଖ</string>
  <string name="sortBy">ଦ୍ୱାରା ସର୍ଟ କରନ୍ତୁ</string>
  <string name="analysis">ବିଶ୍ଳେଷଣ</string>
  <string name="onlyAnalysed">କେବଳ ଖେଳ ଗୁଡିକ ଜାହାର ଏକ କମ୍ପ୍ୟୁଟର ବିଶ୍ଳେଷଣ ଉପଲବ୍ଧ</string>
</resources>
