<?xml version="1.0" encoding="utf-8"?>
<resources>
  <string name="search">Buscar</string>
  <string name="advancedSearch">Busca avançada</string>
  <plurals name="searchInXGames">
    <item quantity="one">Pesquisa em %s jogo de xadrez</item>
    <item quantity="other">Pesquisa em %s jogos de xadrez</item>
  </plurals>
  <plurals name="xGamesFound">
    <item quantity="one">Um jogo encontrado</item>
    <item quantity="other">%s jogos encontrados</item>
  </plurals>
  <string name="opponentName">Nome do oponente</string>
  <string name="loser">Perdedor</string>
  <string name="from">De</string>
  <string name="to">Até</string>
  <string name="humanOrComputer">Oponente era humano ou um computador</string>
  <string name="aiLevel">Nível de inteligência artificial</string>
  <string name="source">Fonte</string>
  <string name="nbTurns">Número de lances</string>
  <string name="result">Resultado</string>
  <string name="winnerColor">Cor do vencedor</string>
  <string name="date">Data</string>
  <string name="sortBy">Ordenar por</string>
  <string name="analysis">Análise</string>
  <string name="onlyAnalysed">Apenas jogos onde a análise do computador está disponível</string>
</resources>
