<?xml version="1.0" encoding="utf-8"?>
<resources>
  <string name="search">Iskanje</string>
  <string name="advancedSearch">Napredno iskanje</string>
  <plurals name="searchInXGames">
    <item quantity="one">Išči v %s partiji</item>
    <item quantity="two">Išči v %s partijah</item>
    <item quantity="few">Išči v %s partijah</item>
    <item quantity="other">Išči v %s partijah</item>
  </plurals>
  <plurals name="xGamesFound">
    <item quantity="one">Ena partija najdena</item>
    <item quantity="two">%s partiji najdeni</item>
    <item quantity="few">%s partije najdene</item>
    <item quantity="other">%s partije najdene</item>
  </plurals>
  <string name="opponentName">Ime nasprotnika</string>
  <string name="loser">Poraženec</string>
  <string name="from">Od</string>
  <string name="to">Do</string>
  <string name="humanOrComputer">Ali je bil nasprotnik človek ali računalnik</string>
  <string name="aiLevel">Nivo Umetne Inteligence</string>
  <string name="source">Vir</string>
  <string name="nbTurns">Število potez</string>
  <string name="result">Rezultat</string>
  <string name="winnerColor">Barva zmagovalca</string>
  <string name="date">Datum</string>
  <string name="sortBy">Razvrsti po</string>
  <string name="analysis">Analiza</string>
  <string name="onlyAnalysed">Samo partije kjer je na voljo računalniška analiza</string>
</resources>
