<?xml version="1.0" encoding="utf-8"?>
<resources>
  <string name="search">Претрага</string>
  <string name="advancedSearch">Напредна претрага</string>
  <plurals name="searchInXGames">
    <item quantity="one">Претражи у %s шаховској партији</item>
    <item quantity="few">Претражи у %s шаховске партије</item>
    <item quantity="other">Претражи у %s шаховских партија</item>
  </plurals>
  <plurals name="xGamesFound">
    <item quantity="one">Једна партија пронађена</item>
    <item quantity="few">%s партије пронађене</item>
    <item quantity="other">%s партија пронађено</item>
  </plurals>
  <string name="opponentName">Име противника</string>
  <string name="loser">Губитник</string>
  <string name="from">Од</string>
  <string name="to">До</string>
  <string name="humanOrComputer">Да ли је играчев противник био човек или рачунар</string>
  <string name="aiLevel">Ниво В.И.</string>
  <string name="source">Извор</string>
  <string name="nbTurns">Број потеза</string>
  <string name="result">Резултат</string>
  <string name="winnerColor">Боја победника</string>
  <string name="date">Датум</string>
  <string name="sortBy">Сортирај по</string>
  <string name="analysis">Анализа</string>
  <string name="onlyAnalysed">Само партије у којима је рачунарска анализа доступна</string>
</resources>
