<?xml version="1.0" encoding="utf-8"?>
<resources>
  <string name="search">ค้นหา</string>
  <string name="advancedSearch">ค้นหาเชิงลึก</string>
  <plurals name="searchInXGames">
    <item quantity="other">ค้นหาใน %s เกมหมากรุก</item>
  </plurals>
  <plurals name="xGamesFound">
    <item quantity="other">พบ %s เกม</item>
  </plurals>
  <string name="opponentName">ชื่อคู่แข่ง</string>
  <string name="loser">ผู้แพ้</string>
  <string name="from">จาก</string>
  <string name="to">ถึง</string>
  <string name="humanOrComputer">ไม่ว่าคู่แข่งของผู้เล่นเป็นมนุษย์หรือคอมพิวเตอร์</string>
  <string name="aiLevel">ระดับปัญญา A.I.</string>
  <string name="source">แหล่ง</string>
  <string name="nbTurns">จำนวนตาเดิน</string>
  <string name="result">ผลลัพธ์</string>
  <string name="winnerColor">สีที่ชนะ</string>
  <string name="date">วันที่</string>
  <string name="sortBy">เรียงตาม</string>
  <string name="analysis">การวิเคราะห์</string>
  <string name="onlyAnalysed">เฉพาะเกมที่วิเคราะห์ด้วยคอมพิวเตอร์ได้</string>
</resources>
