<?xml version="1.0" encoding="utf-8"?>
<resources>
  <string name="search">alasa</string>
  <string name="advancedSearch">alasa pi sona mute</string>
  <plurals name="searchInXGames">
    <item quantity="one">lukin e ijo lon musi wan</item>
    <item quantity="other">lukin e ijo lon musi %s</item>
  </plurals>
  <plurals name="xGamesFound">
    <item quantity="one">musi wan li lon</item>
    <item quantity="other">musi %s li lon</item>
  </plurals>
  <string name="opponentName">nimi pi jan ante</string>
  <string name="loser">jan li pini ike</string>
  <string name="from">tan</string>
  <string name="to">tawa</string>
  <string name="humanOrComputer">jan anu ilo jan</string>
  <string name="aiLevel">wawa sona pi ilo jan</string>
  <string name="source">tan seme?</string>
  <string name="nbTurns">nanpa tawa</string>
  <string name="result">sona kama</string>
  <string name="winnerColor">jan pi pini pona li jan pi kule seme</string>
  <string name="date">tenpo</string>
  <string name="sortBy">kama ijo</string>
  <string name="analysis">sona nasin</string>
  <string name="onlyAnalysed">sona nasin pi ilo sona la musi li lon kin</string>
</resources>
