<?xml version="1.0" encoding="utf-8"?>
<resources>
  <string name="search">Табу</string>
  <string name="advancedSearch">Киңләндерелгән табу</string>
  <plurals name="searchInXGames">
    <item quantity="other">Табырга %s шаһмат уеннарын</item>
  </plurals>
  <plurals name="xGamesFound">
    <item quantity="other">%s уеннар табылган</item>
  </plurals>
  <string name="opponentName">Рәкыйп исеме</string>
  <string name="loser">Җиңелгән</string>
  <string name="from">Кемдән</string>
  <string name="to">Бу датага кадәр</string>
  <string name="humanOrComputer">Уенчы рәкыйп инсан яки компьютермы</string>
  <string name="aiLevel">A.I. дәрәҗәсе</string>
  <string name="source">Чыганак</string>
  <string name="nbTurns">Борылыш саны</string>
  <string name="result">Нәтиҗә</string>
  <string name="winnerColor">Җиңү төсе</string>
  <string name="date">Сәнә</string>
  <string name="sortBy">Тәртипләү</string>
  <string name="analysis">Тәхлил кылу</string>
  <string name="onlyAnalysed">Фәкать компьютер чишүе мәүҗүд булган уеннар</string>
</resources>
