<?xml version="1.0" encoding="utf-8"?>
<resources>
  <string name="search">Qidirish</string>
  <string name="advancedSearch">Qo\'shimcha qidirish</string>
  <plurals name="searchInXGames">
    <item quantity="one">%s shaxmat oʻyinidan qidirish</item>
    <item quantity="other">%s shaxmat oʻyinlaridan qidirish</item>
  </plurals>
  <plurals name="xGamesFound">
    <item quantity="one">Bitta oʻyin topildi</item>
    <item quantity="other">%s oʻyinlar topildi</item>
  </plurals>
  <string name="opponentName">Sherigingiz nomi</string>
  <string name="loser">Yutqazuvchi</string>
  <string name="from">Dan</string>
  <string name="to">Ga</string>
  <string name="humanOrComputer">Oʻyinchining raqibi kompyutermi yoki odammi</string>
  <string name="aiLevel">S.I. bosqichi</string>
  <string name="source">Manba</string>
  <string name="nbTurns">Yurishlar soni</string>
  <string name="result">Natija</string>
  <string name="winnerColor">Gʻalaba rangi</string>
  <string name="date">Sana</string>
  <string name="sortBy">Saralash turi</string>
  <string name="analysis">Tahlillar</string>
  <string name="onlyAnalysed">Kompyuter tahlil qilish imkoni mavjud oʻyinlar</string>
</resources>
