<?xml version="1.0" encoding="utf-8"?>
<resources>
  <string name="search">Sesha</string>
  <string name="advancedSearch">Ucwaningo Olujulile</string>
  <string name="opponentName">Igama eliphikisayo</string>
  <string name="loser">Isahluleki</string>
  <string name="from">Kusuka</string>
  <string name="to">To</string>
  <string name="humanOrComputer">Ukuthi ophikisana naye womdlali wayengumuntu noma eyikhompyutha</string>
  <string name="aiLevel">A.I. izinga</string>
  <string name="source">Umthombo</string>
  <string name="nbTurns">Inani lokushintshana</string>
  <string name="result">Umphumela</string>
  <string name="winnerColor">Umbala wokuwina</string>
  <string name="date">Usuku</string>
  <string name="sortBy">Hlunga nge</string>
  <string name="analysis">Ukuhlaziywa</string>
  <string name="onlyAnalysed">Imidlalo kuphela lapho ukuhlaziywa kwekhompyutha kutholakala khona</string>
</resources>
