<?xml version="1.0" encoding="utf-8"?>
<resources>
  <string name="coordinates">Koordinatlar</string>
  <string name="coordinateTraining">Koordinatlar məşğələsi</string>
  <string name="averageScoreAsWhiteX">Ağlar qismində orta xal: %s</string>
  <string name="averageScoreAsBlackX">Qaralar qismində orta xal: %s</string>
  <string name="knowingTheChessBoard">Şahmat lövhəsinin koordinatlarını bilmək çox önəmlidir:</string>
  <string name="mostChessCourses">Bir çox şahmat dərs və məşğələlərində cəbri notasiyadan istifadə edilir.</string>
  <string name="talkToYourChessFriends">Hər ikiniz \"şahmat dilini\" bildikdə dostunla şahmat haqqında danışmaq asanlaşır.</string>
  <string name="youCanAnalyseAGameMoreEffectively">Xanaların adını bildikdə oyunu daha tez təhlil etdə bilərsən.</string>
  <string name="aSquareNameAppears">Xananın adı lövhə üzərində göstərilir və sən doğru xananı seçməlisən. 30 saniyəyə bacardığın qədər çox xana tap!</string>
  <string name="startTraining">Məşğələyə başla</string>
</resources>
