<?xml version="1.0" encoding="utf-8"?>
<resources>
  <string name="coordinates">Координати</string>
  <string name="coordinateTraining">Упражнение по координати</string>
  <string name="averageScoreAsWhiteX">Среден резултат с белите: %s</string>
  <string name="averageScoreAsBlackX">Среден резултат с черните: %s</string>
  <string name="knowingTheChessBoard">Познаването на координатите на шахматната дъска е много важно умение:</string>
  <string name="mostChessCourses">Повечето шахматни уроци и упражнения използват алгебричната нотация.</string>
  <string name="talkToYourChessFriends">Това улеснява шахматния разговор с приятели, тъй като всички разбирате \"езика на шахмата\".</string>
  <string name="youCanAnalyseAGameMoreEffectively">Ако разпознавате координатите бързо, ще можете да анализирате игрите по-ефективно.</string>
  <string name="aSquareNameAppears">Когато на дъската се появят координати, щракнете върху съответния квадрат. Имате 30 секунди да разпознаете колкото се може повече квадрата!</string>
  <string name="startTraining">Започни упражнението</string>
</resources>
