<?xml version="1.0" encoding="utf-8"?>
<resources>
  <string name="coordinates">Koordinate</string>
  <string name="coordinateTraining">Trening koordinata</string>
  <string name="averageScoreAsPlayerIndexX">Prosječan rezultat kao %1$s: %2$s</string>
  <string name="averageScoreAsWhiteX">Prosječan rezultat kao bijeli: %s</string>
  <string name="averageScoreAsBlackX">Prosječan rezultat kao crni: %s</string>
  <string name="knowingTheChessBoard">Znanje šahovskih koordinata je jako važna šahovska vještina:</string>
  <string name="mostChessCourses">Većina šahovskih kurseva i vježbi intenzivno koriste algebarsku notaciju.</string>
  <string name="talkToYourChessFriends">Lakše Vam je razgovarati sa Vašim šahovskim prijateljima, jer oboje razumijete \"šahovski jezik\".</string>
  <string name="youCanAnalyseAGameMoreEffectively">Možete efikasnije analizirati partiju, ako možete brže pronaći koordinate pojedinih polja.</string>
  <string name="aSquareNameAppears">Koordinate polja će se pojaviti na ploči, a Vi morate kliknuti na odgovarajuće polje. Imate 30 sekundi da ispravno označite što veći broj polja!</string>
  <string name="startTraining">Pokrenite trening</string>
</resources>
