<?xml version="1.0" encoding="utf-8"?>
<resources>
  <string name="coordinates">Koordinater</string>
  <string name="coordinateTraining">Koordinattræning</string>
  <string name="averageScoreAsPlayerIndexX">Gennemsnitlig score som %1$s: %2$s</string>
  <string name="averageScoreAsWhiteX">Gennemsnitlig score som hvid: %s</string>
  <string name="averageScoreAsBlackX">Gennemsnitlig score som sort: %s</string>
  <string name="knowingTheChessBoard">Det er vigtigt at kende koordinaterne på skakbrættet:</string>
  <string name="mostChessCourses">De fleste skakkurser og øvelser bruger i vid udstrækning den algebraiske notation.</string>
  <string name="talkToYourChessFriends">Det gør det lettere at snakke med dine skakvenner, når I begge forstår \"skakkens sprog\".</string>
  <string name="youCanAnalyseAGameMoreEffectively">Du kan analysere et parti mere effektivt, hvis du ikke skal lede efter feltnavne.</string>
  <string name="aSquareNameAppears">Der vises et feltnavn på brættet, og du skal så klikke på det rigtige felt. Du har 30 sekunder til at genkende så mange felter som muligt!</string>
  <string name="startTraining">Start træning</string>
</resources>
