<?xml version="1.0" encoding="utf-8"?>
<resources>
  <string name="coordinates">Συντεταγμένες</string>
  <string name="coordinateTraining">Εξάσκηση στις συντεταγμένες</string>
  <string name="averageScoreAsPlayerIndexX">Μέση βαθμολογία ως %1$s: %2$s</string>
  <string name="averageScoreAsWhiteX">Μέση βαθμολογία ως λευκά: %s</string>
  <string name="averageScoreAsBlackX">Μέση βαθμολογία ως μαύρα: %s</string>
  <string name="knowingTheChessBoard">Γνωρίζοντας τις συντεταγμένες της σκακιέρας είναι μία πολύ σημαντική δεξιότητα:</string>
  <string name="mostChessCourses">Τα περισσότερα μαθήματα στο σκάκι και οι ασκήσεις χρησιμοποιούν την αλγεβρική σημειογραφία εκτενώς.</string>
  <string name="talkToYourChessFriends">Καθίσταται ευκολότερο να επικοινωνήσετε με τους φίλους σας στο σκάκι, δεδομένου ότι και οι δύο καταλαβαίνετε τη γλώσσα του σκακιού.</string>
  <string name="youCanAnalyseAGameMoreEffectively">Μπορείτε να αναλύσετε ένα παιχνίδι αποτελεσματικότερα εάν δεν χρειάζεται να αναζητάτε τα ονόματα των τετραγώνων.</string>
  <string name="aSquareNameAppears">Ένα όνομα τετραγώνου εμφανίζεται στη σκακιέρα και πρέπει να πατήσετε το σωστό τετράγωνο. Έχετε 30 δευτερόλεπτα για να αναγνωρίσετε όσο το δυνατόν περισσότερα τετράγωνα!</string>
  <string name="startTraining">Έναρξη εξάσκησης</string>
</resources>
