<?xml version="1.0" encoding="utf-8"?>
<resources>
  <string name="coordinates">Coordinates</string>
  <string name="coordinateTraining">Coordinate training</string>
  <string name="averageScoreAsPlayerIndexX">Average score as %1$s: %2$s</string>
  <string name="averageScoreAsWhiteX">Average score as white: %s</string>
  <string name="averageScoreAsBlackX">Average score as black: %s</string>
  <string name="knowingTheChessBoard">Knowing the chessboard coordinates is a very important chess skill:</string>
  <string name="mostChessCourses">Most chess courses and exercises use the algebraic notation extensively.</string>
  <string name="talkToYourChessFriends">It makes it easier to talk to your chess friends, since you both understand the \"language of chess\".</string>
  <string name="youCanAnalyseAGameMoreEffectively">You can analyze a game more effectively if you can quickly recognize coordinates.</string>
  <string name="aSquareNameAppears">A coordinate appears on the board and you must click on the corresponding square. You have 30 seconds to correctly map as many squares as possible!</string>
  <string name="startTraining">Start training</string>
</resources>
