<?xml version="1.0" encoding="utf-8"?>
<resources>
  <string name="coordinates">Coordenadas</string>
  <string name="coordinateTraining">Entrenar coordenadas</string>
  <string name="averageScoreAsPlayerIndexX">Puntuación media con %1$s: %2$s</string>
  <string name="averageScoreAsWhiteX">Puntuación media con blancas: %s</string>
  <string name="averageScoreAsBlackX">Puntuación media con negras: %s</string>
  <string name="knowingTheChessBoard">Conocer las coordenadas de los escaques es esencial en el ajedrez:</string>
  <string name="mostChessCourses">La mayoría de los cursos y ejercicios de ajedrez usan la notación algebraica.</string>
  <string name="talkToYourChessFriends">Facilita la comunicación con otros jugadores, que también hablan el \"lenguaje del ajedrez\".</string>
  <string name="youCanAnalyseAGameMoreEffectively">Puedes analizar partidas de forma más eficiente si no tienes que andar buscando los nombres de los escaques.</string>
  <string name="aSquareNameAppears">El nombre de un escaque aparece en la pantalla y debes hacer clic en el escaque correcto. ¡Tienes 30 segundos para identificar tantos escaques como puedas!</string>
  <string name="startTraining">Comenzar entrenamiento</string>
</resources>
