<?xml version="1.0" encoding="utf-8"?>
<resources>
  <string name="coordinates">Krosstøl</string>
  <string name="coordinateTraining">Krosstalavenjing</string>
  <string name="averageScoreAsWhiteX">Miðal stigatal við hvítum: %s</string>
  <string name="averageScoreAsBlackX">Miðal stigatal við svørtum: %s</string>
  <string name="knowingTheChessBoard">At kenna krosstølini á talvborðinum er ein týdningarmikil telvingarførleiki:</string>
  <string name="mostChessCourses">Flestu talvskeið og talvuppgávur nýta bókstavarokningarskriviháttin (algebra).</string>
  <string name="talkToYourChessFriends">Tað ger tað lættari at práta við talvvinir, at tit øll kenna \'talvmálið\'.</string>
  <string name="youCanAnalyseAGameMoreEffectively">Tú fært lættari greinað eitt talv, um tú kennir krosstølini skjótt aftur.</string>
  <string name="aSquareNameAppears">Eitt krosstal kemur til sjóndar á talvborðinum, og tú skalt klikkja á rætta puntin. Tú fært 30 sekund at klikkja rætt á so nógvar puntar sum møguligt!</string>
  <string name="startTraining">Byrja venjing</string>
</resources>
