<?xml version="1.0" encoding="utf-8"?>
<resources>
  <string name="coordinates">Coordonnées</string>
  <string name="coordinateTraining">Entrainement des coordonnées</string>
  <string name="averageScoreAsWhiteX">Moyenne blanc : %s</string>
  <string name="averageScoreAsBlackX">Moyenne noir : %s</string>
  <string name="knowingTheChessBoard">Connaitre les coordonnées des cases d\'un échiquier est une compétence clé :</string>
  <string name="mostChessCourses">La plupart des cours et des exercices d’échecs utilisent la notation algébrique.</string>
  <string name="talkToYourChessFriends">Cela facilite la communication avec vos amis, puisque vous comprenez tous les deux \"la langue des échecs\".</string>
  <string name="youCanAnalyseAGameMoreEffectively">L\'analyse des parties est facilité si vous visualisez l\'emplacement des cases.</string>
  <string name="aSquareNameAppears">Les coordonnées d\'une case apparaissent sur l\'échiquier, à vous de cliquer sur son emplacement correct. Vous avez 30 secondes pour trouver un maximum de cases possibles !</string>
  <string name="startTraining">Démarrer l\'entrainement</string>
</resources>
