<?xml version="1.0" encoding="utf-8"?>
<resources>
  <string name="coordinates">Coordinatas</string>
  <string name="coordinateTraining">Trainamento de coordinatas</string>
  <string name="averageScoreAsPlayerIndexX">Punctos medie como %1$s: %2$s</string>
  <string name="averageScoreAsWhiteX">Punctos medie como blanco: %s</string>
  <string name="averageScoreAsBlackX">Punctos medie como nigro: %s</string>
  <string name="knowingTheChessBoard">Recognoscer le coordinatas del tabuliero es un habilitate multo importante in le chacos:</string>
  <string name="mostChessCourses">Le majoritate del cursos e exercitios de chacos usa le notation algebraic extensivemente.</string>
  <string name="talkToYourChessFriends">Isto facilita conversar con altere jocatores, proque ambes comprende le \"linguage del chacos\".</string>
  <string name="youCanAnalyseAGameMoreEffectively">Tu pote analysar un partita plus effectivemente si tu non ha besonio de cercar le nomines del quadratos.</string>
  <string name="aSquareNameAppears">Un coordinata appare sur le tabuliero e tu debe cliccar super le quadrato correcte. Tu ha 30 secundas pro recognoscer le major numero de quadratos possibile!</string>
  <string name="startTraining">Comenciar a exercitar</string>
</resources>
