<?xml version="1.0" encoding="utf-8"?>
<resources>
  <string name="coordinates">judri</string>
  <string name="coordinateTraining">crezenzu\'e tu\'a lo judri</string>
  <string name="averageScoreAsWhiteX">cnano lo ka do ci\'erkeilai tai da\'inai lo se caxmati fa li %s</string>
  <string name="averageScoreAsBlackX">cnano lo ka do ci\'erkeilai tai da\'inai lo te caxmati fa li %s</string>
  <string name="knowingTheChessBoard">lo nu djuno lo judri be fi lo caxmati\'yta\'o cu mutce lo ka vajni ke caxmati selylarcu</string>
  <string name="mostChessCourses">so\'e ctupoi be fu lo caxmati cu so\'i roi pilno lo snicmaci snici\'e</string>
  <string name="talkToYourChessFriends">ra se jalge lo nu filmau fa lo nu tavla lo caxmati pendo be do kei kei ki\'u lo nu do\'o jimpe bau lo bangu po lo caxmati</string>
  <string name="startTraining">co\'a crezenzu\'e</string>
</resources>
