<?xml version="1.0" encoding="utf-8"?>
<resources>
  <string name="coordinates">Koordinatės</string>
  <string name="coordinateTraining">Koordinačių treniruotė</string>
  <string name="averageScoreAsWhiteX">Vidutinis rezultatas baltaisiais: %s</string>
  <string name="averageScoreAsBlackX">Vidutinis rezultatas juodaisiais: %s</string>
  <string name="knowingTheChessBoard">Šachmatų lentos koordinačių žinojimas yra ypač svarbus įgūdis:</string>
  <string name="mostChessCourses">Dauguma šachmatų kursų ir pratimų plačiai naudoja algebrinį žymėjimą.</string>
  <string name="talkToYourChessFriends">Tai leidžia paprasčiau kalbėti su jūsų šachmatų draugais, kadangi abu suprantate „šachmatų kalbą“.</string>
  <string name="youCanAnalyseAGameMoreEffectively">Galite efektyviau analizuoti partijas, kadangi nereikia ieškoti langelių pavadinimų.</string>
  <string name="aSquareNameAppears">Ant lentos pasirodys langelio pavadinimas, o jūs turėsite spustelėti tinkamą langelį. Turite 30 sekundžių atpažinti kiek galima daugiau langelių!</string>
  <string name="startTraining">Pradėti treniruotę</string>
</resources>
