<?xml version="1.0" encoding="utf-8"?>
<resources>
  <string name="coordinates">കോർഡിനേറ്റ്സ്</string>
  <string name="coordinateTraining">കോർഡിനേറ്റ് ട്രെയിനിങ്</string>
  <string name="averageScoreAsWhiteX">വെള്ള കരുക്കൾ കൊണ്ട് നേടിയ ശരാശരി score: %s</string>
  <string name="averageScoreAsBlackX">കറുത്ത കരുക്കൾ കൊണ്ട് നേടിയ ശരാശരി score: %s</string>
  <string name="knowingTheChessBoard">നിങ്ങളുടെ ചെസ്സ്കളത്തിലെ കോർഡിനേറ്റ്സ് അറിയുന്നത് വളരെ പ്രധാനപ്പെട്ട ഒരു കഴിവാണ്:</string>
  <string name="mostChessCourses">മിക്ക ചെസ്സ് കോഴ്സുകളും അഭ്യാസങ്ങളും വലിയ തോതിൽ algebraic notation ഉപയോഗിക്കുന്നു.</string>
  <string name="talkToYourChessFriends">ഇത് നിങ്ങളുടെ ചെസ്സ്കൂട്ടുകാരോട് സംസാരിക്കുന്നതിനു സഹായിക്കുന്നു. കാരണം നിങ്ങൾ രണ്ടുപേർക്കും \"ചെസ്സിന്റെ ഭാഷ\" അറിയാം.</string>
  <string name="youCanAnalyseAGameMoreEffectively">ചെസ്സ് കളങ്ങളുടെ പേര് നിങ്ങൾക്കറിയുമെങ്കിൽ ഒരു ഗെയിം വിശകലനം ചെയ്യുമ്പോൾ ആ കളം പരാതി നടക്കേണ്ട ആവശ്യം വരില്ല.</string>
  <string name="aSquareNameAppears">ഒരു കളത്തിന്റെ പേര് സ്‌ക്രീനിൽ തെളിയും. അപ്പോൾ നിങ്ങൾ ആ കളം അമർത്തണം. 30 സെക്കന്റിനുള്ളിൽ ആവുന്നത്ര കളങ്ങൾ തിരിച്ചറിയുക!</string>
  <string name="startTraining">പരിശീലനം തുടങ്ങാം</string>
</resources>
