<?xml version="1.0" encoding="utf-8"?>
<resources>
  <string name="coordinates">Солбилцол</string>
  <string name="coordinateTraining">Солбицолын сургуулилалт</string>
  <string name="averageScoreAsWhiteX">Цагаанаар авсан дундаж оноо: %s</string>
  <string name="averageScoreAsBlackX">Хараар авсан дундаж оноо: %s</string>
  <string name="knowingTheChessBoard">Шатрын тавцангийн солбицолыг мэддэг байх нь маш чухал чадвар юм:</string>
  <string name="mostChessCourses">Шатрын ихэнх хичээл, дугуйлангууд алгебрын тэмдэглэгээг өргөн хэрэглэдэг.</string>
  <string name="talkToYourChessFriends">Энэ нь шатрын өргийн талаар найзтайгаа ярихад хялбар болгодог.</string>
  <string name="youCanAnalyseAGameMoreEffectively">Та шатрын өргийг илүү үр дүнтэйгээр шинжэлж чадна.</string>
  <string name="aSquareNameAppears">Солбилцолын нэр гарч ирэхэд та тэр нүдийг түргэн олж дарах ёстой. Таньд нийт 30 секундын хугацаа байгаа!</string>
  <string name="startTraining">Дасгалыг эхлүүлэх</string>
</resources>
