<?xml version="1.0" encoding="utf-8"?>
<resources>
  <string name="coordinates">Coördinaten</string>
  <string name="coordinateTraining">Coördinatentraining</string>
  <string name="averageScoreAsPlayerIndexX">Gemiddelde score als %1$s: %2$s</string>
  <string name="averageScoreAsWhiteX">Gemiddelde score als wit: %s</string>
  <string name="averageScoreAsBlackX">Gemiddelde score als zwart: %s</string>
  <string name="knowingTheChessBoard">De schaakbordcoördinaten kennen is een zeer belangrijke schaakvaardigheid:</string>
  <string name="mostChessCourses">De meeste schaakcursussen en -oefeningen maken gebruik van de algebraïsche notatie.</string>
  <string name="talkToYourChessFriends">Het maakt het gemakkelijker om met je schaakvrienden te praten, aangezien jullie beide de \"taal van het schaken\" begrijpen.</string>
  <string name="youCanAnalyseAGameMoreEffectively">Je kunt een spel effectiever analyseren als je niet hoeft te zoeken naar de namen van de velden.</string>
  <string name="aSquareNameAppears">Zodra de naam van een veld verschijnt klik je op het juiste vakje. Je hebt 30 seconden om zoveel mogelijk velden te herkennen!</string>
  <string name="startTraining">Start de training</string>
</resources>
