<?xml version="1.0" encoding="utf-8"?>
<resources>
  <string name="coordinates">Coordenadas</string>
  <string name="coordinateTraining">Treino de coordenadas</string>
  <string name="averageScoreAsPlayerIndexX">Pontuação média com as %1$s: %2$s</string>
  <string name="averageScoreAsWhiteX">Pontuação média com as brancas: %s</string>
  <string name="averageScoreAsBlackX">Pontuação média com as pretas: %s</string>
  <string name="knowingTheChessBoard">Saber as coordenadas do tabuleiro é uma habilidade muito importante no xadrez:</string>
  <string name="mostChessCourses">A maioria dos cursos e exercícios usam extensamente a notação algébrica.</string>
  <string name="talkToYourChessFriends">Torna-se mais fácil falar de xadrez com os teus amigos, já que ambos entendem o \"idioma do xadrez\".</string>
  <string name="youCanAnalyseAGameMoreEffectively">Podes analisar um jogo com maior eficiência se conseguires reconhecer as coordenadas rapidamente.</string>
  <string name="aSquareNameAppears">O nome da casa aparece no tabuleiro e tens de clicar na casa correspondente. Tenta reconhecer o maior número de casas em 30 segundos!</string>
  <string name="startTraining">Começar o treino</string>
</resources>
