<?xml version="1.0" encoding="utf-8"?>
<resources>
  <string name="coordinates">Súradnice</string>
  <string name="coordinateTraining">Tréning znalosti šachovnicových súradníc</string>
  <string name="averageScoreAsPlayerIndexX">Priemerné skóre ako %1$s: %2$s</string>
  <string name="averageScoreAsWhiteX">Priemerné skóre ako biely: %s</string>
  <string name="averageScoreAsBlackX">Priemerné skóre ako čierny: %s</string>
  <string name="knowingTheChessBoard">Znalosť šachovnicových súradníc je pre šach veľmi dôležitá:</string>
  <string name="mostChessCourses">Väčšina šachových kurzov a cvičení veľmi často používa algebraickú notáciu.</string>
  <string name="talkToYourChessFriends">Ľahšie sa dorozumiete so svojimi šachovými priateľmi, pretože obaja budete hovoriť \"rečou šachu\".</string>
  <string name="youCanAnalyseAGameMoreEffectively">Môžete efektívnejšie analyzovať partie, ak nebudete neustále potrebovať hľadať názvy polí.</string>
  <string name="aSquareNameAppears">Na šachovnici sa objaví názov poľa a Vašou úlohou je kliknúť naň. Máte 30 sekúnd na správne označenie čo najväčšieho počtu polí!</string>
  <string name="startTraining">Začať tréning</string>
</resources>
