<?xml version="1.0" encoding="utf-8"?>
<resources>
  <string name="coordinates">座標</string>
  <string name="coordinateTraining">座標訓練</string>
  <string name="averageScoreAsWhiteX">白棋方平均分數: %s</string>
  <string name="averageScoreAsBlackX">黑棋方平均分數: %s</string>
  <string name="knowingTheChessBoard">知道棋盤上的座標是一項很重要的技巧。</string>
  <string name="mostChessCourses">大多數的國際象棋課程都很頻繁的使用代數記譜法。</string>
  <string name="talkToYourChessFriends">這讓你跟和棋友更容易聊天，因為你們都知道\"國際象棋的語言\"。</string>
  <string name="youCanAnalyseAGameMoreEffectively">如果能夠快速地辨認座標，可以更有效率的分析一場棋局。</string>
  <string name="aSquareNameAppears">一個座標會出現在棋盤上，你必須點擊相對應的格子。你要在30秒內點擊正確的格子，越多越好！</string>
  <string name="startTraining">開始訓練</string>
</resources>
