<?xml version="1.0" encoding="utf-8"?>
<resources>
  <string name="contact">Kontak</string>
  <string name="contactPlayStrategy">Kontak PlayStrategy</string>
  <string name="whatCanWeHelpYouWith">Waarmee kan ons jou help?</string>
  <string name="visitThisPage">Besoek die webblad om die probleem op te los</string>
  <string name="iCantLogIn">Ek kan nie aanteken nie</string>
  <string name="noConfirmationEmail">Ek het nie my bevestiging e-pos ontvang nie</string>
  <string name="forgotPassword">Ek het my wagwoord vergeet</string>
  <string name="forgotUsername">Ek het my gebruikernaam vergeet</string>
  <string name="youCanLoginWithEmail">Jy kan inteken met die e-pos adres waarmee jy geregistreer het</string>
  <string name="lost2FA">Ek het toegang tot my tweledige verifikasie kode verloor</string>
  <string name="doPasswordReset">Voltooi \'n wagwoord herstelling om jou tweede faktor te verwyder</string>
  <string name="accountSupport">Ek benodig rekening ondersteuning</string>
  <string name="wantTitle">Ek wil my skaaktitel sigbaar hê op PlayStrategy</string>
  <string name="visitTitleConfirmation">Om jou titel op jou PlayStrategy profiel te wys en toegang te hê tot aanlyn toernooie vir spelers met titels, besoek die bevestigingsblad</string>
  <string name="wantCloseAccount">Ek wil my rekening sluit</string>
  <string name="closeYourAccount">Jy kan jou rekening op hierdie blad sluit</string>
  <string name="doNotAskByEmail">Moet ons nie per e-pos vra om \'n rekening te sluit nie, ons gaan nie dit doen nie.</string>
  <string name="wantReopen">Ek wil my rekening heropen</string>
  <string name="reopenOnThisPage">Jy kan jou rekening heropen op hierdie blad. Dit werk net eenkeer.</string>
  <string name="doNotAskByEmailToReopen">Moet ons nie per e-pos vra om jou rekening te heropen nie, ons gaan dit nie doen nie.</string>
  <string name="wantChangeUsername">Ek wil my gebruikersnaam verander</string>
  <string name="changeUsernameCase">Besoek die blad vir veranderinge aan jou gebruikersnaam</string>
  <string name="cantChangeMore">Ons kan nie meer as die letters na groot of klein verander nie. Vir tegniese redes is dit onmoontlik.</string>
  <string name="orCloseAccount">Jy kan wel jou huidige rekening sluit en \'n nuwe rekening skep.</string>
  <string name="wantClearHistory">Ek wil my geskiedenis of my gradeering uitvee</string>
  <string name="cantClearHistory">Dit is nie moontlik om jou spel geskiedenis, kopkrapper geskiedenis of gradeerings uit te vee nie.</string>
  <string name="wantReport">Ek wil \'n speler aankla</string>
  <string name="toReportAPlayerUseForm">Om \'n speler aan te meld, gebruik die aanmeldingsvorm</string>
  <string name="youCanAlsoReachReportPage">Jy kan ook daardie blad bereik deur die %s aanmeldingsblokkie op die profielblad te klik.</string>
  <string name="doNotReportInForum">Moet nie spelers in die forum aankla nie.</string>
  <string name="doNotSendReportEmails">Moet nie aanklagte e-posse stuur nie.</string>
  <string name="doNotMessageModerators">Moet nie direkte boodskappe aan moderators stuur nie.</string>
  <string name="onlyReports">Die enigste effektiewe manier om spelers aan te kla is deur die aanklagte vorm.</string>
  <string name="wantReportBug">Ek wil \'n gogga aanmeld</string>
  <string name="reportBugInForum">In die PlayStrategy Terugvoer afdeling van die forum</string>
  <string name="reportWebsiteIssue">As \'n PlayStrategy webwerf probleem op Github</string>
  <string name="reportMobileIssue">As \'n PlayStrategy mobiele toepassingsprobleem op Github</string>
  <string name="reportBugInDiscord">In die PlayStrategy Discord bediener</string>
  <string name="howToReportBug">Beskryf asseblief hoe die probleem hom voordoen, wat jy verwag om te gebeur teenoor wat eintlik gebeur en die stappe wat gevolg moet word om die probleem te veroorsaak.</string>
  <string name="illegalPawnCapture">Onwettige vat van \'n pion</string>
  <string name="calledEnPassant">Dit word \"en passant\" genoem en is \'n skaakreël.</string>
  <string name="tryEnPassant">Probeer hierdie klein interaktiewe oefening om meer oor \"en passant\" te leer.</string>
  <string name="illegalCastling">Onwettige of ongeldige kastellering</string>
  <string name="castlingPrevented">Kastellering word net verhoed as die koning oor \'n beheerde blokkie beweeg.</string>
  <string name="castlingRules">Maak seker dat jy vertroud is met die reëls rakende kastellering</string>
  <string name="tryCastling">Probeer hierdie interaktiewe spel om kastellering te oefen</string>
  <string name="castlingImported">As jy die spel ingevoer het, of dit van \'n opgestelde posisie af begin het, maak seker dat jy die kastelleringsregte reg geselekteer het.</string>
  <string name="insufficientMaterial">Onvoldoende skaakmat materiaal</string>
  <string name="fideMate">Volgens die FIDE skaakreëls §6.9 is die wedstryd nie gelykop as daar \'n skaakmat moontlik is met enige wettige reeks skuiwe nie</string>
  <string name="knightMate">Dit is moontlik om skaakmat te gee met net \'n ruiter of \'n loper as die opponent meer as \'n koning op die bord het.</string>
  <string name="noRatingPoints">Geen gradeeringspunte is toegeken nie</string>
  <string name="ratedGame">Maak seker dat jy \'n gegradeerde spel gespeel het. Vriendskaplike wedstryde beïnvloed nie jou gradeering nie.</string>
  <string name="errorPage">Foutblad</string>
  <string name="reportErrorPage">As daar \'n foutblad opduik kan jy dit rapporteer:</string>
  <string name="banAppeal">Appéleer vir \'n ban of IP beperking</string>
  <string name="engineAppeal">Rekenaarhulp of vuilspel</string>
  <string name="sendAppealTo">Jy kan appélleer by %s.</string>
  <string name="falsePositives">Vals positiewe gebeur soms en ons vra onverskoning daarvoor.</string>
  <string name="ifLegit">As jou appél geldig is sal ons die ban so vinnig as moontlik lig.</string>
  <string name="accountLost">As jy wel van rekenaarhulp gebruik gemaak het, selfs net eenkeer, dan verloor jy jou rekening.</string>
  <string name="doNotDeny">Moet nie probeer ontken dat jy gekroek het nie. As jy ooit weer \'n rekening wil hê, erken wat jy gedoen het en wys berou.</string>
  <string name="otherRestriction">Ander beperkings</string>
  <string name="collaboration">Samewerking, wettig, kommersieël</string>
  <string name="monetizing">Monetisering PlayStrategy</string>
  <string name="buyingPlayStrategy">Koop PlayStrategy</string>
  <string name="authorizationToUse">Goedkeuring om PlayStrategy te gebruik</string>
  <string name="welcomeToUse">Jy is welkom om PlayStrategy vir jou aktiwiteite te gebruik, selfs kommersieël.</string>
  <string name="videosAndBooks">Jy kan dit wys in jou videos en skermskote van PlayStrategy in jou boeke gebruik.</string>
  <string name="creditAppreciated">Krediet word waardeer maar nie vereis nie.</string>
  <string name="noneOfTheAbove">Geen van die bogenoemde</string>
  <string name="sendEmailAt">Stuur \'n e-pos aan ons by %s.</string>
  <string name="explainYourRequest">Verduidelik asseblief jou versoek duidelik en deeglik. Stel jou PlayStrategy gebruikersnaam en enige inligting wat ons kan bemagtig om jou te help.</string>
</resources>
