<?xml version="1.0" encoding="utf-8"?>
<resources>
  <string name="contact">Contacto</string>
  <string name="contactPlayStrategy">Contactar con PlayStrategy</string>
  <string name="whatCanWeHelpYouWith">En qué podemos aduyar-te?</string>
  <string name="visitThisPage">Visita esta pachina pa resolver lo problema</string>
  <string name="iCantLogIn">No puedo iniciar sesión</string>
  <string name="noConfirmationEmail">No recibo lo mío correu de confirmación</string>
  <string name="forgotPassword">He oblidau la mía clau</string>
  <string name="forgotUsername">He oblidau lo mío nombre d\'usuario</string>
  <string name="youCanLoginWithEmail">Puetz iniciar sesión con l\'adreza de correu electronico con que te rechistrés</string>
  <string name="lost2FA">He perdiu acceso a los míos codigos d\'autenticación de dos factors</string>
  <string name="doPasswordReset">Reinicia la tuya clau pa eliminar lo tuyo segundo factor</string>
  <string name="accountSupport">Necesito aduya con a cuenta</string>
  <string name="wantTitle">Quiero que lo mío titol s\'amuestre en PlayStrategy</string>
  <string name="visitTitleConfirmation">Pa amostrar lo tuyo titol en o tuyo perfil de PlayStrategy, y participar en os Torneyos Titolaus, visita la pachina de verificación de titol</string>
  <string name="wantCloseAccount">Quiero zarrar la mía cuenta</string>
  <string name="closeYourAccount">Puetz zarrar la tuya cuenta en esta pachina</string>
  <string name="doNotAskByEmail">No nos escribas un correu pa zarrar una cuenta, no lo faremos.</string>
  <string name="wantReopen">Quiero reubrir la mía cuenta</string>
  <string name="reopenOnThisPage">Puetz reubrir la tuya cuenta en esta pachina. Nomás funciona una vegada.</string>
  <string name="doNotAskByEmailToReopen">No nos escribas un correu pa reubrir una cuenta, no lo faremos.</string>
  <string name="wantChangeUsername">Quiero cambiar lo mío nombre d\'usuario</string>
  <string name="changeUsernameCase">Visita esta pachina pa cambiar las mayusclas/minusclas d\'o tuyo nombre d\'usuario</string>
  <string name="cantChangeMore">No podemos cambiar soque las mayusclas/minusclas. Per razons tecnicas, ye imposible de tot.</string>
  <string name="orCloseAccount">Manimenos, puetz zarrar la tuya cuenta actual y crear-ne una nueva.</string>
  <string name="wantClearHistory">Quiero borrar lo mío historial u puntuación</string>
  <string name="cantClearHistory">No ye posible borrar lo tuyo historial de chuegos, historial de rompecabezas u qualificacions.</string>
  <string name="wantReport">Quiero reportar un chugador</string>
  <string name="toReportAPlayerUseForm">Pa reportar a un chugador, fe servir lo formulario de reporte</string>
  <string name="youCanAlsoReachReportPage">Tamién puetz acceder a ixa pachina pretando lo botón %s en un perfil.</string>
  <string name="doNotReportInForum">No reportes chugadors en o foro.</string>
  <string name="doNotSendReportEmails">No nos ninvies correus electronicos de reporte.</string>
  <string name="doNotMessageModerators">No ninvies mensaches directos a los moderadors.</string>
  <string name="onlyReports">Lo reporte de chugadors nomás ye eficaz a traviés d\'o formulario de reporte.</string>
  <string name="wantReportBug">Quiero reportar una error</string>
  <string name="reportBugInForum">En o foro de Comentarios de PlayStrategy</string>
  <string name="reportWebsiteIssue">Como un problema d\'o puesto web de PlayStrategy en GitHub</string>
  <string name="reportMobileIssue">Como un problema de l\'aplicación mobil de PlayStrategy en GitHub</string>
  <string name="reportBugInDiscord">En o servidor Discord de PlayStrategy</string>
  <string name="howToReportBug">Per favor, describe cómo se veye la error, qué esperabas que pasase, y los pasos pa reproducir la error.</string>
  <string name="illegalPawnCapture">Captura de peón ilegal</string>
  <string name="calledEnPassant">Se diz captura a lo paso y ye una d\'as reglas d\'os escaques.</string>
  <string name="tryEnPassant">Preba este chicot chuego interactivo pa aprender mas sobre la captura a lo paso.</string>
  <string name="illegalCastling">Enroque ilegal u imposible</string>
  <string name="castlingPrevented">Lo enroque ye prohibiu si lo rei pasa per un quadrau controlau.</string>
  <string name="castlingRules">Asegura-te d\'entender las reglas d\'o enroque</string>
  <string name="tryCastling">Preba este chicot chuego interactivo pa practicar lo enroque en os escaques</string>
  <string name="castlingImported">Si has importau la partida, u l\'has encomenzada dende una posición, asegura-te d\'establir correctament las reglas de l\'enroque.</string>
  <string name="insufficientMaterial">Material insuficient pa dar mate</string>
  <string name="fideMate">Seguntes las reglas FIDE §6.9, si un escaque y mate ye posible con qualsequier seqüencia legal de movimientos, alavez la partida no ye un empaz</string>
  <string name="knightMate">Puetz fer escaque y mate con nomás un caballo u un alfil, si l\'oponent tiene mas que un rei en o escaquero.</string>
  <string name="noRatingPoints">No s\'ha atorgau puntos</string>
  <string name="ratedGame">Asegura-te d\'haber chugau una partida per puntuación. Las partidas amistosas no afectan a las puntuacions d\'os chugadors.</string>
  <string name="errorPage">Pachina d\'error</string>
  <string name="reportErrorPage">Si una pachina te da error, puetz reportar-la:</string>
  <string name="banAppeal">Apelar per un bloqueyo u una restricción d\'IP</string>
  <string name="engineAppeal">Motor u marca de trapacería</string>
  <string name="sendAppealTo">Puetz ninviar una apelación a %s.</string>
  <string name="falsePositives">A vegadas ocurren falsos positivos, y lo lamentamos.</string>
  <string name="ifLegit">Si la suya apelación ye lechitima, devantaremos la prohibición antes con antes.</string>
  <string name="accountLost">Manimenos, si de verdat has emplegau asistencia d\'un motor, encara que siga nomás una vez, alavez has perdiu la tuya cuenta.</string>
  <string name="doNotDeny">Ye millor que no niegues haber feito trapazas. Si quiers que se te permita creyar una nueva cuenta, nomás has d\'admitir lo que faciés, y contrimostrar que has comprendiu que ha estau una error.</string>
  <string name="otherRestriction">Atra restricción</string>
  <string name="collaboration">Colaboración, legal, comercial</string>
  <string name="monetizing">Monetizar PlayStrategy</string>
  <string name="buyingPlayStrategy">Mercar PlayStrategy</string>
  <string name="authorizationToUse">Autorización pa fer servir PlayStrategy</string>
  <string name="welcomeToUse">Puetz usar PlayStrategy en a tuya actividat, mesmo si ye comercial.</string>
  <string name="videosAndBooks">Puede amostrar-lo en videos, y puede fer capturas de pantalla de PlayStrategy en os suyos libros.</string>
  <string name="creditAppreciated">S\'agradeix si nos mencionas como fuent, encara que no ye obligatorio.</string>
  <string name="noneOfTheAbove">Garra d\'as anteriors</string>
  <string name="sendEmailAt">Ninvia-nos un correu electronico a %s.</string>
  <string name="explainYourRequest">Per favor explica la tuya demanda de traza clara y exhaustiva. Especifica lo tuyo nombre d\'usuario en PlayStrategy, y qualsequier información que nos pueda resultar util.</string>
</resources>
