<?xml version="1.0" encoding="utf-8"?>
<resources>
  <string name="contact">اتصل بنا</string>
  <string name="contactPlayStrategy">تواصل مع PlayStrategy</string>
  <string name="whatCanWeHelpYouWith">كيف يمكن أن نساعدك؟</string>
  <string name="visitThisPage">قم بزيارة هذه الصفحة لحل المشكلة</string>
  <string name="iCantLogIn">لا يمكنني تسجيل الدخول</string>
  <string name="noConfirmationEmail">لم أستلم رسالة تأكيد البريد الإلكتروني</string>
  <string name="forgotPassword">لقد نسيت كلمة السر الخاصة بي</string>
  <string name="forgotUsername">لقد نسيت اسم المستخدم الخاص بي</string>
  <string name="youCanLoginWithEmail">يمكنك تسجيل الدخول باستخدام عنوان البريد الإلكتروني الذي قمت بالتسجيل به</string>
  <string name="lost2FA">لقد فقدت الوصول إلى رموز المصادقة الثنائية الخاصة بي</string>
  <string name="doPasswordReset">أكمل إعادة تعيين كلمة المرور لإزالة المصادقة الثنائية</string>
  <string name="accountSupport">أنا بحاجة إلى دعم تقني للحساب</string>
  <string name="wantTitle">أريد أن يتم عرض لقبي على PlayStrategy</string>
  <string name="visitTitleConfirmation">لإظهار لقبك على ملفك الشخصي في PlayStrategy، والمشاركة في بطولات حملة الألقاب، قم بزيارة صفحة تأكيد اللقب</string>
  <string name="wantCloseAccount">أريد إغلاق حسابي</string>
  <string name="closeYourAccount">يمكنك إغلاق حسابك في هذه الصفحة</string>
  <string name="doNotAskByEmail">لا تطلب إغلاق الحساب عن طريق البريد الإلكتروني، فنحن لن نقوم بذلك.</string>
  <string name="wantReopen">أريد إعادة فتح حسابي</string>
  <string name="reopenOnThisPage">يمكنك إعادة فتح حسابك في هذه الصفحة. تستطيع عمل هذا مرة واحدة فقط.</string>
  <string name="doNotAskByEmailToReopen">لا تطلب إعادة فتح الحساب عن طريق البريد الإلكتروني، فنحن لن نقوم بذلك.</string>
  <string name="wantChangeUsername">أريد تغير اسم المستخدم الخاص بي</string>
  <string name="changeUsernameCase">قم بزيارة هذه الصفحة لتغيير اسم المستخدم الخاص بك</string>
  <string name="cantChangeMore">لايمكن تغيير اكثر من حجم الأحرف، لأسباب تقنية، إنه مستحيل.</string>
  <string name="orCloseAccount">على الرغم من ذلك، يمكنك إغلاق حسابك الحالي، وإنشاء حساب جديد.</string>
  <string name="wantClearHistory">أريد مسح تاريخي أو تقييمي</string>
  <string name="cantClearHistory">لا يمكن مسح تاريخ المباريات أو تاريخ الألغاز أو التقييم.</string>
  <string name="wantReport">أريد أن أبلغ عن لاعب</string>
  <string name="youCanAlsoReachReportPage">يمكنك أيضا الوصول إلى هذه الصفحة بالنقر على زر التبليغ %s في صفحة الملف الشخصي.</string>
  <string name="doNotReportInForum">لا تبلغ عن اللاعبين في المنتدى.</string>
  <string name="doNotSendReportEmails">لا ترسل بالتبليغ عبر البريد الإلكتروني.</string>
  <string name="doNotMessageModerators">لا ترسل رسائل مباشرة للمشرفين.</string>
  <string name="onlyReports">الإبلاغ عن اللاعبين عن طريق الاستمارة هو الطريقة الوحيدة الفعّالة.</string>
  <string name="wantReportBug">أريد أن أبلغ عن خطأ برمجي</string>
  <string name="reportWebsiteIssue">كمشكلة في موقع PlayStrategy على Github</string>
  <string name="reportMobileIssue">كمشكلة في تطبيق PlayStrategy المحمول على GitHub</string>
  <string name="reportBugInDiscord">في خادم ديسكورد PlayStrategy</string>
  <string name="howToReportBug">يرجى وصف الخطأ البرمجي بدقة، ماذا كنت تتوقع أن يحدث بدلاً من ذلك، والخطوات التي أدت إلى حدوث الخطأ.</string>
  <string name="illegalPawnCapture">أخذ غير قانوني للبيدق</string>
  <string name="calledEnPassant">هذا يُعرف باسم \"الأخذ بالتجاوز\" وهو أحد قوانين الشطرنج.</string>
  <string name="tryEnPassant">جرب هذه اللعبة التفاعلية الصغيرة لمعرفة المزيد عن \"الأخذ بالتجاوز\".</string>
  <string name="illegalCastling">تبييت غير ممكن أو مستحيل</string>
  <string name="castlingPrevented">لا يسمح بالتبييت إذا كان الملك في وضع الكش في مكانه الحالي، في المربع الذي سيمر فوقه، أو في مربع الوصول بعد التبييت.</string>
  <string name="castlingRules">تأكد من فهمك لقواعد التبييت</string>
  <string name="tryCastling">جرب هذه اللعبة التفاعلية الصغيرة للتدريب على التبييت في الشطرنج</string>
  <string name="castlingImported">إذا قمت باستيراد المباراة، أو بدأتها من وضعية محددة، تأكد من تعيين حقوق التبييت بشكل صحيح.</string>
  <string name="insufficientMaterial">قطع غير كافية لعمل كش مات</string>
  <string name="fideMate">وفقاً للفقرة 6 من قوانين الشطرنج الصادرة عن الاتحاد الدولي للشطرنج، تعدّ المباراة تعادلاً إذا وصلت إلى وضع لا يمكن معه تنفيذ كش مات بأية سلسلة نقلات قانونية ممكنة</string>
  <string name="knightMate">من الممكن عمل كش مات للخص باستعمال الحصان والفيل فقط، وهذا حتى إذا كان للخصم أكثر من قطعة متبقية على الرقعة.</string>
  <string name="noRatingPoints">لم يتم منح أي نقاط تقييم</string>
  <string name="ratedGame">تأكد من أنك لعبت لعبة مقيمة. الألعاب الاستعراضية لا تؤثر على تقييم اللاعبين.</string>
  <string name="errorPage">صفحة خطأ</string>
  <string name="reportErrorPage">إذا واجهت صفحة خطأ، فيمكنك الإبلاغ عنها:</string>
  <string name="banAppeal">طلب لرفع حظر او تقييد على IP</string>
  <string name="engineAppeal">علامة الغش او استخدام محرك</string>
  <string name="sendAppealTo">يمكنك ارسال طلب الى %s.</string>
  <string name="falsePositives">قد تحدث قرارات خاطئة في بعض الأحيان، ونحن نعتذر على ذلك.</string>
  <string name="ifLegit">اذا كان طلبك مشروعاً، فإننا سنرفع الحظر بأقرب وقت ممكن.</string>
  <string name="accountLost">مع ذلك، اذا كنت استخدمت مساعدة محرك بالفعل، ولو لمرة واحدة، فإن حسابك سيظل مغلق للأسف.</string>
  <string name="doNotDeny">لاتنكر الغش، إذا اردت ان يسمح لك إنشاء حساب جديد، اعترف بما فعلته، وأظهر انك فهمت ان ما فعلته كان خطأ.</string>
  <string name="otherRestriction">قيود أخرى</string>
  <string name="collaboration">التعاون، قانونيا، تجارياً</string>
  <string name="monetizing">تحويل PlayStrategy الى مشروع ربحي</string>
  <string name="buyingPlayStrategy">شراء PlayStrategy</string>
  <string name="authorizationToUse">الإذن لإستخدام PlayStrategy</string>
  <string name="welcomeToUse">انت مرحب بإستخدام PlayStrategy في نشاطاتك، بما في ذلك النشاطات التجارية.</string>
  <string name="videosAndBooks">بإمكانك اظهاره في مقاطع الفيديو الخاصة بك، بإمكانك طباعة لقطات شاشة من PlayStrategy في الكتب الخاصة بك.</string>
  <string name="creditAppreciated">ذكر الإسم مشكور ولكن ليست مطلوب.</string>
  <string name="noneOfTheAbove">لا شيء مما سبق</string>
  <string name="sendEmailAt">راسلنا عبر البريد الإلكتروني %s.</string>
  <string name="explainYourRequest">يرجى شرح طلبك بوضوح ودقة. حدد اسم المستخدم الخاص بك في PlayStrategy، وأي معلومات يمكن أن تساعدنا في مساعدتك.</string>
</resources>
