<?xml version="1.0" encoding="utf-8"?>
<resources>
  <string name="contact">Əlaqə</string>
  <string name="contactPlayStrategy">PlayStrategy ilə əlaqə</string>
  <string name="whatCanWeHelpYouWith">Sizə nədə kömək edə bilərik?</string>
  <string name="visitThisPage">Problemi həll etmək üçün bu səhifəyə keçin</string>
  <string name="iCantLogIn">Daxil ola bilmirəm</string>
  <string name="noConfirmationEmail">Təsdiq e-poçtu almadım</string>
  <string name="forgotPassword">Şifrəmi unutdum</string>
  <string name="forgotUsername">İstifadəçi adımı unutdum</string>
  <string name="youCanLoginWithEmail">Qeydiyyatdan keçdiyiniz elektron poçt ünvanı ilə daxil ola bilərsiniz</string>
  <string name="lost2FA">İki mərhələli təsdiqləmə kodlarımı itirdim</string>
  <string name="doPasswordReset">İkinci doğrulamanı silmək üçün şifrənizi sıfırlayın</string>
  <string name="accountSupport">Hesabımla əlaqədar köməyə ehtiyacım var</string>
  <string name="wantTitle">Titulumun PlayStrategydə göstərilməsini istəyirəm</string>
  <string name="visitTitleConfirmation">PlayStrategy profilinizdə titulunuzu göstərmək və Titullu Arenada iştirak etmək üçün titul təsdiq səhifəsini ziyarət edin</string>
  <string name="wantCloseAccount">Hesabımı bağlamaq istəyirəm</string>
  <string name="closeYourAccount">Bu səhifədəki hesabınızı bağlaya bilərsiniz</string>
  <string name="doNotAskByEmail">Bizdən bir hesabı bağlamağımızı e-poçtlə istəməyin, bunu etməyəcəyik.</string>
  <string name="wantReopen">Hesabımı yenidən açmaq istəyirəm</string>
  <string name="reopenOnThisPage">Bu səhifədə hesabınızı yenidən aça bilərsiniz. Yalnız bir dəfə işləyir.</string>
  <string name="doNotAskByEmailToReopen">Bizdən bir hesabı yenidən açmağımızı e-poçtla istəməyin, etməyəcəyik.</string>
  <string name="wantChangeUsername">İstifadəçi adımı dəyişmək istəyirəm</string>
  <string name="changeUsernameCase">İstifadəçi adınızda böyük və ya kiçik hərf dəyişikliyi etmək üçün bu səhifəni ziyarət edin</string>
  <string name="cantChangeMore">Böyük və kiçik hərf xaricində başqa bir dəyişiklik edə bilmərik. Texniki səbəblərə görə bu mümkün deyil.</string>
  <string name="orCloseAccount">Bununla birlikdə, cari hesabınızı bağlaya və yenisini yarada bilərsiniz.</string>
  <string name="wantClearHistory">Tarixçəmi və ya reytinqimi sıfırlamaq istəyirəm</string>
  <string name="cantClearHistory">Oyun tarixçənizi, tapmaca tarixçənizi və ya reytinqlərinizi sıfırlamaq mümkün deyil.</string>
  <string name="wantReport">Bir oyunçunu bildirmək istəyirəm</string>
  <string name="toReportAPlayerUseForm">Bir oyunçunu şikayət etmək üçün şikayət formundan istifadə edin</string>
  <string name="youCanAlsoReachReportPage">Bir profil səhifəsindəki %s şikayət düyməsinə basaraq da həmin səhifəyə daxil ola bilərsiniz.</string>
  <string name="doNotReportInForum">Forumdakı oyunçuları şikayət etməyin.</string>
  <string name="doNotSendReportEmails">Bizə şikayət e-poçtlərı göndərməyin.</string>
  <string name="doNotMessageModerators">Moderatorlara birbaşa mesaj göndərməyin.</string>
  <string name="onlyReports">Yalnız şikayət formu ilə oyunçuları şikayət etmək təsirli olur.</string>
  <string name="wantReportBug">Bir səhv barədə məlumat vermək istəyirəm</string>
  <string name="reportBugInForum">Forumun PlayStrategy Rəy bölməsində</string>
  <string name="reportWebsiteIssue">PlayStrategy sayt problemləri GitHubda</string>
  <string name="reportMobileIssue">PlayStrategy mobil tətbiqi problemləri GitHubda</string>
  <string name="reportBugInDiscord">PlayStrategyin Discord serverində</string>
  <string name="howToReportBug">Lütfən, xətanın necə göründüyünü, bunun əvəzində nə olacağını gözlədiyinizi və xətanı yaradan addımları təsvir edin.</string>
  <string name="illegalPawnCapture">Səhv piyada vurma hərəkəti</string>
  <string name="calledEnPassant">Buna \"keçiddə götürmə\" deyirlər və bu şahmatın qaydalarından biridir.</string>
  <string name="tryEnPassant">\"Keçiddə götürmə\" haqqında daha çox məlumat əldə etmək üçün bu kiçik interaktiv oyunu sınayın.</string>
  <string name="illegalCastling">Qanunsuz və ya qeyri-mümkün qalaqurma</string>
  <string name="castlingPrevented">Yalnız şahın keçdiyi bir xananın hücum altında olması qalaqurmaya mane ola bilər.</string>
  <string name="castlingRules">Qalaqurma qaydalarını başa düşdüyünüzdən əmin olun</string>
  <string name="tryCastling">Şahmatda qalaqurma etmək üçün bu kiçik interaktiv oyunu sınayın</string>
  <string name="castlingImported">Oyunu daxil etmisinizsə və ya bir pozisiyadan başlamısınızsa, qalaqurma ayarlarını düzgün qurduğunuzdan əmin olun.</string>
  <string name="insufficientMaterial">Mat üçün yetərsiz fiqur</string>
  <string name="fideMate">FIDE Şahmat Qanunları §6.9-a görə, hər hansı bir qanuni gedişlər ardıcıllığı ilə mat mümkündürsə, oyun heç-heçə deyil</string>
  <string name="knightMate">Rəqibin lövhədə şahdan başqa digər bir fiquru varsa, yalnız bir at və ya bir fillə mat etmək mümkündür.</string>
  <string name="noRatingPoints">Heç bir reytinq xalı verilməyib</string>
  <string name="ratedGame">Reytinqli oyun oynadığınızdan əmin olun. Reytinqsiz oyunlar oyunçuların reytinqlərinə təsir etmir.</string>
  <string name="errorPage">Xəta səhifəsi</string>
  <string name="reportErrorPage">Bir səhv səhifəsi ilə qarşılaşmısınızsa, bu barədə məlumat verə bilərsiniz:</string>
  <string name="banAppeal">Ban və ya IP məhdudlaşması üçün müraciət edin</string>
  <string name="engineAppeal">Şahmat mühərriki istifadəsi və ya hiylə işarəsi</string>
  <string name="sendAppealTo">Buraya müraciət edə bilərsiniz: %s.</string>
  <string name="falsePositives">Bəzən yanlış şeylər ola bilər və buna görə üzr istəyirik.</string>
  <string name="ifLegit">Müraciətiniz qanuni olarsa, qadağanı ən qısa müddətdə ləğv edəcəyik.</string>
  <string name="accountLost">Ancaq həqiqətən bir dəfə də olsa mühərrik yardımından istifadə etdinizsə, təəssüf ki, hesabınızı itirəcəksiniz.</string>
  <string name="doNotDeny">Hiylə etdiyinizi inkar etməyin. Yeni bir hesab yaratmağınıza icazə verilməsini istəyirsinizsə, nə etdiyinizi etiraf edin və bunun səhv olduğunu başa düşdüyünüzü göstərin.</string>
  <string name="otherRestriction">Digər məhdudiyyət</string>
  <string name="collaboration">Əməkdaşlıq, hüquqi, kommersiya</string>
  <string name="monetizing">PlayStrategydən pul qazanmaq</string>
  <string name="buyingPlayStrategy">PlayStrategyi almaq</string>
  <string name="authorizationToUse">PlayStrategy istifadə icazəsi</string>
  <string name="welcomeToUse">Biznes məqsədilə olsa belə fəaliyyətiniz üçün PlayStrategy istifadə edə bilərsiniz.</string>
  <string name="videosAndBooks">Bunu videolarınızda göstərə və kitablarınıza PlayStrategy ekran görüntülərini çap edə bilərsiniz.</string>
  <string name="creditAppreciated">Tərif qiymətləndirilir, lakin tələb olunmur.</string>
  <string name="noneOfTheAbove">Yuxarıdakıların heç biri</string>
  <string name="sendEmailAt">Bizə %s vasitəsilə bir e-poçt göndərin.</string>
  <string name="explainYourRequest">Lütfən tələbinizi aydın və hərtərəfli izah edin. PlayStrategy istifadəçi adınızı və sizə kömək etməyimizə yarayacaq məlumatları bildirin.</string>
</resources>
