<?xml version="1.0" encoding="utf-8"?>
<resources>
  <string name="contact">Контакти</string>
  <string name="contactPlayStrategy">Свържи се с нас</string>
  <string name="whatCanWeHelpYouWith">Как можем да бъдем полезни?</string>
  <string name="visitThisPage">Посетете тази страница за разрешаване на проблема</string>
  <string name="iCantLogIn">Не мога да вляза в профила си</string>
  <string name="noConfirmationEmail">Не получих email за потвърждение</string>
  <string name="forgotPassword">Забравих паролата си</string>
  <string name="forgotUsername">Забравих потребителското си име</string>
  <string name="youCanLoginWithEmail">Можете да влезе с email адреса, с който сте регистрирани</string>
  <string name="lost2FA">Нямам достъп до 2-стъпковите кодове за аутентикация</string>
  <string name="wantChangeUsername">Искам да променя потребителското ми име</string>
  <string name="wantClearHistory">Искам да изчистя моята история или рейтинг</string>
  <string name="cantClearHistory">Не е възможно да почистите в играта своите история, шахматни задачи или рейтинги.</string>
  <string name="wantReport">Искам да докладвам играч</string>
  <string name="calledEnPassant">Нарича се \"ан пасан\" и е едно от правилата на шаха.</string>
  <string name="tryEnPassant">Опитайте тази малка интерактивна игра за да научите повече за \"ан пасан\".</string>
  <string name="errorPage">Страница за грешката</string>
  <string name="welcomeToUse">Добре сте дошли да използвате PlayStrategy за своята дейност, дори и търговска такава.</string>
  <string name="noneOfTheAbove">Никое от горните</string>
</resources>
