<?xml version="1.0" encoding="utf-8"?>
<resources>
  <string name="contact">লাইকেস. আর. সি. / এর যোগাযোগের সংক্ষিপ্ত লিঙ্ক, হোমপেজে দৃশ্যমান</string>
  <string name="contactPlayStrategy">পৃষ্ঠার শিরোনাম playstrategy. org/contact</string>
  <string name="whatCanWeHelpYouWith">আমরা কি আপনাকে কোন সাহায্য করতে পারি?</string>
  <string name="visitThisPage">সমস্যাটি সমাধান করতে এই পৃষ্ঠাটি দেখুন</string>
  <string name="iCantLogIn">আমি লগ ইন করতে পারি না</string>
  <string name="noConfirmationEmail">আমি আমার নিশ্চিতকরণ ইমেলটি পাইনি</string>
  <string name="forgotPassword">আমি আমার পাসওয়ার্ড ভুলে গেছি</string>
  <string name="forgotUsername">আমি আমার লেসেস ব্যবহারকারীর নাম ভুলে গেছি</string>
  <string name="youCanLoginWithEmail">আপনি যে ইমেল ঠিকানাটি সাইন আপ করেছেন তা দিয়ে আপনি লগইন করতে পারেন</string>
</resources>
