<?xml version="1.0" encoding="utf-8"?>
<resources>
  <string name="contact">Darempred</string>
  <string name="contactPlayStrategy">Mont e darempred gant PlayStrategy</string>
  <string name="whatCanWeHelpYouWith">Penaos e c\'hellomp ho sikour?</string>
  <string name="visitThisPage">Kit war ar pajenn-mañ da zirouestlañ ho kudenn</string>
  <string name="iCantLogIn">Ne c\'hallan ket kevreañ</string>
  <string name="noConfirmationEmail">N\'em eus ket resevet postel ebet evit kadarnat</string>
  <string name="forgotPassword">Disoñjet em eus ma ger-tremen</string>
  <string name="forgotUsername">Disoñjet em eus ma anv-implijer</string>
  <string name="youCanLoginWithEmail">Gallout a rit kevreañ gant ar chomlec\'h postel arveret ganeoc\'h evit lakaat hoc\'h anv</string>
  <string name="accountSupport">Ezhomm em eus da gaout sikour e-keñver ma c\'hont</string>
  <string name="wantCloseAccount">C\'hoant am eus da serriñ ma c\'hont</string>
  <string name="closeYourAccount">Gallout a rit serriñ ho kont war ar bajenn-mañ</string>
  <string name="doNotAskByEmail">Arabat goulenn ganeoc\'h serriñ ur gont dre bostel, ne raimp ket.</string>
  <string name="wantReopen">Plijout a rafe din digeriñ ma c\'hont en-dro</string>
  <string name="reopenOnThisPage">Gallout a rit digeriñ ho kont en-dro war ar bajenn-mañ. Ne vo ket tu d\'ober se nemet ur wech.</string>
  <string name="doNotAskByEmailToReopen">Arabat goulenn ganeoc\'h digeriñ en-dro ur gont dre bostel, ne raimp ket.</string>
  <string name="wantChangeUsername">Fellout a ra din kemm ma anv arveriad</string>
  <string name="changeUsernameCase">Kit war ar bajenn-mañ da cheñch ment lizherennoù hoc\'h anv-implijer</string>
  <string name="cantChangeMore">Ne c\'haller ket cheñch ouzhpenn ment al lizherennoù. Evit abegoù teknikel an hini eo.</string>
  <string name="orCloseAccount">Padal e c\'hallit serriñ ar gont-mañ ha digeriñ unan all.</string>
  <string name="wantClearHistory">C\'hoant am eus da ziverkañ roll-istor ma c\'hrogadoù</string>
  <string name="cantClearHistory">Ne c\'haller ket diverkañ roll-istor ho krogadoù, pe hini ho poelladennoù pe ho renkadur.</string>
  <string name="reportBugInDiscord">War PlayStrategy Discord server</string>
  <string name="illegalPawnCapture">Paket eo bet ur pezh gwerin en un doare direizh</string>
  <string name="calledEnPassant">\"En ur dremen\" a vez graet deus-se hag ur reolenn diazez eus ar c\'hoari an hini eo.</string>
  <string name="ratedGame">Bezit sur ho peus kemeret perzh en ur c\'hrogad renket rak ar c\'hrogadoù a vignoniezh ne cheñchont ket renkadur ar c\'hoarierien.</string>
  <string name="errorPage">Pajenn fazi</string>
  <string name="sendAppealTo">Galv a c\'hallit ober: %s.</string>
  <string name="buyingPlayStrategy">Prenañ PlayStrategy</string>
  <string name="authorizationToUse">Aotre d\'ober gant PlayStrategy</string>
  <string name="welcomeToUse">Aotreañ a reomp ac\'hanoc\'h d\'ober gant PlayStrategy war bep tachenn, zoken war hini ar c\'henwerzh.</string>
  <string name="videosAndBooks">Gallout a rit ober gant PlayStrategy en ho videoioù ha moullañ tapadennoù-skramm en ho levrioù.</string>
  <string name="creditAppreciated">Kontant e vefemp ma venegfec\'h PlayStrategy daoust ma n\'oc\'h ket rediet hen ober.</string>
  <string name="noneOfTheAbove">Hini ebet eus ar re meneget uheloc\'h</string>
  <string name="sendEmailAt">Kasit ur postel deomp da %s.</string>
  <string name="explainYourRequest">Displegit fraezh ha sklaer ho koulenn. Menegit hoc\'h anv-impljer PlayStrategy hag ar pep retañ evit ma c\'hallfemp ho sikour.</string>
</resources>
