<?xml version="1.0" encoding="utf-8"?>
<resources>
  <string name="contact">Contacte</string>
  <string name="contactPlayStrategy">Contacte PlayStrategy</string>
  <string name="whatCanWeHelpYouWith">En que et podem ajudar?</string>
  <string name="visitThisPage">Visita aquesta pàgina per resoldre el problema</string>
  <string name="iCantLogIn">No em puc connectar</string>
  <string name="noConfirmationEmail">No he rebut el correu de confirmació</string>
  <string name="forgotPassword">He oblidat la meva contrasenya</string>
  <string name="forgotUsername">He oblidat el meu nom d\'usuari</string>
  <string name="youCanLoginWithEmail">Podeu iniciar la sessió amb l’adreça de correu electrònic amb la que us vau registrar</string>
  <string name="lost2FA">He perdut l’accés als meus codis d’autenticació de dos factors</string>
  <string name="doPasswordReset">Completa un restabliment de la contrasenya per eliminar el segon factor</string>
  <string name="accountSupport">Necessito ajuda amb el compte</string>
  <string name="wantTitle">Vull que el meu títol es mostri a PlayStrategy</string>
  <string name="visitTitleConfirmation">Per mostrar el vostre títol al perfil de PlayStrategy i participar en Tornejos Titulats, visiteu la pàgina de confirmació del títol</string>
  <string name="wantCloseAccount">Vull tancar el meu compte</string>
  <string name="closeYourAccount">Pots tancar el compte en aquesta pàgina</string>
  <string name="doNotAskByEmail">No ens demanis tancar el teu compte per correu electrònic, no ho farem.</string>
  <string name="wantReopen">Vull reobrir el meu compte</string>
  <string name="reopenOnThisPage">Pots reobrir el teu compte en aquesta pàgina. Només funciona una vegada.</string>
  <string name="doNotAskByEmailToReopen">No ens demanis reobrir el teu compte per correu electrònic, no ho farem.</string>
  <string name="wantChangeUsername">Vull canviar el meu nom d\'usuari</string>
  <string name="changeUsernameCase">Visita aquesta pàgina per canviar majúscules/minúscules en el teu nom d\'usuari</string>
  <string name="cantChangeMore">No podem canviar més que les majúscules/minúscules. Per motius tècnics, és del tot impossible.</string>
  <string name="orCloseAccount">Tot i això, pots tancar el teu compte actual i crear-ne un de nou.</string>
  <string name="wantClearHistory">Vull esborrar el meu historial o puntuació</string>
  <string name="cantClearHistory">No és possible esborrar l\'historial de jocs, l\'historial de trencaclosques o les classificacions.</string>
  <string name="wantReport">Vull denunciar un jugador</string>
  <string name="toReportAPlayerUseForm">Per denunciar un usuari, fes servir el formulari de denúncies</string>
  <string name="youCanAlsoReachReportPage">També podeu arribar a aquesta pàgina si feu clic al botó de denuncies per %s en una pàgina de perfil.</string>
  <string name="doNotReportInForum">No denunciar jugadors al forum.</string>
  <string name="doNotSendReportEmails">No ens enviïs correus denunciant jugadors.</string>
  <string name="doNotMessageModerators">No envieu missatges directes als moderadors.</string>
  <string name="onlyReports">Només denunciar jugadors mitjançant el formulari de denuncies és efectiu.</string>
  <string name="wantReportBug">Vull reportar un error</string>
  <string name="reportBugInForum">A la secció de Comentaris sobre PlayStrategy al forum</string>
  <string name="reportWebsiteIssue">Com un problema del lloc web de PlayStrategy a Github</string>
  <string name="reportMobileIssue">Com un problema de l\'aplicació mòbil a Github</string>
  <string name="reportBugInDiscord">Al servidor Discord de PlayStrategy</string>
  <string name="howToReportBug">Si us plau, descriu com es veu l\'error, què esperaves que succeís, i els passos per a reproduir l\'error.</string>
  <string name="illegalPawnCapture">Captura de peo il·legal</string>
  <string name="calledEnPassant">Es diu captura al pas i és una de les regles dels escacs.</string>
  <string name="tryEnPassant">Prova aquest petit joc interactiu per aprendre més sobre la captura al pas.</string>
  <string name="illegalCastling">Enroc il·legal o impossible</string>
  <string name="castlingPrevented">L\'enroc només s\'evita si el rei passa per una plaça controlada.</string>
  <string name="castlingRules">Assegureu-vos d’entendre les regles de l’enroc</string>
  <string name="tryCastling">Proveu aquest petit joc interactiu per practicar l\'enroc en els escacs</string>
  <string name="castlingImported">Si has importat el joc, o el vas iniciar des d\'una posició, assegura\'t de restablir correctament els drets de l\'enroc.</string>
  <string name="insufficientMaterial">Material insuficient per a fer mat</string>
  <string name="fideMate">Segons les lleis de la FIDE §6.9, si un escac i mat és possible mitjançant una combinació de moviments legals, llavors la partida no és taules</string>
  <string name="knightMate">És possible fer escac i mat únicament amb un cavall o un alfil, si l\'oponent té alguna peça que bloquegi el rei.</string>
  <string name="noRatingPoints">No s\'han concedit punts</string>
  <string name="ratedGame">Assegura\'t d\'haver jugat una partida puntuable. Les partides amistoses no afecten les puntuacions dels jugadors.</string>
  <string name="errorPage">Pàgina d\'error</string>
  <string name="reportErrorPage">Si una pàgina et dóna error, la pots reportar:</string>
  <string name="banAppeal">Apel·lació per prohibició o restricció de IP</string>
  <string name="engineAppeal">Motor o marca de trampa</string>
  <string name="sendAppealTo">Pots enviar una apel·lació a %s.</string>
  <string name="falsePositives">A vegades es detecten falsos positius i demanem disculpes per això.</string>
  <string name="ifLegit">Si la vostra apel·lació és legítima, eliminarem la prohibició el més aviat possible.</string>
  <string name="accountLost">Tanmateix, si realment heu utilitzat l\'assistència del motor, fins i tot una sola vegada, el vostre compte es perd desgraciadament.</string>
  <string name="doNotDeny">No neguis haver enganyat. Si vols crear un compte nou, només admeteu el que heu fet i demostreu que heu entès que era un error.</string>
  <string name="otherRestriction">Una altra restricció</string>
  <string name="collaboration">Col·laboració, legal, comercial</string>
  <string name="monetizing">Monetitzar PlayStrategy</string>
  <string name="buyingPlayStrategy">Comprar PlayStrategy</string>
  <string name="authorizationToUse">Autorització per fer servir PlayStrategy</string>
  <string name="welcomeToUse">Pots utilitzar PlayStrategy per a la vostra activitat, fins i tot comercial.</string>
  <string name="videosAndBooks">Podeu mostrar-lo als vostres vídeos i podeu imprimir captures de pantalla de PlayStrategy als vostres llibres.</string>
  <string name="creditAppreciated">El crèdit és apreciat, però no obligatori.</string>
  <string name="noneOfTheAbove">Cap de les anteriors</string>
  <string name="sendEmailAt">Envia\'ns un correu a %s.</string>
  <string name="explainYourRequest">Expliqueu la vostra sol·licitud de manera clara i minuciosa. Indiqueu el vostre nom d’usuari de PlayStrategy i qualsevol informació que ens pugui ajudar.</string>
</resources>
