<?xml version="1.0" encoding="utf-8"?>
<resources>
  <string name="contact">Kontakt</string>
  <string name="contactPlayStrategy">Kontaktujte PlayStrategy</string>
  <string name="whatCanWeHelpYouWith">S čím vám můžeme pomoci?</string>
  <string name="visitThisPage">Navštivte tuto stránku pro vyřešení problému</string>
  <string name="iCantLogIn">Nemohu se přihlásit</string>
  <string name="noConfirmationEmail">Nedostal jsem svůj potvrzovací e-mail</string>
  <string name="forgotPassword">Zapomněl jsem své heslo</string>
  <string name="forgotUsername">Zapomněl jsem své uživatelské jméno</string>
  <string name="youCanLoginWithEmail">Můžete se přihlásit pomocí e-mailové adresy, se kterou jste se zaregistrovali</string>
  <string name="lost2FA">Ztratil jsem přístup ke svým dvoufaktorovým ověřovací kódům</string>
  <string name="doPasswordReset">Dokončete obnovení hesla pro zrušení dvoufaktorového ověření</string>
  <string name="accountSupport">Potřebuji podporu účtu</string>
  <string name="wantTitle">Chci, aby byl můj titul zobrazen na PlayStrategy</string>
  <string name="visitTitleConfirmation">Chcete-li zobrazit svůj titul na Vašem PlayStrategy profilu a účastnit se v arénách pro hráče s tituly, navštivte stránku s potvrzením titulu</string>
  <string name="wantCloseAccount">Chci uzavřít svůj účet</string>
  <string name="closeYourAccount">Můžete uzavřít svůj účet na této stránce</string>
  <string name="doNotAskByEmail">Nežádejte nás e-mailem o uzavření účtu, neuděláme to.</string>
  <string name="wantReopen">Chci znovu otevřít svůj účet</string>
  <string name="reopenOnThisPage">Můžete znovu otevřít svůj účet na této stránce. Funguje to pouze jednou.</string>
  <string name="doNotAskByEmailToReopen">Nežádejte nás e-mailem o opětovné otevření účtu, neuděláme to.</string>
  <string name="wantChangeUsername">Chci změnit své uživatelské jméno</string>
  <string name="changeUsernameCase">Navštivte tuto stránku pro změnu vašeho uživatelského jména</string>
  <string name="cantChangeMore">Nemůžeme to změnit jindy než v tomto případě. Z technických důvodů je to naprosto nemožné.</string>
  <string name="orCloseAccount">Můžete však uzavřít svůj aktuální účet a vytvořit nový.</string>
  <string name="wantClearHistory">Chci vymazat svou historii nebo rating</string>
  <string name="cantClearHistory">Není možné vymazat Vaši historii her, historii taktických úloh nebo ratingy.</string>
  <string name="wantReport">Chci nahlásit hráče</string>
  <string name="toReportAPlayerUseForm">Pro nahlášení hráče využijte daný formulář</string>
  <string name="youCanAlsoReachReportPage">Na tuto stránku se můžete také dostat kliknutím na nahlašovací tlačítko %s na profilové stránce.</string>
  <string name="doNotReportInForum">Nenahlašujte hráče ve fóru.</string>
  <string name="doNotSendReportEmails">Neposílejte nám e-maily s nahlášením.</string>
  <string name="doNotMessageModerators">Neposílejte přímé zprávy moderátorům.</string>
  <string name="onlyReports">Pouze nahlášení hráčů prostřednictvím formuláře pro nahlášení jsou účinná.</string>
  <string name="wantReportBug">Chci nahlásit chybu</string>
  <string name="reportBugInForum">V sekci PlayStrategy Zpětná vazba na fóru</string>
  <string name="reportWebsiteIssue">Jako problém s webovou stránkou PlayStrategy na GitHubu</string>
  <string name="reportMobileIssue">Jako problém s mobilní aplikací PlayStrategy na GitHubu</string>
  <string name="reportBugInDiscord">Na Discord serveru PlayStrategy</string>
  <string name="howToReportBug">Popište, jak vypadá chyba, co jste očekávali a kroky k reprodukování chyby.</string>
  <string name="illegalPawnCapture">Nepovolené braní pěšce</string>
  <string name="calledEnPassant">Nazývá se to \"braní mimochodem\" a je to jedním z pravidel šachů.</string>
  <string name="tryEnPassant">Vyzkoušejte tuto malou interaktivní hru, abyste se dozvěděli více o \"braní mimochodem\".</string>
  <string name="illegalCastling">Nemožná rošáda nebo proti pravidlům</string>
  <string name="castlingPrevented">Rošáda není možná, pokud by kvůli ní král přešel přes pole, na kterém by byl v šachu.</string>
  <string name="castlingRules">Ujistěte se, že rozumíte pravidlům pro rošádu</string>
  <string name="tryCastling">Vyzkoušejte tuto malou interaktivní hru a procvičte si rošádu v šachu</string>
  <string name="castlingImported">Pokud jste importovali hru, nebo jste ji začali z pozice, ujistěte se, že jste správně nastavili práva pro rošádu.</string>
  <string name="insufficientMaterial">Nedostatečný materiál pro matování</string>
  <string name="fideMate">Podle Šachových pravidel FIDE §6.9, pokud je šach-mat možný jakoukoli posloupností tahů dle pravidel, pak hra není remízou</string>
  <string name="knightMate">Je možné dát šach-mat jen s koněm nebo střelcem, pokud má soupeř na šachovnici více figur než jen krále.</string>
  <string name="noRatingPoints">Nebyly přiděleny žádné ratingové body</string>
  <string name="ratedGame">Ujistěte se, že jste hráli hodnocenou hru. Neformální hry neovlivňují hodnocení hráčů.</string>
  <string name="errorPage">Chybová stránka</string>
  <string name="reportErrorPage">Pokud jste narazili na chybovou stránku, můžete ji nahlásit:</string>
  <string name="banAppeal">Žádost o zákaz nebo IP omezení</string>
  <string name="engineAppeal">Ozčnačení za engine nebo podvádění</string>
  <string name="sendAppealTo">Můžete poslat odvolání na %s.</string>
  <string name="falsePositives">Někdy dochází k falešným označením, a to je nám líto.</string>
  <string name="ifLegit">Pokud je vaše odvolání oprávněné, zrušíme zákaz co nejdříve.</string>
  <string name="accountLost">Pokud jste však skutečně použili pomoc enginu, a to i jednou, pak je váš účet bohužel ztracen.</string>
  <string name="doNotDeny">Nepopírejte podvádění. Pokud chcete mít možnost vytvořit nový účet, stačí připustit, co jste udělali, a ukázat, že jste pochopili, že to byla chyba.</string>
  <string name="otherRestriction">Jiné omezení</string>
  <string name="collaboration">Spolupráce, právo, komerce</string>
  <string name="monetizing">Monetizace PlayStrategy</string>
  <string name="buyingPlayStrategy">Nákup PlayStrategy</string>
  <string name="authorizationToUse">Povolení používat PlayStrategy</string>
  <string name="welcomeToUse">Budeme rádi, když využijete PlayStrategy pro svou aktivitu, dokonce i komerční.</string>
  <string name="videosAndBooks">Můžete to ukázovat ve svých videích a ve svých knihách můžete použít screenshoty z PlayStrategy.</string>
  <string name="creditAppreciated">Poplatek je ceněn, ale není vyžadován.</string>
  <string name="noneOfTheAbove">Nic z výše uvedených</string>
  <string name="sendEmailAt">Pošlete nám e-mail na %s.</string>
  <string name="explainYourRequest">Prosím, vysvětlete svůj požadavek jasně a důkladně. Zadejte své PlayStrategy uživatelské jméno a veškeré informace, které nám mohou pomoci s pomocí vám.</string>
</resources>
