<?xml version="1.0" encoding="utf-8"?>
<resources>
  <string name="contact">Kontakt</string>
  <string name="contactPlayStrategy">Kontakt PlayStrategy</string>
  <string name="whatCanWeHelpYouWith">Hvad kan vi hjælpe dig med?</string>
  <string name="visitThisPage">Besøg denne side for at løse problemet</string>
  <string name="iCantLogIn">Jeg kan ikke logge ind</string>
  <string name="noConfirmationEmail">Jeg modtager ikke min bekræftelsesmail</string>
  <string name="forgotPassword">Jeg har glemt min adgangskode</string>
  <string name="forgotUsername">Jeg har glemt mit brugernavn</string>
  <string name="youCanLoginWithEmail">Du kan logge ind med den e-mailadresse, som du tilmeldte dig med</string>
  <string name="lost2FA">Jeg har mistet adgang til mine totrinsbekræftelseskoder</string>
  <string name="doPasswordReset">Lav en adgangskode nulstilling for at fjerne din tofaktorgodkendelse</string>
  <string name="accountSupport">Jeg har brug for kontosupport</string>
  <string name="wantTitle">Jeg vil have min titel vist på PlayStrategy</string>
  <string name="visitTitleConfirmation">For at vise din titel på din PlayStrategy-profil og deltage i Titled Arenas skal du besøge bekræftelsessiden</string>
  <string name="wantCloseAccount">Jeg vil lukke min konto</string>
  <string name="closeYourAccount">Du kan lukke din konto på denne side</string>
  <string name="doNotAskByEmail">Bed os ikke på e-mail om at lukke en konto, vi vil ikke gøre det.</string>
  <string name="wantReopen">Jeg vil genåbne min konto</string>
  <string name="reopenOnThisPage">Du kan genåbne din konto på denne side. Det virker kun én gang.</string>
  <string name="doNotAskByEmailToReopen">Bed os ikke på e-mail om at genåbne en konto, vi vil ikke gøre det.</string>
  <string name="wantChangeUsername">Jeg vil ændre mit brugernavn</string>
  <string name="changeUsernameCase">Besøg denne side for at ændre skriftstørrelse i dit brugernavn</string>
  <string name="cantChangeMore">Vi vil ikke ændre andet end skriftstørrelsen. Af tekniske årsager er det simpelthen ikke muligt.</string>
  <string name="orCloseAccount">Du kan dog lukke din konto og oprette en ny.</string>
  <string name="wantClearHistory">Jeg vil slette min historik eller rating</string>
  <string name="cantClearHistory">Det er ikke muligt at slette din historik for partier, taktikopgaver eller ratinger.</string>
  <string name="wantReport">Jeg vil anmelde en spiller</string>
  <string name="toReportAPlayerUseForm">Brug anmeldelsesformularen for at anmelde en spiller</string>
  <string name="youCanAlsoReachReportPage">Du kan også komme frem til den side ved at klikke på %s anmeldelsesknappen på en profilside.</string>
  <string name="doNotReportInForum">Anmeld ikke spillere i forummet.</string>
  <string name="doNotSendReportEmails">Send os ikke anmeldelsesmails.</string>
  <string name="doNotMessageModerators">Send ikke direkte beskeder til moderatorer.</string>
  <string name="onlyReports">Kun anmeldelse af spillere via anmeldelsesformularen virker.</string>
  <string name="wantReportBug">Jeg vil melde om en fejl</string>
  <string name="reportBugInForum">I PlayStrategy Feedback Forum</string>
  <string name="reportWebsiteIssue">Som et PlayStrategy website problem på GitHub</string>
  <string name="reportMobileIssue">Som et PlayStrategy mobilapp problem på GitHub</string>
  <string name="reportBugInDiscord">I PlayStrategy discord-serveren</string>
  <string name="howToReportBug">Beskriv venligst, hvordan problemet viser sig, hvad du havde forventet i stedet og de trin, der skal til for at genskabe problemet.</string>
  <string name="illegalPawnCapture">Ulovlig bondefangst</string>
  <string name="calledEnPassant">Det kaldes for \"en passant\" og er en af skakreglerne.</string>
  <string name="tryEnPassant">Prøv dette lille interaktive spil for at lære mere om \"en passant\".</string>
  <string name="illegalCastling">Illegal eller umulig rokade</string>
  <string name="castlingPrevented">Rokade forhindres kun, hvis kongen passerer gennem et kontrolleret felt.</string>
  <string name="castlingRules">Vær sikker på, at du forstår reglerne for rokade</string>
  <string name="tryCastling">Prøve dette lille interaktive spil for at øve rokade i skak</string>
  <string name="castlingImported">Sikr dig, at du har indstillet rokade-rettighederne korrekt, hvis du har importeret partiet eller startet det fra en position.</string>
  <string name="insufficientMaterial">Utilstrækkeligt materiale til at sætte mat</string>
  <string name="fideMate">Ifølge FIDEs regler for skak §6.9, er et parti ikke remis, hvis en skakmat er mulig med en lovlig rækkefølge af træk</string>
  <string name="knightMate">Det er muligt at sætte skakmat med blot en springer eller løber, hvis modstanderen har mere end en konge på brættet.</string>
  <string name="noRatingPoints">Ingen ratingpoint blev givet</string>
  <string name="ratedGame">Vær sikker på, at du spillede et ratet parti. Uformelle partier påvirker ikke spillernes rating.</string>
  <string name="errorPage">Fejlside</string>
  <string name="reportErrorPage">Hvis du stødte på en fejlside, kan du anmelde det:</string>
  <string name="banAppeal">Appellere en udelukkelse eller IP-restriktion</string>
  <string name="engineAppeal">Skakcomputer eller snyde-anmærkning</string>
  <string name="sendAppealTo">Du kan sende en appel til %s.</string>
  <string name="falsePositives">Falske positiver forekommer, hvilket vi beklager.</string>
  <string name="ifLegit">Hvis din appel er berettiget, ophæver vi udelukkelsen hurtigst muligt.</string>
  <string name="accountLost">Men hvis du faktisk fik assistance fra en skakcomputer, selvom det blot var én gang, er din konto desværre gået tabt.</string>
  <string name="doNotDeny">Benægt ikke snyderiet. Indrøm bare hvad du gjorde, hvis du vil have lov til at oprette en ny konto, og vis, at du forstår, at det var en fejltagelse.</string>
  <string name="otherRestriction">Anden restriktion</string>
  <string name="collaboration">Samarbejde, jura, kommerciel</string>
  <string name="monetizing">Tjene penge på PlayStrategy</string>
  <string name="buyingPlayStrategy">Købe PlayStrategy</string>
  <string name="authorizationToUse">Tilladelse til at bruge PlayStrategy</string>
  <string name="welcomeToUse">Du er velkommen til at bruge PlayStrategy til dine aktiviteter, selv kommercielle.</string>
  <string name="videosAndBooks">Du kan vise det i dine videoer, og du kan printe screenshots af PlayStrategy i dine bøger.</string>
  <string name="creditAppreciated">Kreditering værdsættes, men er ikke påkrævet.</string>
  <string name="noneOfTheAbove">Intet af det ovenstående</string>
  <string name="sendEmailAt">Send os en e-mail på %s.</string>
  <string name="explainYourRequest">Beskriv venligst din anmodning klart og grundigt. Oplys dit PlayStrategy-brugernavn og enhver anden information, som kan hjælpe os med at hjælpe dig.</string>
</resources>
