<?xml version="1.0" encoding="utf-8"?>
<resources>
  <string name="contact">Επικοινωνία</string>
  <string name="contactPlayStrategy">Επικοινωνήστε με PlayStrategy</string>
  <string name="whatCanWeHelpYouWith">Πως μπορούμε να σας βοηθήσουμε;</string>
  <string name="visitThisPage">Επισκεφτείτε αυτή τη σελίδα για επίλυση του προβλήματος</string>
  <string name="iCantLogIn">Δεν μπορώ να συνδεθώ</string>
  <string name="noConfirmationEmail">Δεν έχω λάβει μήνυμα επιβεβαίωσης</string>
  <string name="forgotPassword">Ξέχασα τον κωδικό μου</string>
  <string name="forgotUsername">Ξέχασα το όνομα χρήστη</string>
  <string name="youCanLoginWithEmail">Μπορείτε να συνδεθείτε με το email που εγγραφήκατε</string>
  <string name="lost2FA">Έχασα τους κωδικούς ταυτοποίησης δύο παραγόντων</string>
  <string name="doPasswordReset">Κάντε επαναφορά κωδικού για απενεργοποίηση του δεύτερου παράγοντα</string>
  <string name="accountSupport">Χρειάζομαι υποστήριξη για τον λογαριασμό μου</string>
  <string name="wantTitle">Επιθυμώ ο τίτλος μου να εμφανίζεται στο προφίλ μου στο PlayStrategy</string>
  <string name="visitTitleConfirmation">Για να εμφανίζεται ο τίτλος σας στο προφίλ σας στο PlayStrategy και να συμμετέχετε στην Αρένα Τιτλούχων, επισκεφτείτε τη σελίδα επιβεβαίωσης τίτλων</string>
  <string name="wantCloseAccount">Θελω να κλεισω τον λογαριασμο μου</string>
  <string name="closeYourAccount">Μπορείτε να κλείσετε τον λογαριασμό σας σε αυτή τη σελίδα</string>
  <string name="doNotAskByEmail">Μην μας ζητάτε με email να κλείσουμε τον λογαριασμό σας διότι δε θα το κάνουμε.</string>
  <string name="wantReopen">Θέλω να ξανανοίξω τον λογαριασμό μου</string>
  <string name="reopenOnThisPage">Μπορείτε να ξανανοίξετε τον λογαριασμό σας σε αυτή τη σελίδα. Αυτό μπορείτε να το κάνετε μόνο μία φορά.</string>
  <string name="doNotAskByEmailToReopen">Μην μας ζητάτε με email να ξανανοίξουμε έναν λογαριασμό διότι δεν θα το κάνουμε.</string>
  <string name="wantChangeUsername">Θέλω να αλλάξω το όνομα χρήστη μου</string>
  <string name="changeUsernameCase">Επισκεφτείτε αυτή τη σελίδα για να αλλάξετε τα κεφαλαία σε μικρά ή το αντίστροφο στο όνομα χρήστη σας</string>
  <string name="cantChangeMore">Δυστυχώς, για τεχνικούς λόγους, δεν μπορείτε να κάνετε τίποτα περισσότερο από αυτό.</string>
  <string name="orCloseAccount">Ωστόσο, μπορείτε να απενεργοποιήσετε τον λογαριασμό σας και να δημιουργήσετε έναν καινούριο.</string>
  <string name="wantClearHistory">Θέλω να διαγράψω το ιστορικό μου ή τη βαθμολογία μου</string>
  <string name="cantClearHistory">Δεν είναι δυνατόν να διαγράψετε το ιστορικό παιχνιδιών ή των γρίφων σας, ή τη βαθμολογία σας.</string>
  <string name="wantReport">Θέλω να αναφέρω έναν χρήστη</string>
  <string name="toReportAPlayerUseForm">Για να αναφέρετε έναν χρήστη, χρησιμοποιήστε τη φόρμα αναφοράς</string>
  <string name="youCanAlsoReachReportPage">Μπορείτε επίσης να κάνετε κλικ στο κουμπί %s στη σελίδα προφίλ του χρήστη.</string>
  <string name="doNotReportInForum">Μην αναφέρετε παίκτες στο φόρουμ.</string>
  <string name="doNotSendReportEmails">Μη μας στέλνετε αναφορές με email.</string>
  <string name="doNotMessageModerators">Μη στέλνετε απευθείας μηνύματα στους διαχειριστές.</string>
  <string name="onlyReports">Μπορείτε να αναφέρετε χρήστες μόνο μέσω της σχετικής φόρμας.</string>
  <string name="wantReportBug">Θέλω να αναφέρω ένα σφάλμα</string>
  <string name="reportBugInForum">Μπορείτε να το κάνετε στο φόρουμ του PlayStrategy, στην ενότητα PlayStrategy Feedback</string>
  <string name="reportWebsiteIssue">Ως πρόβλημα της ιστοσελίδας στο GitHub</string>
  <string name="reportMobileIssue">Ως πρόβλημα της εφαρμογής για κινητά στο GitHub</string>
  <string name="reportBugInDiscord">Στον διακομιστή Discord του PlayStrategy</string>
  <string name="howToReportBug">Περιγράψτε το σφάλμα, τι περιμένατε να συμβεί κανονικά, και τα βήματα για αναπαραγωγή του σφάλματος.</string>
  <string name="illegalPawnCapture">Μη νόμιμο κόψιμο πιονιού</string>
  <string name="calledEnPassant">Ονομάζεται \"en passant\" και είναι ένας από τους κανόνες του σκακιού.</string>
  <string name="tryEnPassant">Δοκιμάστε αυτό το μικρό διαδραστικό μάθημα για να μάθετε περισσότερα για το \"en passant\".</string>
  <string name="illegalCastling">Μη νόμιμο ή αδύνατο ροκέ</string>
  <string name="castlingPrevented">Το ροκέ δεν επιτρέπεται αν ο βασιλιάς διέρχεται από τετράγωνο που καλύπτει αντίπαλο κομμάτι.</string>
  <string name="castlingRules">Βεβαιωθείτε ότι καταλαβαίνετε τους κανόνες του ροκέ</string>
  <string name="tryCastling">Δοκιμάστε αυτό το μικρό διαδραστικό μάθημα για να εξασκηθείτε στο ροκέ</string>
  <string name="castlingImported">Αν έχετε εισάγει μία παρτίδα, ή την ξεκινήσατε από μια θέση, βεβαιωθείτε πως το FEN περιλαμβάνει δικαιώματα για ροκέ.</string>
  <string name="insufficientMaterial">Ανεπαρκές υλικό για ματ</string>
  <string name="fideMate">Σύμφωνα με το επίσημο κανονισμό §6.9 της FIDE, εάν το ματ είναι δυνατό με οποιαδήποτε σειρά νόμιμων κινήσεων, τότε η παρτίδα δεν είναι ισόπαλη</string>
  <string name="knightMate">Είναι δυνατό το ματ με μόνο έναν ίππο ή έναν αξιωματικό εάν ο αντίπαλος έχει περισσότερα κομμάτια στη σκακιέρα εκτός από τον βασιλιά του.</string>
  <string name="noRatingPoints">Δεν κέρδισα πόντους μετά το τέλος μιας παρτίδας μου</string>
  <string name="ratedGame">Βεβαιωθείτε ότι η παρτίδα δεν ήταν φιλική. Οι φιλικές παρτίδες δεν επηρεάζουν την αξιολόγηση των παικτών.</string>
  <string name="errorPage">Σελίδα σφάλματος</string>
  <string name="reportErrorPage">Αν εμφανίστηκε σελίδα σφάλματος, μπορείτε να το αναφέρετε:</string>
  <string name="banAppeal">Θέλω να αποσυρθεί ο περιορισμός/αποκλεισμός της διεύθυνσης IP μου</string>
  <string name="engineAppeal">Μηχανή ή απάτη</string>
  <string name="sendAppealTo">Μπορείτε να ασκήσετε ένσταση στο %s.</string>
  <string name="falsePositives">Λάθος αποκλεισμοί συμβαίνουν μερικές φορές, και λυπούμαστε γι\' αυτό.</string>
  <string name="ifLegit">Αν η ένστασή σας είναι εγκυρη, θα αποσύρουμε τον αποκλεισμό το συντομότερο δυνατόν.</string>
  <string name="accountLost">Αν όμως πράγματι χρησιμοποιήσατε βοήθεια μηχανής, έστω μία μόνο φορά, τότε δυστυχώς ο λογαριασμός σας θα διαγραφεί.</string>
  <string name="doNotDeny">Μην αρνείστε ότι κλέψατε. Αν θέλετε να σας επιτραπεί η δημιουργία νέου λογαριασμού, απλά παραδεχθείτε τις πράξεις σας και αποδείξτε ότι καταλάβατε πως ήταν λάθος σας.</string>
  <string name="otherRestriction">Άλλος περιορισμός</string>
  <string name="collaboration">Συνεργασίες, νομικά, εμπορικά</string>
  <string name="monetizing">Θέλω να χρησιμοποιήσω το PlayStrategy για να κερδίσω χρήματα</string>
  <string name="buyingPlayStrategy">Θέλω να αγοράσω το PlayStrategy</string>
  <string name="authorizationToUse">Θέλω έγκριση για να χρησιμοποιήσω το PlayStrategy</string>
  <string name="welcomeToUse">Είστε ευπρόσδεκτοι να χρησιμοποιήσετε το PlayStrategy για τις δραστηριότητές σας, ακόμα και τις εμπορικές.</string>
  <string name="videosAndBooks">Μπορείτε να το εμφανίσετε στα βίντεο σας, και μπορείτε να εκτυπώσετε στιγμιότυπα της ισοσελίδας στα βιβλία σας.</string>
  <string name="creditAppreciated">Η αναφορά της πηγής εκτιμάται, αλλά δεν είναι απαραίτητη.</string>
  <string name="noneOfTheAbove">Κανένα απο τα παραπάνω</string>
  <string name="sendEmailAt">Στείλτε μας email στο %s.</string>
  <string name="explainYourRequest">Εξηγήστε το αίτημά σας με σαφή και λεπτομερή τρόπο. Γράψτε το όνομα χρήστη σας στο PlayStrategy και κάθε πληροφορία που θα μπορούσε να μας βοηθήσει να σας βοηθήσουμε.</string>
</resources>
