<?xml version="1.0" encoding="utf-8"?>
<resources>
  <string name="contact">Kontakto</string>
  <string name="contactPlayStrategy">Kontakti PlayStrategy</string>
  <string name="whatCanWeHelpYouWith">Kiel ni povas helpi vin?</string>
  <string name="visitThisPage">Vizitu ĉi tiun paĝon por solvi la problemon</string>
  <string name="iCantLogIn">Mi ne povas ensaluti</string>
  <string name="noConfirmationEmail">Mi ne ricevis mian konfirman retpoŝton</string>
  <string name="forgotPassword">Mi forgesis mian pasvorton</string>
  <string name="forgotUsername">Mi forgesis mian uzantnomo</string>
  <string name="youCanLoginWithEmail">Vi povas ensaluti per la retpoŝta adreso, kiun vi uzis</string>
  <string name="lost2FA">Mi perdis la aliron al miaj du-faktaj aŭtentokodoj</string>
  <string name="doPasswordReset">Kompletigu pasvortan restarigon por forigi vian dua faktoron</string>
  <string name="accountSupport">Mi bezonas kontan subtenon</string>
  <string name="wantTitle">Mi volas, ke mia titolo estu montrita sur PlayStrategy</string>
  <string name="visitTitleConfirmation">Por montri vian titolon sur via PlayStrategy profilo kaj partopreni Titolitajn Arenojn, vizitu la titolan konfirman paĝon</string>
  <string name="wantCloseAccount">Mi volas fermi mian konton</string>
  <string name="closeYourAccount">Vi povas fermi vian konton en ĉi tiu paĝo</string>
  <string name="doNotAskByEmail">Ne petu retpoŝte al ni fermi konton, ni ne faros tion.</string>
  <string name="wantReopen">Mi volas remalfermi mian konton</string>
  <string name="reopenOnThisPage">Vi povas remalfermi vian konton en ĉi tiu paĝo. Ĝi funkcias nur unufoje.</string>
  <string name="doNotAskByEmailToReopen">Ne petu retpoŝte al ni remailfermi konton, ni ne faros tion.</string>
  <string name="wantChangeUsername">Mi volas ŝanĝi mian uzantnomon</string>
  <string name="changeUsernameCase">Vizitu ĉi tiun paĝon por ŝanĝi la kazon de via uzantnomo</string>
  <string name="cantChangeMore">Ni ne povas ŝanĝi pli ol la kazon. Pro teknikaj kialoj, ĝi estas tute neebla.</string>
  <string name="orCloseAccount">Tamen vi povas fermi vian nunan konton kaj krei novan.</string>
  <string name="wantClearHistory">Mi volas forigi mian historion aŭ poentaron</string>
  <string name="cantClearHistory">Ne eblas malplenigi vian ludan historion, puzlan historion aŭ poentaron.</string>
  <string name="wantReport">Mi volas raporti ludanton</string>
  <string name="youCanAlsoReachReportPage">Vi ankaŭ povas atingi tiun paĝon alklakante la raportan butonon %s en profilpaĝo.</string>
  <string name="doNotReportInForum">Ne raportu ludantojn en la forumo.</string>
  <string name="doNotSendReportEmails">Ne sendu al ni retpoŝtajn raportojn.</string>
  <string name="doNotMessageModerators">Ne sendu rektajn mesaĝojn al moderigantoj.</string>
  <string name="onlyReports">Raportado de ludantoj nur efikas per la raporta demandaro.</string>
  <string name="wantReportBug">Mi volas raporti eraron</string>
  <string name="reportBugInForum">En la sekcio de Respondecaj PlayStrategy de la forumo</string>
  <string name="reportWebsiteIssue">Kiel temo de PlayStrategy-retejo sur GitHub</string>
  <string name="reportMobileIssue">Kiel PlayStrategy-poŝtelefona aplikaĵa temo en GitHub</string>
  <string name="reportBugInDiscord">En la PlayStrategy Discord servilo</string>
  <string name="howToReportBug">Bonvolu priskribi kiel aspektas la eraro, kion vi atendis okazi anstataŭe kaj la paŝojn por reprodukti la eraron.</string>
  <string name="illegalPawnCapture">Kontraŭleĝa kapto de peono</string>
  <string name="calledEnPassant">Ĝi estas nomata \"Preterpasa preno\" kaj estas unu el la reguloj de ŝako.</string>
  <string name="tryEnPassant">Provu ĉi tiun interagan ludeton por lerni pli pri \"Preterpasa preno\".</string>
  <string name="illegalCastling">Kontraŭleĝa aŭ neebla aroko</string>
  <string name="castlingPrevented">Aroko estas malpermesita se la reĝo trairas kontrolitan ĉelon.</string>
  <string name="castlingRules">Estu certa, ke vi komprenas la arokajn regulojn</string>
  <string name="tryCastling">Provu ĉi tiun interagan ludeton por lerni pli pri \"aroko\" en ŝako</string>
  <string name="castlingImported">Se vi enportis la ludon aŭ funkciigis ĝin el pozicio, certiĝu ke vi ĝuste aldonis la arokajn rajtojn.</string>
  <string name="insufficientMaterial">Nesufiĉa materialo por mati</string>
  <string name="fideMate">Laŭ la FIDE-Leĝoj pri Ŝako §6.9, se ŝakmato estas ebla per iu leĝa sinsekvo de movoj, tiam la ludo ne estas egalrezulto</string>
  <string name="knightMate">Eblas ŝakmati nur per ĉevalo aŭ kuriero, se la kontraŭulo havas pli ol reĝon sur la tabulo.</string>
  <string name="noRatingPoints">Neniuj taksadpunktoj estis aljuĝitaj</string>
  <string name="ratedGame">Certigu, ke vi ludis taksitan ludon. Kazaj ludoj ne influas la taksojn de ludantoj.</string>
  <string name="errorPage">Erara paĝo</string>
  <string name="reportErrorPage">Se vi trovas eraran paĝon, vi povas raporti ĝin:</string>
  <string name="banAppeal">Apelacio por malpermeso aŭ IP limigo</string>
  <string name="engineAppeal">Motoro aŭ trompmarko</string>
  <string name="sendAppealTo">Vi povas sendi apelacion al %s.</string>
  <string name="falsePositives">Falsaj pozitivoj kelkfoje okazas, kaj ni bedaŭras pro tio.</string>
  <string name="ifLegit">Se via apelacio estas legitima, ni nuligos la malpermeson ASAP.</string>
  <string name="accountLost">Tamen se vi vere uzis helpan motoron, eĉ nur unu fojon, tiam via konto bedaŭrinde estas perdita.</string>
  <string name="doNotDeny">Ne rifuzu trompi. Se vi volas rajti krei novan konton, nur konfesu tion, kion vi faris, kaj montru, ke vi komprenis, ke ĝi estis eraro.</string>
  <string name="otherRestriction">Alia limigo</string>
  <string name="collaboration">Kunlaboro, leĝa, komerca</string>
  <string name="monetizing">Monigi PlayStrategy</string>
  <string name="buyingPlayStrategy">Aĉetado de PlayStrategy</string>
  <string name="authorizationToUse">Rajtigo por uzi PlayStrategy</string>
  <string name="welcomeToUse">Vi estas bonvena uzi PlayStrategy por via agado, eĉ komerce.</string>
  <string name="videosAndBooks">Vi povas montri ĝin en viaj filmetoj kaj vi povas presi ekrankopiojn de PlayStrategy en viaj libroj.</string>
  <string name="creditAppreciated">Kredito estas aprezata sed ne bezonata.</string>
  <string name="noneOfTheAbove">Neniu el la antaŭaj</string>
  <string name="sendEmailAt">Sendu retpoŝton al %s.</string>
  <string name="explainYourRequest">Bonvolu klarigi vian peton klare kaj ĝisfunde. Indiku vian PlayStrategy uzantnomon kaj ajnajn informojn, kiuj povus faciligi al ni helpi vin.</string>
</resources>
