<?xml version="1.0" encoding="utf-8"?>
<resources>
  <string name="contact">Kontakt</string>
  <string name="contactPlayStrategy">Kontakteerumine</string>
  <string name="whatCanWeHelpYouWith">Millega saame sind aidata?</string>
  <string name="visitThisPage">Külasta seda lehekülge, et probleem lahendada</string>
  <string name="iCantLogIn">Ma ei saa sisse logida</string>
  <string name="noConfirmationEmail">Ma ei saanud kinnitust e-mailile</string>
  <string name="forgotPassword">Ma unustasin oma parooli</string>
  <string name="forgotUsername">Ma unustasin oma kasutajanime</string>
  <string name="youCanLoginWithEmail">Võid logida sisse sama e-mailiga, millega registreerusid kasutajaks</string>
  <string name="lost2FA">Ma kaotasin ligipääsu oma kaheastmelise autentimise koodidele</string>
  <string name="accountSupport">Vajan abi kasutajaga seoses</string>
  <string name="wantTitle">Tahan näidata oma tiitlit PlayStrategyis</string>
  <string name="wantCloseAccount">Ma tahan oma konto sulgeda</string>
  <string name="closeYourAccount">Sa saad oma konto sulgeda sellel lehel</string>
  <string name="wantReopen">Ma tahan oma konto taasavada</string>
  <string name="reopenOnThisPage">Sa saad taasavada oma konto sellel lehel. See töötab ainult ühe korra.</string>
  <string name="wantChangeUsername">Ma tahan muuta oma kasutajanime</string>
  <string name="cantChangeMore">Me ei saa vahetada peale suurte ja väikeste tähtede midagi muud. Tehnilistel põhjustel see on otseselt võimatu.</string>
  <string name="orCloseAccount">Sul on ikkagi võimalus sulgeda praegune konto ja luua uus kasutaja.</string>
  <string name="wantClearHistory">Ma tahan puhastada oma ajaloo või reitingu</string>
  <string name="cantClearHistory">Mängu ajalugu, ülesannete ajalugu ja reitingut ei ole võimalik tühjendada.</string>
  <string name="wantReport">Tahan teatada mängijast</string>
  <string name="doNotReportInForum">Ära teavita mängijatest foorumil.</string>
  <string name="doNotSendReportEmails">Ära saada meile teavitusi meilitsi.</string>
  <string name="wantReportBug">Tahan teatada veast</string>
  <string name="reportBugInDiscord">PlayStrategyi Discord-serveril</string>
  <string name="illegalPawnCapture">Ebaseaduslik etturi löömine</string>
  <string name="calledEnPassant">Selle nimi on \"en passant\" ja see on üks osa malereeglitest.</string>
  <string name="tryEnPassant">Proovi seda väikest interaktiivset mängu, et tunda ära \"en passant\".</string>
  <string name="illegalCastling">Ebaseaduslik või võimatu vangerdamine</string>
  <string name="fideMate">FIDE maleseaduse §6.9 järgi, kui matt on võimalik sooritada legaalsete käikudega, siis mäng ei ole viik</string>
  <string name="noRatingPoints">Reitingut ei jagatud</string>
  <string name="errorPage">Vigane leht</string>
  <string name="reportErrorPage">Kui märkasid vigast lehte, saad teavitada sellest:</string>
  <string name="monetizing">PlayStrategyi turustamine</string>
  <string name="buyingPlayStrategy">PlayStrategyi ostmine</string>
  <string name="sendEmailAt">Saada meile e-maili %s.</string>
</resources>
