<?xml version="1.0" encoding="utf-8"?>
<resources>
  <string name="contact">Harremana</string>
  <string name="contactPlayStrategy">Jarri kontaktuan PlayStrategyekin</string>
  <string name="whatCanWeHelpYouWith">Zertan lagun zaitzakegu?</string>
  <string name="visitThisPage">Ikusi orrialde hau zure arazoa konpontzeko</string>
  <string name="iCantLogIn">Ezin naiz sartu</string>
  <string name="noConfirmationEmail">Ez dut nire konfirmazio eposta jaso</string>
  <string name="forgotPassword">Pasahitza ahaztu dut</string>
  <string name="forgotUsername">Erabiltzaile-izena ahaztu dut</string>
  <string name="youCanLoginWithEmail">Izena eman zenuenean esan zenigun eposta helbidearekin sar zaitezke</string>
  <string name="lost2FA">Nire bi faktoreko autentikazio kodeak galdu ditut</string>
  <string name="doPasswordReset">Berrezarri pasahitza bi faktoreko autentikazioa desgaitzeko</string>
  <string name="accountSupport">Kontuaren inguruko laguntza behar dut</string>
  <string name="wantTitle">Nire titulua PlayStrategyen agertzea nahi dut</string>
  <string name="visitTitleConfirmation">Zure titulua PlayStrategyen agertzeko eta Titled Arena txapelketetan parte hartzeko, joan tituluaren konfirmazioko orrialdera</string>
  <string name="wantCloseAccount">Nire kontua itxi egin nahi dut</string>
  <string name="closeYourAccount">Zure kontua orrialde honetan itxi dezakezu</string>
  <string name="doNotAskByEmail">Ez iezaguzu epostaz eskatu zure kontua ixteko, ez dugu egingo.</string>
  <string name="wantReopen">Nire kontua berriz ireki nahi dut</string>
  <string name="reopenOnThisPage">Zure kontua orrialde honetan ireki dezakezu berriro. Behin bakarrik egin dezakezu.</string>
  <string name="doNotAskByEmailToReopen">Ez iezaguzu epostaz eskatu zure kontua berriz irekitzeko, ez dugu egingo.</string>
  <string name="wantChangeUsername">Nire erabiltzaile-izena aldatu nahi dut</string>
  <string name="changeUsernameCase">Joan orrialde honetara zure erabiltzaile-izena aldatzeko</string>
  <string name="cantChangeMore">Ezin dugu zure erabiltzaile-izena berriz aldatu. Arrazoi teknikoak direla-eta ezin dugu egin.</string>
  <string name="orCloseAccount">Baina zure kontua itxi egin dezakezu eta berri bat sortu.</string>
  <string name="wantClearHistory">Nire historikoa edo puntuazioa berrezarri nahi ditut</string>
  <string name="cantClearHistory">Ezin da zure partiden historikoa, ariketena edo puntuazioa berrezarri.</string>
  <string name="wantReport">Erabiltzaile baten inguruko kexa jarri nahi dut</string>
  <string name="toReportAPlayerUseForm">Jokalari bati buruzko kexa egiteko, erabili kexa formularioa</string>
  <string name="youCanAlsoReachReportPage">Orrialde horretara jokalariaren profilaren orrialdeko %s berri emateko botoian sakatuta hel zaitezke.</string>
  <string name="doNotReportInForum">Ez erabili foroa jokalarien inguruko kexa bidaltzeko.</string>
  <string name="doNotSendReportEmails">Ez bidali epostaz kexak.</string>
  <string name="doNotMessageModerators">Ez bidali mezu zuzenak moderatzaileei.</string>
  <string name="onlyReports">Formularioa erabiliz bakarrik egingo dizugu kasu.</string>
  <string name="wantReportBug">Errore baten berri eman nahi dut</string>
  <string name="reportBugInForum">PlayStrategyen Foroan</string>
  <string name="reportWebsiteIssue">GitHub erabiliz PlayStrategy webgunearen ticket bezala</string>
  <string name="reportMobileIssue">GitHub erabiliz telefonoko aplikazioaren ticket bezala</string>
  <string name="reportBugInDiscord">PlayStrategyen discord zerbitzarian</string>
  <string name="howToReportBug">Azaldu zein den arazoa, zer gertatzea espero zenuen eta zer gertatu den, eta ez ahaztu zure pausoak zein izan diren azaltzea, errorea geuk ere ikusi dezagun.</string>
  <string name="illegalPawnCapture">Peoiarekin legez-kanpoko harrapaketa</string>
  <string name="calledEnPassant">\"Pausuan\" edo \"Igarotzean\" harrapatzea deitzen zaio eta xakearen arauetako bat da.</string>
  <string name="tryEnPassant">Ikusi joko hau \"igarotzean\" egiten den harrapaketa honi buruz.</string>
  <string name="illegalCastling">Legez-kanpoko edo ezinezko endrokea</string>
  <string name="castlingPrevented">Endrokea ezin da egin erregea aurkariak mehatxatutako lauki batetik pasatu behar bada.</string>
  <string name="castlingRules">Ziurtatu endrokearen arauak ezagutzen dituzuna</string>
  <string name="tryCastling">Probatu partida hau xakeko endrokea praktikatzeko</string>
  <string name="castlingImported">Partida inportatu baduzu edo posizio jakin batetik hasi bazen, endrokearen eskubidea ondo aukeratu duzuna ziurtatu.</string>
  <string name="insufficientMaterial">Ez dago xake-mate emateko materialik</string>
  <string name="fideMate">FIDEren Xakearen Legeen 6.9 artikuluaren arabera, xake-matea egiteko jokaldi segida posible bat badago, partida ez da berdinketarekin bukatzen</string>
  <string name="knightMate">Posible izan daiteke zaldun edo alfil batekin aurkariari xake-mate ematea, aurkariak erregeaz gain beste piezaren bat badu.</string>
  <string name="noRatingPoints">Ez da puntuaziorik jaso</string>
  <string name="ratedGame">Ziurtatu puntuaziorako baliogarria den partida bat jokatu duzula. Lagunarteko partidek ez dute eraginik jokalarien puntuazioan.</string>
  <string name="errorPage">Errore orrialdea</string>
  <string name="reportErrorPage">Errorea orrialdea agertu bazaizu, horren berri eman diezagukezu:</string>
  <string name="banAppeal">Debeku edo IP murriztapen baten aurka egitea</string>
  <string name="engineAppeal">Motore-erabilera edo tranpa marka</string>
  <string name="sendAppealTo">Zure kexa honi bidali diezaiokezu: %s.</string>
  <string name="falsePositives">Batzuetan positibo faltsuak gertatzen dira, barkatu.</string>
  <string name="ifLegit">Zure kexa zuzena bada, debekua berehala kenduko dugu.</string>
  <string name="accountLost">Baina motore baten laguntza erabili baduzu, nahiz eta behin izan, zure kontua galdu egingo duzu.</string>
  <string name="doNotDeny">Ez ukatu tranpak egin dituzula. Beste kontu bat sortzen uztea nahi baduzu, onartu egin duzuna eta erakutsiguzu egindakoa errore bat zela ulertu duzula.</string>
  <string name="otherRestriction">Beste murriztapen batzuk</string>
  <string name="collaboration">Laguntza, lege-laguntza, salmenta laguntza</string>
  <string name="monetizing">PlayStrategyekin dirua egiten</string>
  <string name="buyingPlayStrategy">PlayStrategy erosi</string>
  <string name="authorizationToUse">PlayStrategy erabiltzeko baimena</string>
  <string name="welcomeToUse">PlayStrategy zure ekintzetarako erabili dezakezu, baita komertzialak badira ere.</string>
  <string name="videosAndBooks">Zure bideoetan erabili dezakezu eta pantaila-irudiak liburuetan ere argitaratu ditzakezu.</string>
  <string name="creditAppreciated">Erabili gaituzula esatea ondo dago baina ez da beharrezkoa.</string>
  <string name="noneOfTheAbove">Aurreko bat ere ez</string>
  <string name="sendEmailAt">Bidali eposta mezu bat hona %s.</string>
  <string name="explainYourRequest">Azaldu zure eskaera ahalik eta argien. Esan zein den zure erabiltzaile-izena eta laguntzeko beste edozein informazio.</string>
</resources>
