<?xml version="1.0" encoding="utf-8"?>
<resources>
  <string name="contact">Ota yhteyttä</string>
  <string name="contactPlayStrategy">Ota yhteyttä PlayStrategyiin</string>
  <string name="whatCanWeHelpYouWith">Kuinka voimme olla avuksi?</string>
  <string name="visitThisPage">Ongelman ratkaisemiseksi käy tällä sivulla</string>
  <string name="iCantLogIn">En pääse kirjautumaan sisään</string>
  <string name="noConfirmationEmail">En saanut vahvistusta sähköpostitse</string>
  <string name="forgotPassword">Unohdin salasanani</string>
  <string name="forgotUsername">Unohdin käyttäjänimeni</string>
  <string name="youCanLoginWithEmail">Voit kirjautua sisään sähköpostiosoitteella, jolla rekisteröidyit käyttäjäksi</string>
  <string name="lost2FA">Olen kadottanut kaksivaiheisen tunnistautumisen koodini</string>
  <string name="doPasswordReset">Poista toinen tunnistautumisvaihe nollaamalla salasanasi</string>
  <string name="accountSupport">Tarvitsen tukea käyttäjätiliini</string>
  <string name="wantTitle">Haluan minun arvonimeni näkyvän PlayStrategyissä</string>
  <string name="visitTitleConfirmation">Arvonimesi näyttämisestä PlayStrategy-profiilissasi sekä arvonimiareenoihin osallistumisesta saat lisätietoa arvonimen vahvistussivulta</string>
  <string name="wantCloseAccount">Haluan sulkea tilini</string>
  <string name="closeYourAccount">Voit sulkea tilisi tältä sivulta</string>
  <string name="doNotAskByEmail">Älä pyydä meitä sähköpostitse sulkemaan tiliäsi, sitä me emme tee.</string>
  <string name="wantReopen">Haluan avata tilini uudestaan</string>
  <string name="reopenOnThisPage">Voit avata tilisi uudestaan tältä sivulta. Se toimii vain kerran.</string>
  <string name="doNotAskByEmailToReopen">Älä pyydä meitä sähköpostitse avaamaan tiliä uudestaan, sitä me emme tee.</string>
  <string name="wantChangeUsername">Haluan vaihtaa käyttäjänimeni</string>
  <string name="changeUsernameCase">Tällä sivulla voit vaihtaa käyttäjänimesi pieniä kirjaimia isoiksi tai päinvastoin</string>
  <string name="cantChangeMore">Pienien ja isojen kirjainten vaihtamista lukuun ottamatta mitään ei voi muuttaa. Teknisistä syistä se on suorastaan mahdotonta.</string>
  <string name="orCloseAccount">Voit kuitenkin sen sijaan sulkea nykyisen tilisi ja avata uuden.</string>
  <string name="wantClearHistory">Haluan tyhjentää historiani tai vahvuuslukuni</string>
  <string name="cantClearHistory">Pelihistoriaasi, tehtävähistoriaasi tai vahvuuslukuja ei voi tyhjentää.</string>
  <string name="wantReport">Haluan ilmoittaa pelaajan</string>
  <string name="toReportAPlayerUseForm">Ilmoittaaksesi pelaajasta, käytä raporttilomaketta</string>
  <string name="youCanAlsoReachReportPage">Pääset samalle sivulle myös klikkaamalla %s ilmoitusnappia pelaajan profiilisivulla.</string>
  <string name="doNotReportInForum">Älä ilmoita pelaajia foorumilla.</string>
  <string name="doNotSendReportEmails">Älä lähetä meille ilmoituksia sähköpostilla.</string>
  <string name="doNotMessageModerators">Älä lähetä yksityisviestejä moderaattoreille.</string>
  <string name="onlyReports">Vain lomakkeen kautta tapahtuvalla ilmoituksella on vaikutusta.</string>
  <string name="wantReportBug">Haluan ilmoittaa viasta</string>
  <string name="reportBugInForum">Foorumin PlayStrategy Feedback -osiossa</string>
  <string name="reportWebsiteIssue">PlayStrategyin verkkosivusto-ongelmaksi GitHubissa</string>
  <string name="reportMobileIssue">PlayStrategyin mobiilisovellusongelmaksi GitHubissa</string>
  <string name="reportBugInDiscord">PlayStrategyin Discord-palvelimella</string>
  <string name="howToReportBug">Kuvaile bugin luonnetta. Mitä odotit tapahtuvaksi sen sijaan, ja miten bugin voi toistaa.</string>
  <string name="illegalPawnCapture">Laiton sotilaan lyönti</string>
  <string name="calledEnPassant">Siirtoa kutsutaan ohestalyönniksi, ja se on osa shakin sääntöjä.</string>
  <string name="tryEnPassant">Opi lisää ohestalyönnistä kokeilemalla tätä pientä interaktiivista peliä.</string>
  <string name="illegalCastling">Laiton tai mahdoton linnoitus</string>
  <string name="castlingPrevented">Linnoitus on estetty vain, jos kuningas kulkisi vastustajan uhkaaman ruudun poikki.</string>
  <string name="castlingRules">Varmistu siitä, että ymmärrät linnoitussäännöt</string>
  <string name="tryCastling">Harjoittele linnoittautumista tällä pienellä interaktiivisella pelillä</string>
  <string name="castlingImported">Jos olet tuonut pelin tai aloitit sen tietystä asemasta, varmistu että asetit linnoittautumisoikeudet oikein.</string>
  <string name="insufficientMaterial">Matitukseen riittämätön materiaali</string>
  <string name="fideMate">FIDE:n shakkisääntöjen §6.9 mukaan jos shakkimatti on mahdollinen millä tahansa laillisella siirtosarjalla, peli ei ole tasapeli</string>
  <string name="knightMate">On mahdollista matittaa pelkällä ratsulla ja lähetillä, jos vastustajalla on pelkkä kuningas laudalla.</string>
  <string name="noRatingPoints">Vahvuuslukupisteitä ei jaettu</string>
  <string name="ratedGame">Varmistu että pelasit pisteytetyn pelin. Rennot pelit eivät vaikuta pelaajien vahvuuslukuihin.</string>
  <string name="errorPage">Virhesivu</string>
  <string name="reportErrorPage">Jos törmäsit virhesivuun, voit raportoida sen:</string>
  <string name="banAppeal">Valita porttikiellosta tai IP-estosta</string>
  <string name="engineAppeal">Tietokone- tai huijarimerkinnästä</string>
  <string name="sendAppealTo">Voit valittaa osoitteeseen %s.</string>
  <string name="falsePositives">Vääriä positiivisia voi tulla joskus ja olemme pahoillamme siitä.</string>
  <string name="ifLegit">Jos valituksesi on pätevä, kumoamme porttikiellon pikimmiten.</string>
  <string name="accountLost">Jos kuitenkin käytit tietokonetta apunasi, edes kerran, tilisi on valitettavasti mennyttä.</string>
  <string name="doNotDeny">Älä kiellä huijaustasi. Jos haluat luoda uuden käyttäjätilin, myönnä tekosesi ja osoita että ymmärrät sen olleen virhe.</string>
  <string name="otherRestriction">Muu rajoitus</string>
  <string name="collaboration">Yhteistyö, lakiasiat, kaupallisuus</string>
  <string name="monetizing">PlayStrategyin kaupallistaminen</string>
  <string name="buyingPlayStrategy">PlayStrategyin ostaminen</string>
  <string name="authorizationToUse">PlayStrategyin käyttöluvat</string>
  <string name="welcomeToUse">Saat vapaasti käyttää PlayStrategyiä omiin tarkoituksiisi, jopa kaupallisiin.</string>
  <string name="videosAndBooks">Se voi näkyä videoillasi, ja voit painaa kuvankaappauksia PlayStrategyistä kirjoihisi.</string>
  <string name="creditAppreciated">Tunnustus on tervetullutta, mutta emme vaadi sitä.</string>
  <string name="noneOfTheAbove">Ei mitään näistä</string>
  <string name="sendEmailAt">Lähetä sähköpostia osoitteeseen %s.</string>
  <string name="explainYourRequest">Selitä pyyntösi selvästi ja kattavasti. Kerro PlayStrategy-käyttäjänimesi ja kaikki muut tiedot, joista voi olla apua sinun auttamisessa.</string>
</resources>
