<?xml version="1.0" encoding="utf-8"?>
<resources>
  <string name="contact">Contact</string>
  <string name="contactPlayStrategy">Contacter PlayStrategy</string>
  <string name="whatCanWeHelpYouWith">Comment pouvons-nous vous aider ?</string>
  <string name="visitThisPage">Visitez cette page pour résoudre le problème</string>
  <string name="iCantLogIn">Je ne peux pas me connecter</string>
  <string name="noConfirmationEmail">Je ne reçois pas mon courriel de confirmation</string>
  <string name="forgotPassword">J’ai oublié mon mot de passe</string>
  <string name="forgotUsername">J\'ai oublié mon nom d\'utilisateur</string>
  <string name="youCanLoginWithEmail">Vous pouvez vous connecter avec l\'adresse e-mail avec laquelle vous vous êtes inscrit</string>
  <string name="lost2FA">J\'ai perdu mes codes d\'authentification à deux facteurs.</string>
  <string name="doPasswordReset">Réinitialisez votre mot de passe pour supprimer l\'identification à deux facteurs</string>
  <string name="accountSupport">J\'ai besoin d\'assistance pour mon compte</string>
  <string name="wantTitle">Je veux que mon titre soit affiché sur PlayStrategy</string>
  <string name="visitTitleConfirmation">Pour afficher votre titre sur votre profil PlayStrategy, et participer aux Titled Arenas, visitez la page de confirmation des titres</string>
  <string name="wantCloseAccount">Je veux clôturer mon compte</string>
  <string name="closeYourAccount">Vous pouvez fermer votre compte sur cette page</string>
  <string name="doNotAskByEmail">Ne nous demandez pas par courriel de fermer un compte, nous ne le ferons pas.</string>
  <string name="wantReopen">Je veux rouvrir mon compte</string>
  <string name="reopenOnThisPage">Vous pouvez rouvrir votre compte sur cette page. Cela ne fonctionne qu\'une seule fois.</string>
  <string name="doNotAskByEmailToReopen">Ne nous demandez pas par courriel pour rouvrir un compte, nous ne le ferons pas.</string>
  <string name="wantChangeUsername">Je veux changer mon nom d\'utilisateur</string>
  <string name="changeUsernameCase">Allez sur cette page pour modifier la casse de votre nom d\'utilisateur</string>
  <string name="cantChangeMore">Pour des raisons techniques, seule la casse peut être modifiée.</string>
  <string name="orCloseAccount">Cependant, vous pouvez fermer votre compte actuel et en créer un nouveau.</string>
  <string name="wantClearHistory">Je veux effacer mon historique ou mon classement</string>
  <string name="cantClearHistory">Il n\'est pas possible d\'effacer votre historique de jeu, votre historique de problèmes ou vos classements.</string>
  <string name="wantReport">Je veux signaler un joueur</string>
  <string name="toReportAPlayerUseForm">Pour signaler un joueur, utilisez le formulaire de signalement.</string>
  <string name="youCanAlsoReachReportPage">Vous pouvez également atteindre cette page en cliquant sur le bouton de signalement %s sur une page de profil.</string>
  <string name="doNotReportInForum">Ne signalez pas les joueurs dans le forum.</string>
  <string name="doNotSendReportEmails">Ne nous envoyez pas de courriels de signalement.</string>
  <string name="doNotMessageModerators">N\'envoyez pas de messages directs aux modérateurs.</string>
  <string name="onlyReports">Pour signaler un joueur, utilisez uniquement le formulaire de signalement.</string>
  <string name="wantReportBug">Je veux signaler un bug</string>
  <string name="reportBugInForum">Dans le forum d\'assistance PlayStrategy</string>
  <string name="reportWebsiteIssue">Problème du site Web de PlayStrategy - GitHub</string>
  <string name="reportMobileIssue">Problème d\'appli mobile PlayStrategy - GitHub</string>
  <string name="reportBugInDiscord">Sur le serveur «discord» de PlayStrategy</string>
  <string name="howToReportBug">Veuillez décrire le bug, ce qui devrait se produire à la place et les étapes pour reproduire le bug.</string>
  <string name="illegalPawnCapture">Capture de pion illégale</string>
  <string name="calledEnPassant">La «prise en passant» est l\'une des règles du jeu d\'échecs.</string>
  <string name="tryEnPassant">Essayez ce petit jeu interactif pour en savoir plus sur la «prise en passant».</string>
  <string name="illegalCastling">Roque impossible ou illégal</string>
  <string name="castlingPrevented">Impossible de roquer si le roi doit traverser une case contrôlée par l\'adversaire.</string>
  <string name="castlingRules">Assurez-vous de bien comprendre les règles du roque.</string>
  <string name="tryCastling">Essayez ce petit jeu interactif pour apprendre les règles du roque.</string>
  <string name="castlingImported">Si vous importez une partie ou une position, assurez-vous que les règles du roque soient bien définies.</string>
  <string name="insufficientMaterial">Matériel insuffisant pour mater</string>
  <string name="fideMate">Selon l\'article 6.9 des règles du jeu d\'échecs de la FIDE, s\'il existe une séquence de coups légaux qui amène à un mat, alors la partie ne peut être déclarée nulle</string>
  <string name="knightMate">Il est possible de mater avec seulement un cavalier ou un fou si l\'adversaire possède d\'autres pièces que son roi.</string>
  <string name="noRatingPoints">Aucun point de cote attribué</string>
  <string name="ratedGame">Seules les parties classées sont prises en compte dans le calcul du classement. Les parties amicales ne sont pas comptées.</string>
  <string name="errorPage">Page d\'erreur</string>
  <string name="reportErrorPage">Si un message d\'erreur s\'est affiché, vous pouvez le signaler :</string>
  <string name="banAppeal">Demande d\'appel pour un bannissement ou une restriction IP</string>
  <string name="engineAppeal">Tricherie ou utilisation d\'un programme</string>
  <string name="sendAppealTo">Vous pouvez soumettre une demande d\'appel à %s.</string>
  <string name="falsePositives">De faux positifs se produisent parfois et nous en sommes désolés.</string>
  <string name="ifLegit">Si votre demande d\'appel est légitime, nous annulerons le bannissement dès que possible.</string>
  <string name="accountLost">Cependant, si vous avez effectivement utilisé un programme, même une seule fois, alors votre compte est malheureusement perdu.</string>
  <string name="doNotDeny">Si vous avez triché, ne le niez pas. Pour être autorisé à créer un nouveau compte, vous devez admettre ce que vous avez fait et comprendre que c\'était une erreur.</string>
  <string name="otherRestriction">Autres restrictions</string>
  <string name="collaboration">Collaboration, aspects légaux et commerciaux</string>
  <string name="monetizing">Caractère gratuit de PlayStrategy</string>
  <string name="buyingPlayStrategy">Achat de PlayStrategy</string>
  <string name="authorizationToUse">Autorisation d\'utiliser PlayStrategy</string>
  <string name="welcomeToUse">Vous pouvez utiliser PlayStrategy pour vos activités, même celles de natures commerciales.</string>
  <string name="videosAndBooks">Vous pouvez montrer PlayStrategy dans vos vidéos et utiliser des captures d\'écran du site dans vos livres.</string>
  <string name="creditAppreciated">La mention de PlayStrategy comme source sera appréciée mais n\'est pas obligatoire.</string>
  <string name="noneOfTheAbove">Aucun des choix ci-dessus</string>
  <string name="sendEmailAt">Envoyez-nous un courriel à %s.</string>
  <string name="explainYourRequest">Veuillez expliquer votre demande de façon claire et complète. Indiquez votre nom d\'utilisateur et toute information pouvant nous aider à vous répondre.</string>
</resources>
