<?xml version="1.0" encoding="utf-8"?>
<resources>
  <string name="contact">צור קשר</string>
  <string name="contactPlayStrategy">צור קשר עם ליצ\'ס</string>
  <string name="whatCanWeHelpYouWith">עם מה נוכל לעזור לך?</string>
  <string name="visitThisPage">בקר עמוד זה כדי לפתור את הבעיה</string>
  <string name="iCantLogIn">אני לא מצליח להתחבר</string>
  <string name="noConfirmationEmail">אני לא קיבלתי את אימייל האישור</string>
  <string name="forgotPassword">שכחתי את הסיסמה</string>
  <string name="forgotUsername">שכחתי את שם המשתמש</string>
  <string name="youCanLoginWithEmail">אתה יכול להתחבר עם כתובת האימייל שאיתה נרשמת</string>
  <string name="lost2FA">איבדתי גישה לקודי האימות הדו-שלביים שלי</string>
  <string name="doPasswordReset">השלם איפוס סיסמה כדי להסיר את השלב השני שלך</string>
  <string name="accountSupport">אני צריך תמיכת חשבון</string>
  <string name="wantTitle">אני רוצה שהתואר שלי יוצג בליצ\'ס</string>
  <string name="visitTitleConfirmation">כדי להראות את התואר שלך בפרופיל בליצ\'ס, וכדי להשתתף בארנות בעלי התארים, בקר את עמוד אישור התואר</string>
  <string name="wantCloseAccount">אני מעוניין לסגור את חשבוני</string>
  <string name="closeYourAccount">אתה יכול לסגור את חשבונך בעמוד זה</string>
  <string name="doNotAskByEmail">אל תבקשו מאיתנו לסגור את החשבון ע\"י אימייל, אנחנו לא נעשה את זה.</string>
  <string name="wantReopen">אני רוצה לפתוח מחדש את חשבוני</string>
  <string name="reopenOnThisPage">אתה יכול לפתוח מחדש את חשבונך בעמוד זה. זה עובד רק פעם אחת.</string>
  <string name="doNotAskByEmailToReopen">אל תבקשו מאיתנו לפתוח מחדש את חשבונכם ע\"י אימייל, אנחנו לא נעשה את זה.</string>
  <string name="wantChangeUsername">אני רוצה לשנות את שם המשתמש שלי</string>
  <string name="changeUsernameCase">בקר בדף זה כדי לשנות את מקרה שם המשתמש שלך</string>
  <string name="cantChangeMore">איננו יכולים לשנות יותר מהמקרה. מסיבות טכניות זה ממש בלתי אפשרי.</string>
  <string name="orCloseAccount">עם זאת, אתה יכול לסגור את חשבונך הנוכחי, וליצור חשבון חדש.</string>
  <string name="wantClearHistory">אני רוצה לנקות את ההיסטוריה או הדירוג שלי</string>
  <string name="cantClearHistory">לא ניתן לנקות את היסטוריית המשחק, היסטוריית הפאזלים, או הדירוגים שלך.</string>
  <string name="wantReport">אני רוצה לדווח על שחקן</string>
  <string name="youCanAlsoReachReportPage">אתה יכול גם להגיע לדף זה על ידי לחיצה על כפתור הדוח %s בדף הפרופיל.</string>
  <string name="doNotReportInForum">אל תדווחו על שחקנים בפורום.</string>
  <string name="doNotSendReportEmails">אל תשלחו לנו אימיילים כדי לדווח.</string>
  <string name="doNotMessageModerators">אל תשלח הודעות ישירות לעורכים.</string>
  <string name="onlyReports">רק דיווח על שחקנים באמצעות טופס הדוח יעיל.</string>
  <string name="wantReportBug">אני רוצה לדווח על תקלה</string>
  <string name="reportBugInForum">בקטע משוב ליצ\'ס בפורום</string>
  <string name="reportWebsiteIssue">כגיליון אתר ליצ\'ס באתר GitHub</string>
  <string name="reportMobileIssue">כבעיה באפליקציות הסלולריות של ליצ\'ס בGitHub</string>
  <string name="reportBugInDiscord">בשרת הDiscord של ליצ\'ס</string>
  <string name="howToReportBug">אנא תאר כיצד ניראת התקלה, כיצד ציפית שיקרה במקום זאת, ואת הצעדים לשחזור התקלה.</string>
  <string name="illegalPawnCapture">אכילת חייל לא חוקית</string>
  <string name="calledEnPassant">נקרא \"דרך הילוכו\" וזהו אחד החוקים של השחמט.</string>
  <string name="tryEnPassant">נסה את המשחק האינטראקטיבי הקטן הזה כדי ללמוד עוד על \"דרך הילוכו\".</string>
  <string name="illegalCastling">הצרחה לא חוקית או לא אפשרית</string>
  <string name="castlingPrevented">הצרחה מנועה זמנית אם המלך יצטרך לעבור דרך ערוגה מותקפת.</string>
  <string name="castlingRules">היה בטוח שהבנת את חוקי ההצרחה</string>
  <string name="tryCastling">נסה את המשחקים האינטראקטיביים הקצרים האלו כדי ללמוד על הצרחה</string>
  <string name="castlingImported">אם ייבאת את המשחק, או התחלת אותו מעמדה, בדוק אם הגדרת את זכויות ההצרחה בצורה נכונה.</string>
  <string name="insufficientMaterial">אין מספיק כלים</string>
  <string name="fideMate">על פי חוקי השחמט של פיד\"ה סעיף 6.9, אם מט אפשרי ברצף מהלכים חוקי כלשהו, אז המשחק אינו מהווה תיקו</string>
  <string name="knightMate">אפשרי לבצע מט רק אם פרש או רץ, אם ליריב יש יותר ממלך על הלוח.</string>
  <string name="noRatingPoints">נקודות מד כושר לא הוענקו</string>
  <string name="ratedGame">בדוק אם שיחקת משחק מדורג. משחק לא מדורג לא משפיע על מד הכושר.</string>
  <string name="errorPage">שגיאה בדף</string>
  <string name="reportErrorPage">אם התמודדת עם שגיאה בדף, אתה יכול לדווח על זה:</string>
  <string name="banAppeal">ערער על איסור או על הגבלה בIP</string>
  <string name="engineAppeal">סימן מנוע או רמאות</string>
  <string name="sendAppealTo">אתה יכול לשלוח ערעור ל%s.</string>
  <string name="falsePositives">אבחנות שגויות קורות לפעמים, ואנחנו מצטערים על כך.</string>
  <string name="ifLegit">אם הערעור שלך הוא לגיטימי, אנו נבטל את האיסור בהקדם האפשרי.</string>
  <string name="accountLost">עם זאת, אם אכן השתמשת בסיוע במנועים, אפילו פעם אחת בלבד, אז לצערנו חשבך אבד.</string>
  <string name="doNotDeny">אל תכחיש שרימית. אם אתה רוצה שיאפשרו לך ליצור חשבון חדש, פשוט תודה במה שעשית, והראה שהבנת שזו טעות.</string>
  <string name="otherRestriction">הגבלה אחרת</string>
  <string name="collaboration">שיתוף פעולה, משפטי, מסחרי</string>
  <string name="monetizing">מונטיזצית ליצ\'ס</string>
  <string name="buyingPlayStrategy">קניית ליצ\'ס</string>
  <string name="authorizationToUse">הרשאה לשימוש בליצ\'ס</string>
  <string name="welcomeToUse">אתם מוזמנים להשתמש בליצ\'ס לצורך פעילותכם, גם מסחרית.</string>
  <string name="videosAndBooks">אתה יכול להציג את זה בסרטונים שלך, ואתה יכול להדפיס צילומי מסך של ליצ\'ס בספרים שלך.</string>
  <string name="creditAppreciated">אשראי מוערך אך אינו נדרש.</string>
  <string name="noneOfTheAbove">אף אחד מן הנזכרים מעלה</string>
  <string name="sendEmailAt">שלחו לנו אימייל ב%s.</string>
  <string name="explainYourRequest">אנא הסבר את בקשתך בבירור וביסודיות. ציין את שם המשתמש שלך בליצ\'ס וכל מידע שיכול לעזור לנו לעזור לך.</string>
</resources>
