<?xml version="1.0" encoding="utf-8"?>
<resources>
  <string name="contact">Kapcsolat</string>
  <string name="contactPlayStrategy">Lépj velünk kapcsolatba</string>
  <string name="whatCanWeHelpYouWith">Miben segíthetünk?</string>
  <string name="visitThisPage">Látogass el az alábbi oldalra a probléma magoldásához</string>
  <string name="iCantLogIn">Nem tudok belépni</string>
  <string name="noConfirmationEmail">Nem kaptam meg a visszaigazoló emailt</string>
  <string name="forgotPassword">Elfelejtettem a jelszavamat</string>
  <string name="forgotUsername">Elfelejtettem a felhasználói nevemet</string>
  <string name="youCanLoginWithEmail">Be tudsz lépni azzal az email címmel amivel regisztráltál</string>
  <string name="lost2FA">Nem férek hozzá a kétlépcsős azonosítási kódjaimhoz</string>
  <string name="doPasswordReset">Változtass jelszót majd kapcsold ki a második lépcsőt</string>
  <string name="accountSupport">A fiókomhoz szeretnék támogatást kérni</string>
  <string name="wantTitle">Szeretném a mesteri címem megjeleníteni a PlayStrategy-en</string>
  <string name="visitTitleConfirmation">Ahhoz, hogy megjelenjen a címed a PlayStrategy profilodon és résztvehess a Mester Arénákon, látogass el a leellenőrző oldalra</string>
  <string name="wantCloseAccount">Szeretném zárolni a fiókom</string>
  <string name="closeYourAccount">Ezen az oldalon zárolhatod a fiókodat</string>
  <string name="doNotAskByEmail">Ne küldj emailt, hogy zároljuk a fiókod, mert nem fogjuk.</string>
  <string name="wantReopen">Szeretném a fiókom újranyitni</string>
  <string name="reopenOnThisPage">Újranyithatod a fiókod ezen az oldalon. Csak egyszer működik.</string>
  <string name="doNotAskByEmailToReopen">Ne kérj minket emailben, hogy újranyissuk a fiókod, nem fogjuk.</string>
  <string name="wantChangeUsername">Szeretném megváltoztatni a felhasználói nevem</string>
  <string name="changeUsernameCase">Ezen az oldalon megváltoztathatod a felhasználói neved kis- és nagybetűit</string>
  <string name="cantChangeMore">Ennél nagyobb változtatást nem lehet kérni. Technikai okok miatt ez úgyis lehetetlen.</string>
  <string name="orCloseAccount">Azonban lezárhatod a mostani fiókod és nyithatsz egy újat.</string>
  <string name="wantClearHistory">Szeretném törölni az előzményeket vagy az értékszámom</string>
  <string name="cantClearHistory">Nincs lehetőség a játékelőzményed, feladványaid és értékszámod törlésére.</string>
  <string name="wantReport">Jelentenék egy felhasználót</string>
  <string name="toReportAPlayerUseForm">Játékos jelentéséhez használd az űrlapot</string>
  <string name="youCanAlsoReachReportPage">Amit ugyancsak elérhetsz, ha a %s jelentése gombra kattintasz a profil oldalon.</string>
  <string name="doNotReportInForum">Ne jelents játékosokat a fórumban.</string>
  <string name="doNotSendReportEmails">Ne küldj nekünk emailt emiatt.</string>
  <string name="doNotMessageModerators">És ne írj privát üzenetet a moderátoroknak.</string>
  <string name="onlyReports">Játékosok jelentésére csak a külön erre a célra létrehozott oldal használható.</string>
  <string name="wantReportBug">Jelentenék egy hibát</string>
  <string name="reportBugInForum">A Visszajelzés (PlayStrategy Feedback) fórumszekcióban</string>
  <string name="reportWebsiteIssue">PlayStrategy weboldal hibajelentés a GitHub-on</string>
  <string name="reportMobileIssue">PlayStrategy mobilapplikáció hibajelentés a GitHub-on</string>
  <string name="reportBugInDiscord">PlayStrategy Discord szerveren</string>
  <string name="howToReportBug">Légyszíves írd meg milyen formában jelentkezik a hiba, mi lenne az elvárt helyes működés és mivel idézhető elő a hiba.</string>
  <string name="illegalPawnCapture">Szabálytalan gyalogütés</string>
  <string name="calledEnPassant">Úgy hívják \"en passant\" és a hivatalos sakk egyik szabálya.</string>
  <string name="tryEnPassant">Próbáld ki az interaktív oktatót, hogy többet megtudj az \"en passant\"-ról.</string>
  <string name="illegalCastling">Szabálytalan vagy lehetetlen sáncolás</string>
  <string name="castlingPrevented">A sáncolás átmenetileg tiltott, ha a király ellenőrzött mezőn halad át.</string>
  <string name="castlingRules">Légy tisztában a sáncolás minden szabályával</string>
  <string name="tryCastling">Próbáld ki ezt az interaktív oktatót a sáncolás gyakorlásához</string>
  <string name="castlingImported">Ha játszmát importáltál vagy nem alapállásból indult a játszma ellenőrizd a felek sáncolási lehetőségeit.</string>
  <string name="insufficientMaterial">Túl kevés figura a matthoz</string>
  <string name="fideMate">A FIDE Szabálykönyv §6.9 szerint, ha a sakk-matt lehetséges bármilyen szabályos lépéssorozat által, akkor a játszma nem döntetlen.</string>
  <string name="knightMate">Lehet mattot adni egy futóval vagy huszárral is, ha az ellenfélnek van még figurája a királyon kívül.</string>
  <string name="noRatingPoints">Nem kaptam értékpontot jutalmul</string>
  <string name="ratedGame">Ellenőrizd, hogy rangsorolt játszmát játszol. Nem rangsorolt játékok nincsenek hatással az értékszámra.</string>
  <string name="errorPage">Hibaoldal</string>
  <string name="reportErrorPage">Ha hibaoldallal találkoztál, itt jelentheted:</string>
  <string name="banAppeal">Fellebbezés kitiltás vagy IP cím korlátozás miatt</string>
  <string name="engineAppeal">Sakkprogram használat vagy csalás</string>
  <string name="sendAppealTo">A fellebbezést a %s címre küldheted.</string>
  <string name="falsePositives">Téves ítéletek születhetnek néha, amit nagyon sajnálunk.</string>
  <string name="ifLegit">Ha a fellebbezésed jogos feloldjuk a tiltást amint lehet.</string>
  <string name="accountLost">Azonban ha tényleg sakkprogramot használtál, akár csak egyszer is, a fiókod sajnos elvész.</string>
  <string name="doNotDeny">Ne tagadd le, ha csaltál. Ha szeretnél új fiókot nyitni, csak ismerd el amit tettél és lásd be, hogy hiba volt.</string>
  <string name="otherRestriction">Egyéb korlátozás</string>
  <string name="collaboration">Együttműködés, jogi, kereskedelmi</string>
  <string name="monetizing">Bevétel a PlayStrategytől</string>
  <string name="buyingPlayStrategy">PlayStrategy megvásárlása</string>
  <string name="authorizationToUse">Engedély a PlayStrategy használatához</string>
  <string name="welcomeToUse">Nyugodtan használd a PlayStrategy-t (akár kereskedelmi) tevékenységedhez.</string>
  <string name="videosAndBooks">Mutathatod a videóidban és használhatsz PlayStrategy képernyőképeket a könyveidhez.</string>
  <string name="creditAppreciated">A megemlítésért hálásak vagyunk, de nem elvárás.</string>
  <string name="noneOfTheAbove">A fentiek közül egyik sem</string>
  <string name="sendEmailAt">Küldj nekünk emailt a %s címre.</string>
  <string name="explainYourRequest">Légyszíves érthetően és átfogóan írd meg a kérésed. Említsd meg a felhasználói neved és bármit ami által jobban tudunk segíteni.</string>
</resources>
