<?xml version="1.0" encoding="utf-8"?>
<resources>
  <string name="contact">各種連絡先</string>
  <string name="contactPlayStrategy">PlayStrategy に連絡する</string>
  <string name="whatCanWeHelpYouWith">何かお困りですか？</string>
  <string name="visitThisPage">こちらのページでトラブルを解決</string>
  <string name="iCantLogIn">ログインができない</string>
  <string name="noConfirmationEmail">アカウント確認のメールが来ない</string>
  <string name="forgotPassword">パスワードを忘れた</string>
  <string name="forgotUsername">ユーザー名を忘れた</string>
  <string name="youCanLoginWithEmail">登録した時のメールアドレスを使ってログインできます</string>
  <string name="lost2FA">2 要素認証コードがわからなくなった</string>
  <string name="doPasswordReset">パスワードをリセットすれば第 2 の要素が不要になります</string>
  <string name="accountSupport">アカウントについて</string>
  <string name="wantTitle">自分の公式タイトルを表示したい</string>
  <string name="visitTitleConfirmation">プロフィールにタイトルを表示してタイトル者限定の大会に参加するには、タイトル確認のページをご覧ください</string>
  <string name="wantCloseAccount">アカウントを削除したい</string>
  <string name="closeYourAccount">アカウントの停止はこのページから行なえます。</string>
  <string name="doNotAskByEmail">アカウント削除のためにメールで連絡しないでください、対応できません。</string>
  <string name="wantReopen">アカウントを再開したい</string>
  <string name="reopenOnThisPage">このページからアカウントを再開できます。再開は一度だけです。</string>
  <string name="doNotAskByEmailToReopen">アカウント再開のためにメールで連絡しないでください、対応できません。</string>
  <string name="wantChangeUsername">ユーザー名を変えたい</string>
  <string name="changeUsernameCase">大文字小文字だけならこちらのページから変えられます</string>
  <string name="cantChangeMore">それ以外は変えられません。技術的に不可能なのです。</string>
  <string name="orCloseAccount">ただし今のアカウントを削除して別の名前のアカウントを作ることはできます。</string>
  <string name="wantClearHistory">対局履歴やレーティングをリセットしたい</string>
  <string name="cantClearHistory">対局や問題の履歴、レーティングはリセットできません。</string>
  <string name="wantReport">誰かを通報したい</string>
  <string name="toReportAPlayerUseForm">プレイヤーの通報には通報用フォームを使ってください</string>
  <string name="youCanAlsoReachReportPage">その人のプロフィールページの通報ボタン（右上 %s）からもできます。</string>
  <string name="doNotReportInForum">他のプレイヤーをフォーラムに通報しないでください。</string>
  <string name="doNotSendReportEmails">通報の際は PlayStrategy にメールを送らないでください。</string>
  <string name="doNotMessageModerators">モデレーターにダイレクトメッセージを送らないでください。</string>
  <string name="onlyReports">プレイヤーの通報は通報用フォームを通じてのみ有効です。</string>
  <string name="wantReportBug">バグを知らせたい</string>
  <string name="reportBugInForum">PlayStrategy フォーラムの「フィードバック」掲示板で</string>
  <string name="reportWebsiteIssue">GitHub で、PlayStrategy ウェブサイトの話題として</string>
  <string name="reportMobileIssue">GitHub で、PlayStrategy モバイルアプリの話題として</string>
  <string name="reportBugInDiscord">PlayStrategy の discord サーバで</string>
  <string name="howToReportBug">バグの内容、あるべき正しい動作、バグの再現方法をお知らせください。</string>
  <string name="illegalPawnCapture">ポーンを変な風に取られた</string>
  <string name="calledEnPassant">それは「アンパッサン」というルールです。</string>
  <string name="tryEnPassant">こちらのゲームでアンパッサンについて学んでください。</string>
  <string name="illegalCastling">不可能なキャスリングをされた</string>
  <string name="castlingPrevented">キャスリングできないのはキングが通過するマスに駒が利いている時です。</string>
  <string name="castlingRules">キャスリングのルールをよく確かめてください。</string>
  <string name="tryCastling">こちらのゲームでキャスリングについて学んでください。</string>
  <string name="castlingImported">棋譜をインポートするか、ある局面からプレイを始めた場合は、キャスリングの権利を正しく設定したか確かめてください。</string>
  <string name="insufficientMaterial">戦力不足</string>
  <string name="fideMate">FIDE の公式ルール 6.9 項によると、もしルールに従った手順によってメイトが可能ならば戦力不足でもドローになりません。</string>
  <string name="knightMate">たとえばナイト 1 個やビショップ 1 個だけでも、相手にキング以外の駒が残っていればメイトの可能性があります。</string>
  <string name="noRatingPoints">勝ったのにレーティングが増えない</string>
  <string name="ratedGame">レート戦だったかどうか確かめてください。非レート戦ではレーティングは動きません。</string>
  <string name="errorPage">エラーページ</string>
  <string name="reportErrorPage">エラーページに出会ったら、以下で報告できます。</string>
  <string name="banAppeal">アクセス禁止や IP 制限への異議申し立て</string>
  <string name="engineAppeal">不正行為の赤マーク</string>
  <string name="sendAppealTo">異議申し立てを %s に送ることができます。</string>
  <string name="falsePositives">申し訳ありませんが、時には間違った判定も起こり得ます。</string>
  <string name="ifLegit">異議申し立てが正当なら、すぐにアクセス禁止を解除します。</string>
  <string name="accountLost">しかし一度でもエンジンの力を借りたのなら、アカウントは永久に停止されます。</string>
  <string name="doNotDeny">その場合、不正行為を否定しないでください。新しいアカウントを作りたいなら何をしたかを認め、それは自分の落ち度だったと認めてください。</string>
  <string name="otherRestriction">その他の制限</string>
  <string name="collaboration">提携、法律、商業化等について</string>
  <string name="monetizing">PlayStrategy の収益化</string>
  <string name="buyingPlayStrategy">PlayStrategy の買収</string>
  <string name="authorizationToUse">PlayStrategy 利用の許可</string>
  <string name="welcomeToUse">PlayStrategy はさまざまな活動（商業的活動を含む）に利用することができます。</string>
  <string name="videosAndBooks">PlayStrategy を配信動画の中に使う、スクリーンショットを書籍の中に使うなどです。</string>
  <string name="creditAppreciated">クレジットを入れてくださるとうれしいですが義務ではありません。</string>
  <string name="noneOfTheAbove">その他</string>
  <string name="sendEmailAt">%s までメールを送ってください。</string>
  <string name="explainYourRequest">用件を明確に、詳しく説明してください。PlayStrategy でのユーザー名と、当方の対応に役立ちそうな情報ならなんでも書いてください。</string>
</resources>
