<?xml version="1.0" encoding="utf-8"?>
<resources>
  <string name="contact">Байланыс</string>
  <string name="contactPlayStrategy">Личеспен байланыс</string>
  <string name="whatCanWeHelpYouWith">Сізге қандай көмек көрсете аламыз?</string>
  <string name="visitThisPage">Бұл мәселені шешу үшін осы парақшаны ашыңыз</string>
  <string name="iCantLogIn">Мен аккаунтыма кіре алмай отырмын</string>
  <string name="noConfirmationEmail">Маған растау хаты келген жоқ</string>
  <string name="forgotPassword">Мен құпиясөзімді ұмыттым</string>
  <string name="forgotUsername">Мен аккаунт атын ұмыттым</string>
  <string name="youCanLoginWithEmail">Сіз поштаңыздың мекенжайын жазып, аккаунтқа кіре аласыз</string>
  <string name="lost2FA">Мен екі сатылы анықтау кодтарын ала алмай отырмын</string>
  <string name="doPasswordReset">Екінші сатыны өшіру үшін құпиясөздің қайта орнатуын аяқтаңыз</string>
  <string name="accountSupport">Маған көмек керек</string>
  <string name="wantTitle">Личесте менің атауым көрсетілгенін қалаймын</string>
  <string name="visitTitleConfirmation">Сіздің куәлік парақшаңызда атақты көрсету үшін, Атақтылар Алаңына қатысу үшін атақты растау парақшасына өтіңіз</string>
  <string name="wantCloseAccount">Мен аккаунтымды жабамын деп шештім</string>
  <string name="closeYourAccount">Аккаунтыңызды осы парақшаға өтіп, жаба аласыз</string>
  <string name="doNotAskByEmail">Поштамен аккаунт жабуды сұрамаңыз, біз оны орындамаймыз.</string>
  <string name="wantReopen">Мен аккаунтымды қайта ашқым келеді</string>
  <string name="reopenOnThisPage">Сіз аккаунтыңызды осы парақшада қайта аша аласыз. Бұны бір рет қана істеуге болады.</string>
  <string name="doNotAskByEmailToReopen">Поштамен аккаунтты қайта ашуды сұрамаңыз, біз оны орындамаймыз.</string>
  <string name="wantChangeUsername">Мен аккаунт атымды өзгерткім келеді</string>
  <string name="changeUsernameCase">Атыңыздың әріп үлкендігін өзгерту үшін осы парақшаны ашыңыз</string>
  <string name="cantChangeMore">Біз әріп үлкендігінен басқа ешбір өзгерту жасай алмаймыз. Техникалық себеппен бұл мүмкін емес.</string>
  <string name="orCloseAccount">Дегенмен, сіз бұл аккаунтты жауып, жаңадан жасай аласыз.</string>
  <string name="wantClearHistory">Мен өзімнің ойын тарихымды не рейтингімді өшіргім келеді</string>
  <string name="cantClearHistory">Ойын тарихын, жұмбақ шешу тарихын немесе рейтингті өшіру мүмкін емес.</string>
  <string name="wantReport">Мен бір ойыншыға шағым білдіргім келеді</string>
  <string name="toReportAPlayerUseForm">Ойыншы үстіне шағымдану үшін шағым үлгісін ашыңыз</string>
  <string name="youCanAlsoReachReportPage">Сонымен қатар, сіз сол парақшаны, куәлік парақшадағы %s шағым батырмасына басып, аша аласыз.</string>
  <string name="doNotReportInForum">Форумдағы ойыншыларға қарсы шағым жібермеңіз.</string>
  <string name="doNotSendReportEmails">Бізге поштамен шағым жібермеңіз.</string>
  <string name="doNotMessageModerators">Тікелей модераторларға хабарлама жібермеңіз.</string>
  <string name="onlyReports">Шағымды шағым үлгісі арқылы ғана жіберсеңіз, нәтижелі болар.</string>
  <string name="wantReportBug">Ақау туралы хабар жібергім келеді</string>
  <string name="reportBugInForum">Форумның Личес Пікір қалдыру бөлімінде</string>
  <string name="reportWebsiteIssue">GitHub-та Личес сайтындағы ақаулық туралы</string>
  <string name="reportMobileIssue">GitHub-та Личес мобилді қолданбасының ақаулығы туралы</string>
  <string name="reportBugInDiscord">Личестің Discord серверінде</string>
  <string name="howToReportBug">Ақауды сипаттап беріңізші, ақаудың орнына не күткен едіңіз, осы ақауды қайталау үшін қандай қадамдар жасау керек.</string>
  <string name="illegalPawnCapture">Сарбазды қате жолмен басу</string>
  <string name="calledEnPassant">Бұл \"en passant\" деп аталады, шахматтағы ереженің бірі.</string>
  <string name="tryEnPassant">\"en passant\" туралы көбірек білу үшін осы шағын интерактивті ойынды ойнап көріңіз.</string>
  <string name="illegalCastling">Қате жасылынған не мүмкін емес бекіну</string>
  <string name="castlingPrevented">Патша бақылаудағы шаршыдан өтсе ғана бекіну мүмкіндігі үзіледі.</string>
  <string name="castlingRules">Бекіну ережелерін толықтай меңгеріңіз</string>
  <string name="tryCastling">Бекінуді жаттығу үшін осы шағын интерактивті ойынды ойнап көріңіз</string>
  <string name="castlingImported">Егер сіз ойынды жүктеп салсаңыз не бір күйден бастасаңыз, онда бекіну шартын дұрыс орнатуды ұмытпаңыз.</string>
  <string name="insufficientMaterial">Мат үшін тастар жеткіліксіз</string>
  <string name="fideMate">FIDE Шахмат Заңының §6.9 сәйкес, егер ережеге сай кез-келген жүрістермен матқа жету мүмкінкіндігі бар болса, онда ойын қорытындысы тепе-тең деп саналмайды</string>
  <string name="knightMate">Егер қарсыласта патшадан басқа тағы тас болса, оған матты жалғыз ат немесе пілмен ғана қоюға болады.</string>
  <string name="noRatingPoints">Ешбір рейтинг ұпайы қосылмады</string>
  <string name="ratedGame">Бағаланатын ойын екенін тексеріңіз. Қалыпты ойындар ойыншының рейтингіне әсер етпейді.</string>
  <string name="errorPage">Ақаулық парақшасы</string>
  <string name="reportErrorPage">Ақаулық парақшасына тап болсаңыз, осында хабарлауыңызға болады:</string>
  <string name="banAppeal">Шектеуге не IP шектеуге қарсылық шағымы</string>
  <string name="engineAppeal">Програм не чит марк</string>
  <string name="sendAppealTo">Сіз өтінішті %s жібере аласыз.</string>
  <string name="falsePositives">Жалған әрекеттер кейде болып тұрады, ол үшін кешірім сұраймыз.</string>
  <string name="ifLegit">Егер сіздің қарсылық шағымыңыз әділ болса, біз шектеуді тез арада аламыз.</string>
  <string name="accountLost">Бірақ, егер де сіз шынымен програмға жүгінсеңіз (бір рет болса да), сіздің аккаунтыңыз құрдымға кетті деген сөз.</string>
  <string name="doNotDeny">Алдап ойнағаныңызды жасырмаңыз. Егер сіз жаңа аккаунтқа рұқсат аламын десеңіз, жасаған істі мойындаңыз, және ол істі қателік деп қабылдайтыныңызды көрсетіңіз.</string>
  <string name="otherRestriction">Басқа шектеу</string>
  <string name="collaboration">Ынтымақтастық, заңдылық, сауда-саттық</string>
  <string name="monetizing">Личес-тен табыс табу</string>
  <string name="buyingPlayStrategy">Личес-ті сатып алу</string>
  <string name="authorizationToUse">Личес-ті пайдалануға рұқсаттама</string>
  <string name="welcomeToUse">Сіз Личес-ті өз қажетіңізге пайдалануға еріктісіз, тіпті ақша табу мақсатында да.</string>
  <string name="videosAndBooks">Оны өз видеоларыңызда көрсетсеңіз де болады, Личес-тің кескінін өз кітабыңызға бастыртып шығарсаңыз да болады.</string>
  <string name="creditAppreciated">Біз туралы мәліметті көрсетсеңіз – жақсы, бірақ міндетті емес.</string>
  <string name="noneOfTheAbove">Осылардан басқа</string>
  <string name="sendEmailAt">Бізге %s мекенжайына хат жіберіңіз.</string>
  <string name="explainYourRequest">Өз ойыңызды жан-жақты сипаттап анық жазыңыз. Личестегі атыңыз бен басқа да сізге көмектесуді жеңілдететін ақпаратты көрсетуді сұраймыз.</string>
</resources>
