<?xml version="1.0" encoding="utf-8"?>
<resources>
  <string name="contact">Têkilî</string>
  <string name="contactPlayStrategy">Bi PlayStrategy ra bikeve têkiliyê</string>
  <string name="whatCanWeHelpYouWith">Em dikarin çawa alîkarîya we bikin?</string>
  <string name="iCantLogIn">Ez nikarim têkevim</string>
  <string name="forgotPassword">Min pêborînê bîr ve kir</string>
  <string name="forgotUsername">Min navê bikarhênerê bîr ve kir</string>
  <string name="wantCloseAccount">Ez dixwazim hesabê xwe bigirim</string>
  <string name="closeYourAccount">Tu dikarî hesabê xwe li vû rûpelê bigirî</string>
  <string name="doNotAskByEmail">Ji bo hesab girtinê ji me ra emaîl neşeynin, em ê nekin.</string>
  <string name="wantReopen">Ez dixwazim hesabê xwe ji nû ve vekim</string>
  <string name="reopenOnThisPage">Tu dikarî hesabê xwe li vê rûpelê ji nû ve vekî. Tenê carekî dikarî vê bikî.</string>
  <string name="doNotAskByEmailToReopen">Ji bo hesab ji nû ve vekirinê ji me ra emaîl neşeynin, em ê nekin.</string>
  <string name="wantChangeUsername">Ez dixwazim navê bikarhênerê biguherînim</string>
  <string name="changeUsernameCase">Ji bo guhertina navê bikarhênerê here vê rûpelê</string>
  <string name="orCloseAccount">Lê, tu dikarî hesabê xwe yê niha bigirî û hesabekî nû çê bikî.</string>
</resources>
