<?xml version="1.0" encoding="utf-8"?>
<resources>
  <string name="contact">문의</string>
  <string name="contactPlayStrategy">PlayStrategy에 문의하기</string>
  <string name="whatCanWeHelpYouWith">어떻게 도와드릴까요?</string>
  <string name="visitThisPage">이 페이지를 방문해 문제를 해결하십시오</string>
  <string name="iCantLogIn">로그인이 되지 않습니다</string>
  <string name="noConfirmationEmail">확인 이메일을 받지 못했습니다</string>
  <string name="forgotPassword">비밀번호를 잊어버렸습니다</string>
  <string name="forgotUsername">사용자 이름을 잊어버렸습니다</string>
  <string name="youCanLoginWithEmail">당신이 회원가입한 이메일 주소로 로그인할 수 있습니다</string>
  <string name="lost2FA">2단계 인증 코드로 접속할 수 없습니다</string>
  <string name="doPasswordReset">2단계 로그인을 해제하려면 비밀번호 재설정을 하세요</string>
  <string name="accountSupport">계정 도움이 필요합니다</string>
  <string name="wantTitle">내 타이틀이 PlayStrategy에 보여지게 하고 싶습니다.</string>
  <string name="visitTitleConfirmation">PlayStrategy 프로필에 타이틀을 표시하고 Titled Arenas에 참여하려면 타이틀 확인 페이지를 방문하세요</string>
  <string name="wantCloseAccount">계정을 탈퇴하고 싶습니다</string>
  <string name="closeYourAccount">이 페이지에서 탈퇴할 수 있습니다.</string>
  <string name="doNotAskByEmail">이메일을 보내 계정 탈퇴를 요청하지 마십시오.</string>
  <string name="wantReopen">계정을 복구하고 싶습니다</string>
  <string name="reopenOnThisPage">이 페이지에서 계정을 복구할 수 있습니다. 한 번만 작동합니다.</string>
  <string name="doNotAskByEmailToReopen">이메일을 보내 계정 복구를 요청하지 마십시오.</string>
  <string name="wantChangeUsername">사용자명을 변경하고 싶습니다</string>
  <string name="changeUsernameCase">사용자 이름의 대소문자를 변경하려면 이 페이지를 방문하세요</string>
  <string name="cantChangeMore">기술적인 이유로 완전히 불가능합니다. 대소문자만 변경할 수 있습니다.</string>
  <string name="orCloseAccount">그러나 현재 계정을 폐쇄하고 새 계정을 만들 수 있습니다.</string>
  <string name="wantClearHistory">레이팅과 기록을 초기화하고 싶습니다</string>
  <string name="cantClearHistory">게임 이력, 퍼즐 이력, 레이팅을 초기화 할 수 없습니다.</string>
  <string name="wantReport">이용자 신고하기</string>
  <string name="toReportAPlayerUseForm">플레이어를 신고하려면 신고 양식을 사용하세요</string>
  <string name="youCanAlsoReachReportPage">프로필 페이지에서 %s 신고 버튼을 눌러 해당 페이지로 이동할 수도 있습니다.</string>
  <string name="doNotReportInForum">포럼에서 이용자를 신고하지 마십시오.</string>
  <string name="doNotSendReportEmails">이메일을 보내 신고하지 마십시오.</string>
  <string name="doNotMessageModerators">관리자에게 직접 메시지를 보내지 마세요.</string>
  <string name="onlyReports">플레이어 신고는 신고 양식을 통해서만 가능합니다.</string>
  <string name="wantReportBug">버그를 신고하고 싶습니다</string>
  <string name="reportBugInForum">포럼의 PlayStrategy 피드백 섹션</string>
  <string name="reportWebsiteIssue">Github (PlayStrategy 웹사이트 이슈)</string>
  <string name="reportMobileIssue">Github (PlayStrategy 모바일 앱 이슈)</string>
  <string name="reportBugInDiscord">PlayStrategy 디스코드 서버</string>
  <string name="howToReportBug">버그가 무엇인지, 어떻게 고쳐져야 하는지 설명해주세요.</string>
  <string name="illegalPawnCapture">폰을 이상하게 잡았습니다</string>
  <string name="calledEnPassant">\'앙 파상\' 이라고 불리는 체스의 규칙입니다.</string>
  <string name="tryEnPassant">이 미니 게임으로 앙 파상에 대해 배우십시오.</string>
  <string name="illegalCastling">캐슬링이 불가능합니다</string>
  <string name="castlingPrevented">킹이 공격 받고 있는 칸을 지나려 할 경우 캐슬링이 불가능합니다.</string>
  <string name="castlingRules">캐슬링 규칙에 대해서 이해했는지 확인하세요</string>
  <string name="tryCastling">이 미니 게임으로 캐슬링에 대해 배우세요</string>
  <string name="castlingImported">게임을 불러오기했거나 특정 포지션에서 시작한 경우, 캐슬링 권한을 제대로 설정했는지 확인하세요.</string>
  <string name="insufficientMaterial">기물 부족</string>
  <string name="fideMate">FIDE 체스 규칙 6.9조에 따르면, 체크메이트가 어떤 합법적인 수에 의해서 가능할 경우 무승부가 아닙니다</string>
  <string name="knightMate">상대방이 킹이 아닌 다른 기물을 가지고 있다면 나이트 하나 또는 비숍 하나로도 체크메이트가 가능합니다.</string>
  <string name="noRatingPoints">레이팅 포인트 미지급</string>
  <string name="ratedGame">레이팅 게임을 했는지 다시 한번 확인하십시오. 캐주얼 게임은 레이팅에 영향을 미치지 않습니다.</string>
  <string name="errorPage">에러 페이지</string>
  <string name="reportErrorPage">에러 페이지가 나온 경우 여기에서 신고해주세요:</string>
  <string name="banAppeal">차단 또는 IP 제한에 대한 이의를 제기하고 싶습니다</string>
  <string name="engineAppeal">엔진 또는 부정행위 표시</string>
  <string name="sendAppealTo">%s에서 이의를 제기할 수 있습니다.</string>
  <string name="falsePositives">종종 잘못된 탐지가 있을 수 있으며, 이에 대해서는 죄송하게 생각합니다.</string>
  <string name="ifLegit">이의가 정당하다면 즉시 차단을 해제할 것입니다.</string>
  <string name="accountLost">하지만, 단 한번이라도, 실제로 엔진의 도움을 받은 경우 아쉽지만 차단은 되돌릴 수 없습니다.</string>
  <string name="doNotDeny">잘못을 부인하지 마세요. 새 계정을 다시 만들고 싶다면 자신이 한 일을 인정하고 그것이 실수임을 이해했음을 보여주세요.</string>
  <string name="otherRestriction">다른 제한</string>
  <string name="collaboration">협찬, 법률, 광고</string>
  <string name="monetizing">PlayStrategy로 수익창출을 하고 싶습니다</string>
  <string name="buyingPlayStrategy">PlayStrategy를 구매하고 싶습니다</string>
  <string name="authorizationToUse">다른 곳에서 PlayStrategy를 사용할 수 있는지 궁금합니다</string>
  <string name="welcomeToUse">당신은 PlayStrategy를 상업적인 것을 포함한 당신의 활동에 사용할 수 있습니다.</string>
  <string name="videosAndBooks">PlayStrategy를 사용해 동영상을 찍을 수 있으며, 스크린샷을 책에 넣을 수도 있습니다.</string>
  <string name="creditAppreciated">크래딧 표기를 해주시면 감사하겠습니다만 필수적인 것은 아닙니다.</string>
  <string name="noneOfTheAbove">해당 사항 없음</string>
  <string name="sendEmailAt">%s로 이메일을 보내주세요.</string>
  <string name="explainYourRequest">당신의 요청을 명확하게 설명해주세요. PlayStrategy 사용자 이름 및 도움이 될 수 있는 정보를 알려주세요.</string>
</resources>
