<?xml version="1.0" encoding="utf-8"?>
<resources>
  <string name="contact">Susisiekite</string>
  <string name="contactPlayStrategy">Susisiekite su „PlayStrategy“</string>
  <string name="whatCanWeHelpYouWith">Kuo galime padėti?</string>
  <string name="visitThisPage">Apsilankę šiame tinklalapyje išspręsite problemą</string>
  <string name="iCantLogIn">Negaliu prisijungti</string>
  <string name="noConfirmationEmail">Negaunu patvirtinimo laiško</string>
  <string name="forgotPassword">Pamiršau slaptažodį</string>
  <string name="forgotUsername">Pamiršau prisijungimo vardą</string>
  <string name="youCanLoginWithEmail">Galite prisijungti el. pašto adresu, kuriuo užsiregistravote</string>
  <string name="lost2FA">Praradau prieigą prie savo dviejų faktorių autentikacijos kodų</string>
  <string name="doPasswordReset">Norėdami pašalinti antrą faktorių atlikite slaptažodžio atkūrimą</string>
  <string name="accountSupport">Man reikia pagalbos su paskyra</string>
  <string name="wantTitle">Noriu, kad mano titulas būtų atvaizduotas PlayStrategy</string>
  <string name="visitTitleConfirmation">Norėdami atvaizduoti savo titulą PlayStrategy profilyje ir dalyvauti tituluotose arenose, aplankykite patvirtinimo puslapį</string>
  <string name="wantCloseAccount">Noriu uždaryti savo paskyrą</string>
  <string name="closeYourAccount">Savo paskyrą galite uždaryti šiame puslapyje</string>
  <string name="doNotAskByEmail">Neprašykite uždaryti savo paskyros el. paštu, mes to nedarysime.</string>
  <string name="wantReopen">Noriu iš naujo atverti savo paskyrą</string>
  <string name="reopenOnThisPage">Savo paskyrą dar kartą atidaryti galite šiame puslapyje. Tai suveiks tik kartą.</string>
  <string name="doNotAskByEmailToReopen">Neprašykite atidaryti paskyros el. paštu, mes to nedarysime.</string>
  <string name="wantChangeUsername">Noriu pasikeisti savo vartotojo vardą</string>
  <string name="changeUsernameCase">Aplankykite šį puslapį norėdami pakeisti savo vartotojo vardo mažąsias ir didžiąsias raides</string>
  <string name="cantChangeMore">Negalime pakeisti daugiau negu didžiųjų/mažųjų raidžių. Dėl techninių priežasčių tai neįmanoma.</string>
  <string name="orCloseAccount">Jūs galite uždaryti esamą paskyrą ir atsidaryti naują.</string>
  <string name="wantClearHistory">Noriu išvalyti savo istoriją ir reitingą</string>
  <string name="cantClearHistory">Nėra galimybės išvalyti savo partijų istorijos, galvosūkių istorijos ar reitingų.</string>
  <string name="wantReport">Noriu pranešti apie žaidėją</string>
  <string name="toReportAPlayerUseForm">Norėdami pranešti apie žaidėją naudokite pranešimo formą</string>
  <string name="youCanAlsoReachReportPage">Tą puslapį galite pasiekti spustelėdami %s pranešimo mygtuką profilio puslapyje.</string>
  <string name="doNotReportInForum">Nepraneškite apie žaidėjus forume.</string>
  <string name="doNotSendReportEmails">Nesiųskite pranešimų el. laiškų.</string>
  <string name="doNotMessageModerators">Nesiųskite tiesioginių žinučių moderatoriams.</string>
  <string name="onlyReports">Veiksmingas tik pranešimas apie žaidėjus per pranešimo formą.</string>
  <string name="wantReportBug">Noriu pranešti apie klaidą</string>
  <string name="reportBugInForum">PlayStrategy atsiliepimų forumo sekcijoje</string>
  <string name="reportWebsiteIssue">Kaip PlayStrategy svetainės problemą GitHub</string>
  <string name="reportMobileIssue">Kaip PlayStrategy mobilios programėlės problemą GitHub</string>
  <string name="reportBugInDiscord">PlayStrategy Discord serveryje</string>
  <string name="howToReportBug">Apibūdinkite kaip atrodo klaida, ko tikėjotės, kas įvyko, ir žingsnius, kaip atkartoti klaidą.</string>
  <string name="illegalPawnCapture">Neteisingas pėstininko kirtimas</string>
  <string name="calledEnPassant">Toks kirtimas vadinamas \"en passant\" ir yra viena iš šachmatų taisyklių.</string>
  <string name="tryEnPassant">Šis mažas interaktyvus žaidimas padės sužinoti daugiau apie \"en passant\".</string>
  <string name="illegalCastling">Netinkama arba neįmanoma rokiruotė</string>
  <string name="castlingPrevented">Rokiruotės blokuojamos tik jeigu karalius eina per valdomą langelį.</string>
  <string name="castlingRules">Įsitikinkite, kad suprantante rokiruočių taisykles</string>
  <string name="tryCastling">Šis interaktyvus žaidimas padės pasitreniruoti atliekant rokiruotes</string>
  <string name="castlingImported">Jei importavote žaidimą, ar pradėjote jį nuo pozicijos, įsitikinkite, kad teisingai nustatėte rokiruotės teises.</string>
  <string name="insufficientMaterial">Nepakanka figūrų matui</string>
  <string name="fideMate">Pagal FIDE šachmatų taisyklių §6.9, jei matas yra įmanomas bet kokia leistina ėjimų seka, žaidimas nėra lygiosios</string>
  <string name="knightMate">Yra įmanoma atlikti matą tik su žirgu ar rikiu jeigu priešininkas ant lentos turi daugiau negu tik karalių.</string>
  <string name="noRatingPoints">Nebuvo skirta reitingo taškų</string>
  <string name="ratedGame">Įsitikinkite, kad žaidėte reitinguotą partiją. Nevertinamos partijos nedaro įtakos žaidėjų reitingams.</string>
  <string name="errorPage">Klaidos puslapis</string>
  <string name="reportErrorPage">Jei susidūrėte su klaidos puslapiu galite apie jį pranešti:</string>
  <string name="banAppeal">Apeliuoti blokavimą ar IP adreso apribojimą</string>
  <string name="engineAppeal">Variklio ar sukčiavimo žymė</string>
  <string name="sendAppealTo">Apeliaciją galite siųsti %s.</string>
  <string name="falsePositives">Kartais atvejus užfiksuojame neteisingai, labai dėl to atsiprašome.</string>
  <string name="ifLegit">Jeigu jūsų apeliacija tikra blokavimą pašalinsime kaip įmanoma greičiau.</string>
  <string name="accountLost">Jeigu iš tikrųjų naudojote variklio pagalbą, net jei tik kartą, jūsų paskyra - prarasta.</string>
  <string name="doNotDeny">Neneikite, kad sukčiavote. Jei norite susikurti naują paskyrą, pripažinkite, kad žinote, ką darėte, ir parodykite, kad supratote, jog tai buvo klaida.</string>
  <string name="otherRestriction">Kiti apribojimai</string>
  <string name="collaboration">Bendradarbiavimas, teisinė pagalba, komerciniai ryšiai</string>
  <string name="monetizing">PlayStrategy apmokestinimas</string>
  <string name="buyingPlayStrategy">PlayStrategy pirkimas</string>
  <string name="authorizationToUse">Leidimai naudoti PlayStrategy</string>
  <string name="welcomeToUse">Jūs galite naudoti PlayStrategy bet kokiai veiklai, net ir komercinei.</string>
  <string name="videosAndBooks">Jūs galite jį rodyti savo video, galite spaustindi PlayStrategy ekranvaizdžius savo knygose.</string>
  <string name="creditAppreciated">Paminėjimas laukiamas, bet ne reikalingas.</string>
  <string name="noneOfTheAbove">Nė vienas iš šių</string>
  <string name="sendEmailAt">Išsiųskite mums el. laišką adresu %s.</string>
  <string name="explainYourRequest">Išdėstykite savo užklausą aiškiai ir iki galo. Paminėkite savo PlayStrategy vartotojo vardą, ir bet kokią informaciją, kuri padėtų mums padėti jums.</string>
</resources>
