<?xml version="1.0" encoding="utf-8"?>
<resources>
  <string name="contact">Kontakti</string>
  <string name="contactPlayStrategy">Sazināties ar PlayStrategy</string>
  <string name="whatCanWeHelpYouWith">Kā varam palīdzēt?</string>
  <string name="visitThisPage">Apmeklējiet šo lapu, lai atrisinātu problēmu</string>
  <string name="iCantLogIn">Nevaru ierakstīties</string>
  <string name="noConfirmationEmail">Neesmu saņēmis apstiprinājuma e-pastu</string>
  <string name="forgotPassword">Aizmirsu savu paroli</string>
  <string name="forgotUsername">Aizmirsu savu lietotājvārdu</string>
  <string name="youCanLoginWithEmail">Varat ierakstīties ar e-pasta adresi, kuru izmantojāt lai reģistrētos</string>
  <string name="lost2FA">Zaudēju piekļuvi saviem divfaktoru autentifikācijas kodiem</string>
  <string name="doPasswordReset">Atiestatiet paroli, lai noņemtu otro faktoru</string>
  <string name="accountSupport">Man nepieciešama konta palīdzība</string>
  <string name="wantTitle">Vēlos, lai PlayStrategy rādītu manu šaha titulu</string>
  <string name="visitTitleConfirmation">Lai rādītu savu šaha titulu un piedalītos Titulu Arēnās, apmeklējiet titulu apstiprināšanas lapu</string>
  <string name="wantCloseAccount">Vēlos slēgt savu kontu</string>
  <string name="closeYourAccount">Varat slēgt savu kontu šajā lapā</string>
  <string name="doNotAskByEmail">Nepieprasiet konta slēgšanu ar e-pastu; mēs to nedarīsim.</string>
  <string name="wantReopen">Vēlos atvērt slēgto kontu</string>
  <string name="reopenOnThisPage">Varat atkal atvērt slēgto kontu šajā lapā. Tas darbojas tikai vienreiz.</string>
  <string name="doNotAskByEmailToReopen">Nepieprasiet slēgta konta atvēršanu ar e-pastu; mēs to nedarīsim.</string>
  <string name="wantChangeUsername">Vēlos mainīt lietotājvārdu</string>
  <string name="changeUsernameCase">Apmeklējiet šo lapu, lai mainītu lietotājvārda burtu lielumu (lielie/mazie burti)</string>
  <string name="cantChangeMore">Nevaram mainīt vairāk kā tikai lielumu. Tehnisku iemeslu dēļ, tas ir pilnīgi neiespējami.</string>
  <string name="orCloseAccount">Taču varat slēgt pašreizējo kontu un atvērt jaunu.</string>
  <string name="wantClearHistory">Vēlos notīrīt savu vēsturi vai reitingu</string>
  <string name="cantClearHistory">Nav iespējams notīrīt spēļu vēsturi, puzļu vēsturi vai reitingus.</string>
  <string name="wantReport">Vēlos ziņot par spēlētāju</string>
  <string name="toReportAPlayerUseForm">Lai ziņotu par spēlētāju, aizpildiet ziņošanas veidlapu</string>
  <string name="youCanAlsoReachReportPage">Varat arī nonākt tajā lapā, klikšķinot uz %s pogas \"ziņot\" profila lapā.</string>
  <string name="doNotReportInForum">Neziņojiet par spēlētājiem forumā.</string>
  <string name="doNotSendReportEmails">Nesūtiet mums ziņojumu e-pastus.</string>
  <string name="doNotMessageModerators">Nesūtiet tiešas ziņas moderatoriem.</string>
  <string name="onlyReports">Tikai ziņošana par spēlētājiem ziņojuma veidlapā ir iedarbīga.</string>
  <string name="wantReportBug">Vēlos ziņot par datorproblēmu</string>
  <string name="reportBugInForum">PlayStrategy Atsauksmju Forumā</string>
  <string name="reportWebsiteIssue">Kā PlayStrategy mājaslapas kļūdu platformā GitHub</string>
  <string name="reportMobileIssue">Kā PlayStrategy mobilās aplikācijas kļūdu platformā GitHub</string>
  <string name="reportBugInDiscord">PlayStrategy Discord serverī</string>
  <string name="howToReportBug">Lūdzu aprakstiet, kā izpaužas kļūda, ko jūs tā vietā sagaidījāt un soļus, kas jāveic, lai atkārtotu kļūdu.</string>
  <string name="illegalPawnCapture">Nelegāls bandinieka sitiens</string>
  <string name="calledEnPassant">Tas ir viens no šaha noteikumiem, ko sauc \"en passant\".</string>
  <string name="tryEnPassant">Pamēģiniet šo nelielo interaktīvo spēli, lai uzzinātu vairāk par \"en passant\".</string>
  <string name="illegalCastling">Nelegāla vai neiespējama rokāde</string>
  <string name="castlingPrevented">Rokāde nav atļauta tikai tad, ja karalis šķērso apdraudētu lauciņu.</string>
  <string name="castlingRules">Pārliecinieties, ka saprotat rokādes noteikumus</string>
  <string name="tryCastling">Pamēģiniet šo nelielo interaktīvo spēli, lai trenētos veikt rokādi šahā</string>
  <string name="castlingImported">Ja importējāt spēli, vai sākāt no pozīcijas, pārliecinieties, ka pareizi iestatījāt rokādes tiesības.</string>
  <string name="insufficientMaterial">Nepietiekams resurss matam</string>
  <string name="fideMate">Saskaņā ar FIDE Šaha Likumiem §6.9, ja ir iespējams sasniegt matu ar jebkuru atļautu gājienu virkni, spēle nav neizšķirta</string>
  <string name="knightMate">Mats var būt iespējams ar karali un laidni, ja pretiniekam ir vairāk kā tikai karalis uz galdiņa.</string>
  <string name="noRatingPoints">Neviens reitinga punkts netika piešķirts</string>
  <string name="ratedGame">Pārliecinieties, ka spēlējāt vērtētu spēli. Draudzīgas spēles nemaina spēlētāju reitingus.</string>
  <string name="errorPage">Kļūdas lapa</string>
  <string name="reportErrorPage">Ja saskārāties ar kļūdas lapu, varat par to ziņot:</string>
  <string name="banAppeal">Pārsūdzēt liegumu vai IP ierobežojumu</string>
  <string name="engineAppeal">Dzinēja vai šmaukšanās atzīme</string>
  <string name="sendAppealTo">Varat iesniegt lūgumu %s.</string>
  <string name="falsePositives">Viltus pozitīvi dažreiz notiek, atvainojamies par to.</string>
  <string name="ifLegit">Ja jūsu lūgums ir pamatots, mēs noņemsim liegumu pēc iespējas ātrāk.</string>
  <string name="accountLost">Taču, ja tiešām izmantojāt šaha dzinēju, kaut vienu reizi, jūsu konts ir diemžēl zaudēts.</string>
  <string name="doNotDeny">Nenoliedziet, ka esat šmaucies. Ja vēlaties, lai jums ļauj izveidot jaunu kontu, atzīstiet, ko esat darījis, un parādiet, ka sapratāt savu kļūdu.</string>
  <string name="otherRestriction">Cits ierobežojums</string>
  <string name="collaboration">Sadarbība, likumīgi, komerciāli</string>
  <string name="monetizing">Pelnīt ar PlayStrategy</string>
  <string name="buyingPlayStrategy">Pirkt PlayStrategy</string>
  <string name="authorizationToUse">Atļauja izmantot PlayStrategy</string>
  <string name="welcomeToUse">Esat laipni lūgts izmantot PlayStrategy savai darbībai, kaut komerciālai.</string>
  <string name="videosAndBooks">Varat to rādīt savos video, un varat drukāt PlayStrategy ekrānšāviņus savās grāmatās.</string>
  <string name="creditAppreciated">Attiecinājums tiks novērtēts, bet nav nepieciešams.</string>
  <string name="noneOfTheAbove">Neviens no iepriekš minētajiem</string>
  <string name="sendEmailAt">Sūtiet mums e-pastu uz %s.</string>
  <string name="explainYourRequest">Lūdzu, izskaidrojiet savu lūgumu saprotami un detalizēti. Nosauciet savu PlayStrategy lietotājvārdu, un jebkuru informāciju, kas mums varētu atvieglot palīdzības sniegšanu.</string>
</resources>
