<?xml version="1.0" encoding="utf-8"?>
<resources>
  <string name="contact">Kontakt</string>
  <string name="contactPlayStrategy">Ta kontakt med PlayStrategy</string>
  <string name="whatCanWeHelpYouWith">Hva kan vi hjelpe deg med?</string>
  <string name="visitThisPage">Gå til denne sida for å løse problemet</string>
  <string name="iCantLogIn">Jeg kan ikke logge inn</string>
  <string name="noConfirmationEmail">Jeg mottar ikke bekreftelse på epost</string>
  <string name="forgotPassword">Jeg har glemt passordet mitt</string>
  <string name="forgotUsername">Jeg har glemt brukernavnet mitt</string>
  <string name="youCanLoginWithEmail">Du kan logge inn med den e-postadressen du registrerte deg med</string>
  <string name="lost2FA">Jeg har mistet tilgangen til tofaktorautentiseringskodene mine</string>
  <string name="doPasswordReset">Nullstill passordet for å fjerne tofaktorautentisering</string>
  <string name="accountSupport">Jeg har behov for kontosupport</string>
  <string name="wantTitle">Jeg vil gjerne at tittelen min vises på PlayStrategy</string>
  <string name="visitTitleConfirmation">For at din tittel skal vises på PlayStrategy-profilen, og for å delta i \"Titled Arenas\", må du gå inn på bekreftelsessida</string>
  <string name="wantCloseAccount">Jeg vil lukke kontoen min</string>
  <string name="closeYourAccount">Du kan lukke kontoen din på denne sida</string>
  <string name="doNotAskByEmail">Ikke be oss om å lukke en konto via e-post, vi vil ikke gjøre det.</string>
  <string name="wantReopen">Jeg vil gjenåpne kontoen min</string>
  <string name="reopenOnThisPage">Du kan gjenåpne kontoen din på denne sida. Det kan bare gjøres én gang.</string>
  <string name="doNotAskByEmailToReopen">Ikke be oss om å gjenåpne en konto via e-post, vi vil ikke gjøre det.</string>
  <string name="wantChangeUsername">Jeg ønsker å endre brukernavnet mitt</string>
  <string name="changeUsernameCase">Gå til denne sida for å endre store/små bokstaver i brukernavnet ditt, eksempelvis kan brukernavnet \"jacquematt\" endres til \"JacqueMatt\"</string>
  <string name="cantChangeMore">Av tekniske årsaker er det ikke mulig å endre annet enn småbokstaver (minuskler) til store bokstaver (majuskler) eller omvendt. Eksempelvis kan brukernavnet \"jacquematt\" endres til \"JacqueMatt\" men ikke til \"sjakkmatt\".</string>
  <string name="orCloseAccount">Du kan likevel lukke kontoen din og opprette en ny.</string>
  <string name="wantClearHistory">Jeg vil slette historikken eller ratingen min</string>
  <string name="cantClearHistory">Det er ikke mulig å slette historikken din for partier, sjakknøtter eller ratinger.</string>
  <string name="wantReport">Jeg vil rapportere en spiller</string>
  <string name="toReportAPlayerUseForm">Bruk rapportskjemaet for å rapportere en spiller</string>
  <string name="youCanAlsoReachReportPage">Du kan også komme til den sida ved å klikke på %s meldingsknappen på ei brukerside.</string>
  <string name="doNotReportInForum">Ikke meld spillere i forumet.</string>
  <string name="doNotSendReportEmails">Ikke send oss epost med anmelding av spillere.</string>
  <string name="doNotMessageModerators">Ikke send beskjeder direkte til moderatorer.</string>
  <string name="onlyReports">Den eneste måten å melde inn spillere er via rapportskjemaet.</string>
  <string name="wantReportBug">Jeg vil melde fra om en feil</string>
  <string name="reportBugInForum">I PlayStrategy\' forum for tilbakemeldinger</string>
  <string name="reportWebsiteIssue">Som et PlayStrategy webside-problem på GitHub</string>
  <string name="reportMobileIssue">Som et PlayStrategy mobilapp-problem på GitHub</string>
  <string name="reportBugInDiscord">I PlayStrategy discord-server</string>
  <string name="howToReportBug">Vær vennlig og beskriv hvordan problemet arter seg, hva du forventet skulle skje og de trinn som skal til for å gjenskape feilen.</string>
  <string name="illegalPawnCapture">Ulovlig måte å slå bonden på</string>
  <string name="calledEnPassant">Det kalles \"en passant\" (norsk: \"i forbifarten\") og er en av sjakkreglene.</string>
  <string name="tryEnPassant">Prøv dette lille interaktive spillet for å lære mer om \"en passant\".</string>
  <string name="illegalCastling">Ulovlig eller umulig rokade</string>
  <string name="castlingPrevented">Rokade forhindres bare dersom kongen må passere felt som er kontrollert av motspilleren.</string>
  <string name="castlingRules">Forsikre deg om at du er innforstått med rokade-reglene</string>
  <string name="tryCastling">Øv på rokade ved hjelp av dette lille interaktive spillet</string>
  <string name="castlingImported">Vær nøye med å kontrollere at rokaderettighetene er satt korrekt dersom partiet er importert eller startet fra en stilling annet enn utgangsposisjonen.</string>
  <string name="insufficientMaterial">Utilstrekkelig materiale til å sette matt</string>
  <string name="fideMate">I følge FIDEs sjakkregler §6.9, er et parti ikke remis dersom en sjakkmatt er mulig etter en lovlig trekkrekkefølge</string>
  <string name="knightMate">Det er mulig å sette sjakkmatt med kun én springer eller én løper dersom motspilleren har flere brikker enn kongen på brettet.</string>
  <string name="noRatingPoints">Det ble ikke tildelt ratingpoeng</string>
  <string name="ratedGame">Forsikre deg om at du spilte et ratet parti. Uformelle partier påvirker ikke spillernes rating.</string>
  <string name="errorPage">Feilside</string>
  <string name="reportErrorPage">Hvis du støtte på en feilside, kan du rapportere det:</string>
  <string name="banAppeal">Klage ved utestenging eller IP-restriksjon</string>
  <string name="engineAppeal">Anmerkning om juks eller maskinbruk</string>
  <string name="sendAppealTo">Du kan klage til %s.</string>
  <string name="falsePositives">Beklageligvis kan falske positiver forekomme.</string>
  <string name="ifLegit">Hvis klagen din blir godtatt, opphever vi utestengelsen så snart som mulig.</string>
  <string name="accountLost">Hvis det viser seg at du faktisk fikk maskinhjelp, selv om det bare skjedde én gang, er kontoen din dessverre tapt.</string>
  <string name="doNotDeny">Ikke nekt for at du jukset. Dersom du ønsker å få tillatelse til å opprette en ny konto, må du innrømme det du gjorde, og vise at du forstår at det var en feiltakelse.</string>
  <string name="otherRestriction">Annen restriksjon</string>
  <string name="collaboration">Samarbeid, jus, kommersielt</string>
  <string name="monetizing">Tjene penger på PlayStrategy</string>
  <string name="buyingPlayStrategy">Kjøpe PlayStrategy</string>
  <string name="authorizationToUse">Tillatelse til å bruke PlayStrategy</string>
  <string name="welcomeToUse">Du er velkommen til å bruke PlayStrategy til dine aktiviteter, også kommersielle.</string>
  <string name="videosAndBooks">Du kan vise det i dine videoer og du kan trykke skjermbilder av PlayStrategy i dine bøker.</string>
  <string name="creditAppreciated">Kreditering verdsettes, men er ikke påkrevet.</string>
  <string name="noneOfTheAbove">Intet av det ovenstående</string>
  <string name="sendEmailAt">Send oss en e-post på %s.</string>
  <string name="explainYourRequest">Forklar forespørselen din tydelig og grundig. Oppgi PlayStrategy-brukernavnet ditt og all annen informasjon som kan hjelpe oss med å hjelpe deg.</string>
</resources>
