<?xml version="1.0" encoding="utf-8"?>
<resources>
  <string name="contact">Kontakt</string>
  <string name="contactPlayStrategy">Skontaktuj się z PlayStrategy</string>
  <string name="whatCanWeHelpYouWith">W czym możemy Ci pomóc?</string>
  <string name="visitThisPage">Odwiedź tę stronę, aby rozwiązać problem</string>
  <string name="iCantLogIn">Nie mogę się zalogować</string>
  <string name="noConfirmationEmail">Nie otrzymałem potwierdzenia e-mail</string>
  <string name="forgotPassword">Nie pamiętam hasła</string>
  <string name="forgotUsername">Zapomniałem moją nazwę użytkownika</string>
  <string name="youCanLoginWithEmail">Możesz zalogować się za pomocą adresu e-mail, którego użyłeś podczas rejestracji</string>
  <string name="lost2FA">Utraciłem dostęp do moich kodów uwierzytelniania dwuskładnikowego</string>
  <string name="doPasswordReset">Zresetuj hasło, aby usunąć drugi składnik uwierzytelniania</string>
  <string name="accountSupport">Potrzebuję wsparcia dla konta</string>
  <string name="wantTitle">Chcę, aby mój tytuł był wyświetlany na PlayStrategy</string>
  <string name="visitTitleConfirmation">Aby pokazać swój tytuł na profilu PlayStrategy i wziąć udział w turniejach dla graczy z tytułami, odwiedź stronę potwierdzenia tytułu</string>
  <string name="wantCloseAccount">Chcę zamknąć moje konto</string>
  <string name="closeYourAccount">Możesz zamknąć swoje konto na tej stronie</string>
  <string name="doNotAskByEmail">Nie proś nas o zamknięcie konta przez e-mail, nie zrobimy tego.</string>
  <string name="wantReopen">Chcę ponownie otworzyć moje konto</string>
  <string name="reopenOnThisPage">Możesz ponownie otworzyć swoje konto na tej stronie. Możesz to zrobić tylko raz.</string>
  <string name="doNotAskByEmailToReopen">Nie proś nas o ponowne otworzenie konta przez e-mail, nie zrobimy tego.</string>
  <string name="wantChangeUsername">Chcę zmienić nazwę użytkownika</string>
  <string name="changeUsernameCase">Odwiedź tę stronę, aby zmienić wielkość liter swojej nazwy użytkownika</string>
  <string name="cantChangeMore">Nie możemy zmienić więcej niż wielkość liter. Ze względów technicznych jest to absolutnie niemożliwe.</string>
  <string name="orCloseAccount">Możesz jednak zamknąć swoje bieżące konto i utworzyć nowe.</string>
  <string name="wantClearHistory">Chcę wyczyścić swoją historię lub swój ranking</string>
  <string name="cantClearHistory">Nie jest możliwe wyczyszczenie Twojej historii i rankingu.</string>
  <string name="wantReport">Chcę zgłosić gracza</string>
  <string name="toReportAPlayerUseForm">Aby zgłosić gracza, użyj formularza</string>
  <string name="youCanAlsoReachReportPage">Możesz również dotrzeć do tej strony klikając przycisk raportu %s na stronie profilowej.</string>
  <string name="doNotReportInForum">Nie zgłaszaj graczy na forum.</string>
  <string name="doNotSendReportEmails">Nie wysyłaj nam zgłoszeń na e-mail.</string>
  <string name="doNotMessageModerators">Nie wysyłaj bezpośrednich wiadomości do moderatorów.</string>
  <string name="onlyReports">Skuteczne są tylko zgłoszenia za pomocą formularza.</string>
  <string name="wantReportBug">Chcę zgłosić błąd</string>
  <string name="reportBugInForum">Na forum opinii PlayStrategy</string>
  <string name="reportWebsiteIssue">Jako problem ze stroną PlayStrategy na GitHub</string>
  <string name="reportMobileIssue">Jako problem z aplikacją mobilną PlayStrategy na GitHub</string>
  <string name="reportBugInDiscord">Na serwerze discord PlayStrategy</string>
  <string name="howToReportBug">Opisz proszę jak wygląda błąd, czego się spodziewałeś zamiast tego i kroki do odtworzenia błędu.</string>
  <string name="illegalPawnCapture">Nielegalne bicie piona</string>
  <string name="calledEnPassant">To „bicie w przelocie” i jest jedną z zasad szachów.</string>
  <string name="tryEnPassant">Wypróbuj tę małą interaktywną grę, aby dowiedzieć się więcej o \"biciu w przelocie\".</string>
  <string name="illegalCastling">Nielegalna lub niemożliwa roszada</string>
  <string name="castlingPrevented">Roszada jest zabroniona gdy król przechodzi przez kontrolowane pole.</string>
  <string name="castlingRules">Upewnij się, że rozumiesz reguły roszowania</string>
  <string name="tryCastling">Wypróbuj tę małą interaktywną grę, aby poćwiczyć roszowanie</string>
  <string name="castlingImported">Jeśli zaimportowałeś grę lub rozpocząłeś ją z określonej pozycji, upewnij się, że poprawnie ustawiłeś prawa do roszowania.</string>
  <string name="insufficientMaterial">Niewystarczający materiał do zamatowania</string>
  <string name="fideMate">Zgodnie z zasadami FIDE dotyczącymi szachów § 6.9, jeśli możliwy jest mat dowolną legalną sekwencją ruchów to partia nie jest remisowa</string>
  <string name="knightMate">Można zamatować przeciwnika tylko skoczkiem lub gońcem, jeśli przeciwnik ma więcej niż tylko króla.</string>
  <string name="noRatingPoints">Nie przyznano punktów rankingowych</string>
  <string name="ratedGame">Upewnij się, że grałeś partię rankingową. Zwykłe gry nie mają wpływu na ranking graczy.</string>
  <string name="errorPage">Strona błędu</string>
  <string name="reportErrorPage">Jeśli znalazłeś się na stronie błędu, możesz to zgłosić:</string>
  <string name="banAppeal">Odwołanie od zablokowania konta lub ograniczenia IP</string>
  <string name="engineAppeal">Silnik szachowy lub inne oszustwo</string>
  <string name="sendAppealTo">Możesz wysłać odwołanie do %s.</string>
  <string name="falsePositives">Niestety czasami zdarzają się fałszywe zgłoszenia i przykro nam z tego powodu.</string>
  <string name="ifLegit">Jeśli Twoje odwołanie będzie zasadne, zniesiemy blokadę konta tak szybko jak to tylko możliwe.</string>
  <string name="accountLost">Jednak jeśli rzeczywiście korzystałeś z pomocy silnika szachowego, nawet tylko raz, stracisz swoje konto.</string>
  <string name="doNotDeny">Nie zaprzeczaj oszustwu. Jeśli chcesz mieć prawo do utworzenia nowego konta, wystarczy przyznać się do tego co zrobiłeś oraz pokazać, że rozumiesz, że to był błąd.</string>
  <string name="otherRestriction">Inne ograniczenia</string>
  <string name="collaboration">Współpraca, nota prawna, reklama</string>
  <string name="monetizing">Monetyzacja PlayStrategy</string>
  <string name="buyingPlayStrategy">Kupno PlayStrategy</string>
  <string name="authorizationToUse">Autoryzacja używania PlayStrategy</string>
  <string name="welcomeToUse">Zachęcamy do korzystania z PlayStrategy w swojej działalności, nawet komercyjnej.</string>
  <string name="videosAndBooks">Możesz pokazać to w swoich filmach i możesz prezentować zrzuty ekranu PlayStrategy w swoich książkach.</string>
  <string name="creditAppreciated">Wpłaty są mile widziane, ale nie są wymagane.</string>
  <string name="noneOfTheAbove">Żadne z powyższych</string>
  <string name="sendEmailAt">Wyślij nam e-mail na %s.</string>
  <string name="explainYourRequest">Prosimy o jasne i dokładne wyjaśnienie Twojego wniosku. Podaj swoją nazwę użytkownika PlayStrategy oraz wszelkie informacje, które pomogą nam pomóc Tobie.</string>
</resources>
