<?xml version="1.0" encoding="utf-8"?>
<resources>
  <string name="contact">Kontakt</string>
  <string name="contactPlayStrategy">Kontaktuj PlayStrategy</string>
  <string name="whatCanWeHelpYouWith">Ako ti môžeme pomôcť?</string>
  <string name="visitThisPage">Pre vyriešenie problému navštív túto stránku</string>
  <string name="iCantLogIn">Nemôžem sa prihlásiť</string>
  <string name="noConfirmationEmail">Nedostal som potvrdzovací email</string>
  <string name="forgotPassword">Zabudol som svoje heslo</string>
  <string name="forgotUsername">Zabudol som svoje používateľské meno</string>
  <string name="youCanLoginWithEmail">Môžeš sa prihlásiť s emailovou adresou, ktorú si použil pri registrácii</string>
  <string name="lost2FA">Stratil som prístup k mojím dvojfaktorovým autentifikačným kódom</string>
  <string name="doPasswordReset">Dokonči obnovenie hesla na odstránenie druhého faktoru.</string>
  <string name="accountSupport">Potrebujem poradiť s účtom</string>
  <string name="wantTitle">Chcem aby sa môj titul zobrazoval na PlayStrategy</string>
  <string name="visitTitleConfirmation">Aby sa ukázal Váš titul na PlayStrategy profile, a mohli by ste sa zúčastniť na Arénach pre titulovaných hráčov, navštívte potvrdzovaciu stránku</string>
  <string name="wantCloseAccount">Chcem zatvoriť svoj účet</string>
  <string name="closeYourAccount">Môžeš zatvoriť svoj účet na tejto stránke</string>
  <string name="doNotAskByEmail">Nežiadajte od nás, aby sme Vám zrušili účet cez email, neurobíme to.</string>
  <string name="wantReopen">Chcem opäť aktivovať môj účet</string>
  <string name="reopenOnThisPage">Môžeš znovu aktivovať svoj účet na tejto stránke. Funguje to iba raz.</string>
  <string name="doNotAskByEmailToReopen">Nežiadaj od nás aby sme ti zrušili účet cez email, neurobíme to.</string>
  <string name="wantChangeUsername">Chcem zmeniť svoje používateľské meno</string>
  <string name="changeUsernameCase">Navštívte túto stránku aby ste zmenili veľkosť písmen vo Vašom mene</string>
  <string name="cantChangeMore">Nemôžeme zmeniť viac ako veľkosť písmen. Kvôli technickým dôvodom je to vyložene nemožné.</string>
  <string name="orCloseAccount">Ale môžeš zatvoriť svoj súčasný účet, a vytvoriť si nový.</string>
  <string name="wantClearHistory">Chcem vymazať svoju históriu alebo hodnotenie</string>
  <string name="cantClearHistory">Nieje možné vymazať tvoju históriu hier, šachových rébusov či hodnotenia.</string>
  <string name="wantReport">Chcem nahlásiť hráča</string>
  <string name="toReportAPlayerUseForm">Pre nahlásenie hráča, použite nahlasovací formulár</string>
  <string name="youCanAlsoReachReportPage">Môžeš tiež prejsť na danú stránku kliknutím na %s nahlasovacie tlačidlo na profilovej stránke.</string>
  <string name="doNotReportInForum">Nenahlasuj hráčov cez fórum.</string>
  <string name="doNotSendReportEmails">Neposielaj nám nahlásenie hráča emailom.</string>
  <string name="doNotMessageModerators">Neposielaj správy priamo moderátorom.</string>
  <string name="onlyReports">Nahlásenie hráča je účinné jedine cez nahlasovací formulár.</string>
  <string name="wantReportBug">Chcem nahlásiť chybu</string>
  <string name="reportBugInForum">V sekcii PlayStrategy Feedback na fóre</string>
  <string name="reportWebsiteIssue">Ako problém s webom PlayStrategy na GitHub</string>
  <string name="reportMobileIssue">Ako problém s mobilnou aplikáciou PlayStrategy na GitHub</string>
  <string name="reportBugInDiscord">Na PlayStrategy Discord serveri</string>
  <string name="howToReportBug">Prosím opíšte ako bug vyzerá, čo ste očakávali aby sa miesto neho stalo a kroky ako bug zreprodukovať.</string>
  <string name="illegalPawnCapture">Nedovolené zajatie pešiaka</string>
  <string name="calledEnPassant">Volá sa to \"branie mimochodom\" a je to jedno z pravidiel šachu.</string>
  <string name="tryEnPassant">Vyskúšajte túto malú interaktívnu hru a dozviete sa viac o „en passant“.</string>
  <string name="illegalCastling">Nedovolené alebo nemožné hradenie</string>
  <string name="castlingPrevented">Rošáda je zakázaná, ak kráľ prechádza cez napadnuté pole.</string>
  <string name="castlingRules">Uistite sa, že poznáte pravidlá rošády</string>
  <string name="tryCastling">Vyskúšajte túto malú interaktívnu hru na precvičenie rošády v šachu</string>
  <string name="castlingImported">Ak ste nharali partiu, alebo ste ju začali z pozície, uistite sa, že máte správne nastavené právo rošovať.</string>
  <string name="insufficientMaterial">Nedostatočný matovací materiál</string>
  <string name="fideMate">Podľa príručky FIDE o Pravidlách šachu §6.9, ak je mat možný hocijakou sekvenciou ťahov povolenou pravidlami, hra nie je remíza</string>
  <string name="knightMate">Je možné dať mat iba s jazdcom alebo strelcom, ak súper má viac figúr na šachovnici než len kráľa.</string>
  <string name="noRatingPoints">Neboli udelené žiadne ratingové body</string>
  <string name="ratedGame">Uistite sa, že ste hrali hodnotenú hru. Príležitostné hry nemajú vplyv na hodnotenie hráčov.</string>
  <string name="errorPage">Chybová stránka</string>
  <string name="reportErrorPage">Ak ste narazili na chybovú stránku, môžete ju nahlásiť:</string>
  <string name="banAppeal">Požiadať o zabanovanie hráča alebo obmedzenie IP adresy</string>
  <string name="engineAppeal">Značka motora alebo podvádzania</string>
  <string name="sendAppealTo">Môžete poslať odvolanie na %s.</string>
  <string name="falsePositives">Falošné pozitívy sa niekedy stanú a je nám to ľúto.</string>
  <string name="ifLegit">Ak je vaše odvolanie oprávnené, zákaz ASAP zrušíme.</string>
  <string name="accountLost">Ak ste však skutočne využili pomoc s enginom, hoci len raz, váš účet je bohužiaľ stratený.</string>
  <string name="doNotDeny">Nepopierajte, že ste podvádzali. Ak chcete mať povolenie na založenie nového účtu, jednoducho sa priznajte k tomu, čo ste urobili, a ukážte, že ste pochopili, že to bola chyba.</string>
  <string name="otherRestriction">Iné obmedzenie</string>
  <string name="collaboration">Spolupráca, právna, obchodná</string>
  <string name="monetizing">Monetizovanie PlayStrategy</string>
  <string name="buyingPlayStrategy">Nákup PlayStrategy</string>
  <string name="authorizationToUse">Povolenie na použitie PlayStrategy</string>
  <string name="welcomeToUse">PlayStrategy môžete použiť na svoju činnosť, aj komerčnú.</string>
  <string name="videosAndBooks">Môžete to zobraziť vo svojich videách a môžete si vytlačiť snímky obrazovky s PlayStrategyom vo svojich knihách.</string>
  <string name="creditAppreciated">Kredit sa cení, ale nevyžaduje sa.</string>
  <string name="noneOfTheAbove">Žiadne z uvedených</string>
  <string name="sendEmailAt">Poslať nám email na %s.</string>
  <string name="explainYourRequest">Vysvetlite svoju požiadavku jasne a dôkladne. Uveďte svoje používateľské meno PlayStrategy a všetky informácie, ktoré by nám mohli pomôcť pomôcť vám.</string>
</resources>
