<?xml version="1.0" encoding="utf-8"?>
<resources>
  <string name="contact">Kontakt</string>
  <string name="contactPlayStrategy">Kontaktiraj playstrategy</string>
  <string name="whatCanWeHelpYouWith">S čim vam lahko pomagamo?</string>
  <string name="visitThisPage">Obiščite to stran, da rešite težavo</string>
  <string name="iCantLogIn">Nemorem se vpisati</string>
  <string name="noConfirmationEmail">Nisem prejel potrditvene pošte</string>
  <string name="forgotPassword">Pozabil sem geslo</string>
  <string name="forgotUsername">Pozabil sem uporabniško ime</string>
  <string name="youCanLoginWithEmail">Vpišete se lahko z naslovom elektronske pošte s katero ste se registrirali</string>
  <string name="lost2FA">Izgubil sem dostop do moje dvojne avtentikacijske kode</string>
  <string name="doPasswordReset">Dokončajte ponastavitev gesla, da odstranite svoj drugi dejavnik</string>
  <string name="accountSupport">Potrebujem podporo za račun</string>
  <string name="wantTitle">Želim, da je moj naziv prikazan na PlayStrategy-u</string>
  <string name="visitTitleConfirmation">Za prikaz vašega naziva na vašem PlayStrategy profilu in sodelovanje v naslovni areni, obiščite stran za potrditev naziva</string>
  <string name="wantCloseAccount">Hočem zapreti svoj račun</string>
  <string name="closeYourAccount">Svoj račun lahko zaprete na tej strani</string>
  <string name="doNotAskByEmail">Ne sprašujte nas po elektronski pošti za zaprtje računa, tega ne bomo naredili.</string>
  <string name="wantReopen">Hočem ponovno odpreti svoj račun</string>
  <string name="reopenOnThisPage">Svoj račun lahko ponovno odprete na tej strani. To lahko storite samo enkrat.</string>
  <string name="doNotAskByEmailToReopen">Ne sprašujte nas po elektronski pošti za ponovno odprtje računa, tega ne bomo naredili.</string>
  <string name="wantChangeUsername">Želim spremeniti svoje uporabniško ime</string>
  <string name="changeUsernameCase">Obiščite to stran, da spremenite primer svojega uporabniškega imena</string>
  <string name="cantChangeMore">Ne moremo spremeniti več kot enkrat. Iz tehničnih razlogov je to naravnost nemogoče.</string>
  <string name="orCloseAccount">Vendar lahko zaprete svoj trenutni račun in ustvarite novega.</string>
  <string name="wantClearHistory">Hočem počistiti svojo zgodovino ali rating</string>
  <string name="cantClearHistory">Ni možno pobrisati vaše zgodovine igranih iger, zgodovine ugank ali ratinga.</string>
  <string name="wantReport">Hočem prijaviti igralca</string>
  <string name="toReportAPlayerUseForm">Za prijavo igralca, uporabite obrazec za prijavo</string>
  <string name="youCanAlsoReachReportPage">Do te strani lahko pride tudi s klikom na gumb %s na strani profila uporabnika.</string>
  <string name="doNotReportInForum">Ne prijavite igralcev na forumu.</string>
  <string name="doNotSendReportEmails">Ne pošiljajte nam elektronskih pisem s prijavo.</string>
  <string name="doNotMessageModerators">Ne pošiljajte neposrednih sporočil moderatorjem.</string>
  <string name="onlyReports">Samo prijava igralcev z obrazcem za prijavo je učinkovita.</string>
  <string name="wantReportBug">Hočem prijaviti hrošča</string>
  <string name="reportBugInForum">V PlayStrategy oddelku foruma za povratne informacije</string>
  <string name="reportWebsiteIssue">Kot problem PlayStrategy spletne strani na GitHub</string>
  <string name="reportMobileIssue">Kot problem PlayStrategy mobilne aplikacije na GitHub</string>
  <string name="reportBugInDiscord">Na PlayStrategyovem Discord strežniku</string>
  <string name="howToReportBug">Prosimo, opišite kako hrošč izgleda, kaj ste pričakovali, da se zgodi in koraki za razmnoževanje hrošča.</string>
  <string name="illegalPawnCapture">Nepravilno jemanje kmeta</string>
  <string name="calledEnPassant">Imenuje se \"en passant\" in je eno od pravil šaha.</string>
  <string name="tryEnPassant">Poskusite to interaktivno igro, da se naučite več o jemanju \"en passant\".</string>
  <string name="illegalCastling">Nepravilno ali nemogoče rokiranje</string>
  <string name="castlingPrevented">Rokado preprečimo samo, če gre kralj skozi nadzarovano polje.</string>
  <string name="castlingRules">Prepričajte se, da razumete pravila rokade</string>
  <string name="tryCastling">Preizkusite to malo interaktivno igro, da vadite rokiranje v šahu</string>
  <string name="castlingImported">Če ste igro uvozili ali jo začeli iz položaja, se prepričajte, da pravilno nastavite previce za rokado.</string>
  <string name="insufficientMaterial">Nezadostni material za matiranje</string>
  <string name="fideMate">Po šahovskih pravilih FIDE §6.9, če je mat možen s katerim koli pravnim zaporedjem potez, potem igra ni remi</string>
  <string name="knightMate">Mogoče je matirati samo s skakačem ali lovcem, če nasprotnik nima na šahovnici samo kralja.</string>
  <string name="noRatingPoints">Nobene rating točke niso bile podeljene</string>
  <string name="ratedGame">Prepričajte se, da ste igrali rangirano igro. Običajne igre ne vplivajo na igralčeve ratinge.</string>
  <string name="errorPage">Stran z napako</string>
  <string name="reportErrorPage">Če ste soočeni s stranjo z napako, jo lahko prijavite:</string>
  <string name="banAppeal">Pritožba na prepoved ali omejitev IP</string>
  <string name="engineAppeal">Oznaka za goljufa oziroma uporabnika računalniške pomoči</string>
  <string name="sendAppealTo">Pritožbo lahko pošljete na %s.</string>
  <string name="falsePositives">Včasih se zgodijo lažni pozitivni rezultati in žal nam je zaradi tega.</string>
  <string name="ifLegit">Če je vaša pritožba legitimna, bomo prepoved čim prej odpravili.</string>
  <string name="accountLost">Če ste uporabili računalniško pomoč, pa čeprav samo enkrat, je vaš račun žal izgubljen.</string>
  <string name="doNotDeny">Ne zanikajte, da ste goljufali. Če želite imeti dovoljenje za ustvarjanje novega računa, samo priznajte, kaj ste storili, in pokažite, da ste razumeli, da gre za napako.</string>
  <string name="otherRestriction">Druge omejitve</string>
  <string name="collaboration">Sodelovanje, pravno, komercialno</string>
  <string name="monetizing">Monetizacija PlayStrategy</string>
  <string name="buyingPlayStrategy">Kupovanje PlayStrategy</string>
  <string name="authorizationToUse">Pooblastilo za uporabo PlayStrategya</string>
  <string name="welcomeToUse">Dobrodošli ste, da uporabljate PlayStrategy za vašo aktivnost, tudi komercialno.</string>
  <string name="videosAndBooks">Prikažete ga lahko v svojih videoposnetkih in posnetek zaslona PlayStrategy-a pa lahko natisnete v svojih knjigah.</string>
  <string name="creditAppreciated">Kredit je cenjen, vendar ni potreben.</string>
  <string name="noneOfTheAbove">Nič od naštetega</string>
  <string name="sendEmailAt">Pošljite nam ektronsko pošto na %s.</string>
  <string name="explainYourRequest">Prosimo, pojasnite svojo zahtevo jasno in temeljito. Navedite svoje uporabniško ime PlayStrategy in vse podatke, ki bi nam lahko pomagali, da vam pomagamo.</string>
</resources>
