<?xml version="1.0" encoding="utf-8"?>
<resources>
  <string name="contact">Контакт</string>
  <string name="contactPlayStrategy">Контактирајте Личес</string>
  <string name="whatCanWeHelpYouWith">Како Вам можемо помоћи?</string>
  <string name="visitThisPage">Посетите ову страницу да решите проблем</string>
  <string name="iCantLogIn">Логовање није успело</string>
  <string name="noConfirmationEmail">Нисам примио е-пошту потврде</string>
  <string name="forgotPassword">Заборавио/ла сам лозинку</string>
  <string name="forgotUsername">Заборавио/ла сам корисничко име</string>
  <string name="youCanLoginWithEmail">Можете се улоговати са адресом е-поште са којом сте се пријавили</string>
  <string name="lost2FA">Изгубио/ла сам приступ мојим кодовима за дво-степену аутентикацију</string>
  <string name="doPasswordReset">Приведите крају мењање шифре да бисте уклонили други корак</string>
  <string name="accountSupport">Потребна ми је подршка око налога</string>
  <string name="wantTitle">Желим да се моје звање види на PlayStrategy</string>
  <string name="visitTitleConfirmation">Да би се Ваше звање видело на PlayStrategy налогу, и да бисте учествовали на Titled Arenas (аренама са звањем), посетите страницу за потврђивање</string>
  <string name="wantCloseAccount">Желим затворити свој налог</string>
  <string name="closeYourAccount">Можете затворити ваш налог на овој страници</string>
  <string name="doNotAskByEmail">Не тражите да Вам затворимо налог путем е-поште, нећемо то урадити.</string>
  <string name="wantReopen">Желим да поново отворим свој налог</string>
  <string name="reopenOnThisPage">Можете поново отворити налог на овој страници. Радиће само једном.</string>
  <string name="doNotAskByEmailToReopen">Не тражите да Вам поново отворимо налог путем е-поште, нећемо то урадити.</string>
  <string name="wantChangeUsername">Желим да променим моје корисничко име</string>
  <string name="changeUsernameCase">Посетите ову страницу да бисте променили Ваше корисничко име</string>
  <string name="cantChangeMore">Не можемо променити више од овога. Због техничких разлога, то је просто немогуће.</string>
  <string name="orCloseAccount">Било како било, Ви можете затворити тренутни налог и отворити нови.</string>
  <string name="wantClearHistory">Желим да избришем своју историју и рејтинг</string>
  <string name="cantClearHistory">Није могуће избрисати вашу историју парија ни проблема, као ни рејтинг.</string>
  <string name="wantReport">Желим пријавити играча</string>
  <string name="toReportAPlayerUseForm">Да бисте пријавили играча, користите форму за пријављивање</string>
  <string name="youCanAlsoReachReportPage">Такође можете доћи до те странице ако притиснете на %s пријави дугме на страници налога.</string>
  <string name="doNotReportInForum">Не пријављуј играче на форуму.</string>
  <string name="doNotSendReportEmails">Не шаљите нам пријаве е-поштом.</string>
  <string name="doNotMessageModerators">Не шаљите поруке модераторима директно.</string>
  <string name="onlyReports">Само пријаве путем форме за пријављивање ће бити узете у разматрање.</string>
  <string name="wantReportBug">Желим да пријавим грешку</string>
  <string name="reportBugInForum">У делу форума PlayStrategy Feedback</string>
  <string name="reportWebsiteIssue">Као проблем PlayStrategy сајта на GitHub-у</string>
  <string name="reportMobileIssue">Као проблем PlayStrategy мобилне апликације на GitHub-у</string>
  <string name="reportBugInDiscord">На PlayStrategy Discord серверу</string>
  <string name="howToReportBug">Молимо Вас да опишете како проблем изледа, шта сте очекивали да се деси, и кораке како да се проузрокује.</string>
  <string name="illegalPawnCapture">Недозвољено једење пешака</string>
  <string name="calledEnPassant">Назива се \"ан пасан\" и представља једно од правила шаха.</string>
  <string name="tryEnPassant">Испробај ову малу интерактивну игру како би научио више о \"ан пасану\".</string>
  <string name="illegalCastling">Илегална или немогућа рокада</string>
  <string name="castlingPrevented">Рокада је забрањена само ако краљ пролази кроз контролисано поље.</string>
  <string name="castlingRules">Увери се да разумеш правила рокаде</string>
  <string name="tryCastling">Пробај ову малу интерактивну игру како би увежбао рокаду у шаху</string>
  <string name="castlingImported">Ако сте увезли партију или сте је почели из позиције, проверите да ли сте добро наместили право за рокаду.</string>
  <string name="insufficientMaterial">Недовољно материјала за мат</string>
  <string name="fideMate">По FIDE Laws of Chess §6.9, ако је мат могућ са било којим редоследом легалних потеза, партија није реми</string>
  <string name="knightMate">Могуће је матирати уз помоћ само коња или ловца, ако противник има фигура сем краља.</string>
  <string name="noRatingPoints">Рејтинг поени нису додељени</string>
  <string name="ratedGame">Проверите да ли сте одиграли рангирану партију. Неформалне партије не мењају рејтинг играча.</string>
  <string name="errorPage">Страница са грешком</string>
  <string name="reportErrorPage">Ако вам је приказана страница са грешком, можете је пријавити:</string>
  <string name="banAppeal">Жалба у вези бана или ИП рестрикције</string>
  <string name="sendAppealTo">Можеш послати жалбу %s.</string>
  <string name="falsePositives">Грешке се могу дешавати понекад, и нама је жао због тога.</string>
  <string name="ifLegit">Ако је твоја жалба легитимна, уклонићемо забрану што пре.</string>
  <string name="accountLost">Ипак, ако сте заиста користили асистенцију рачунара, чак и само једном, ваш налог ће, нажалост, бити изгубљен.</string>
  <string name="doNotDeny">Немојте порицати да сте варали. Ако желиш дозволу да направиш нови налог, само признај шта си починио и покажи да си разумео да је то била грешка.</string>
  <string name="otherRestriction">Остале забране</string>
  <string name="collaboration">Колаборације, легално, комерцијално</string>
  <string name="monetizing">Монетизација Личеса</string>
  <string name="buyingPlayStrategy">Куповина Личеса</string>
  <string name="authorizationToUse">Ауторизација за коришћење Личеса</string>
  <string name="welcomeToUse">Добродошли сте користити Личес за своје активности, чак и комерцијалне.</string>
  <string name="videosAndBooks">Можеш га приказивати у својим снимцима, или штампати слике Личеса у својим књигама.</string>
  <string name="noneOfTheAbove">Ништа од наведеног</string>
  <string name="sendEmailAt">Пошаљите нам мејл на адресу %s.</string>
  <string name="explainYourRequest">Молимо објасните ваш захтев јасно и темељно. Напишите своје PlayStrategy корисничко име и било које информације које нам могу помоћи да вам помогнемо.</string>
</resources>
