<?xml version="1.0" encoding="utf-8"?>
<resources>
  <string name="contact">Kontakt</string>
  <string name="contactPlayStrategy">Kontakta PlayStrategy</string>
  <string name="whatCanWeHelpYouWith">Vad kan vi hjälpa dig med?</string>
  <string name="visitThisPage">Besök denna sida för att lösa problemet</string>
  <string name="iCantLogIn">Jag kan inte logga in</string>
  <string name="noConfirmationEmail">Jag får inte mitt bekräftelsemejl</string>
  <string name="forgotPassword">Jag har glömt mitt lösenord</string>
  <string name="forgotUsername">Jag har glömt mitt användarnamn</string>
  <string name="youCanLoginWithEmail">Du kan logga in med den e-postadress du registrerade dig med</string>
  <string name="lost2FA">Jag har förlorat åtkomst till mina tvåfaktorsautentiseringskoder</string>
  <string name="doPasswordReset">Återställ ditt lösenord för att ta bort din andra faktor</string>
  <string name="accountSupport">Jag behöver kontosupport</string>
  <string name="wantTitle">Jag vill att min titel visas på PlayStrategy</string>
  <string name="visitTitleConfirmation">För att visa din titel på din PlayStrategy-profil, och delta i Titled Arenas, besök titelns bekräftelsesida</string>
  <string name="wantCloseAccount">Jag vill avsluta mitt konto</string>
  <string name="closeYourAccount">Du kan stänga ditt konto på denna sida</string>
  <string name="doNotAskByEmail">Be oss inte via e-post att stänga ett konto, det kommer vi inte att göra.</string>
  <string name="wantReopen">Jag vill öppna mitt konto igen</string>
  <string name="reopenOnThisPage">Du kan öppna ditt konto på denna sida. Det fungerar bara en gång.</string>
  <string name="doNotAskByEmailToReopen">Be oss inte via e-post att öppna ett konto igen, det gör vi inte.</string>
  <string name="wantChangeUsername">Jag vill ändra mitt användarnamn</string>
  <string name="changeUsernameCase">Besök denna sida för att ändra gemener till versaler eller versaler till gemener i ditt användarnamn</string>
  <string name="cantChangeMore">Vi kan inte ändra mer än shiftläget. Av tekniska skäl är det rent ut sagt omöjligt.</string>
  <string name="orCloseAccount">Du kan dock stänga ditt nuvarande konto och skapa ett nytt.</string>
  <string name="wantClearHistory">Jag vill rensa min historik eller rating</string>
  <string name="cantClearHistory">Det är inte möjligt att rensa din partihistorik, historik för schackproblem eller rating.</string>
  <string name="wantReport">Jag vill rapportera en spelare</string>
  <string name="toReportAPlayerUseForm">Använd rapportformuläret för att rapportera en spelare</string>
  <string name="youCanAlsoReachReportPage">Du kan också nå den sidan genom att klicka på knappen %s rapportera på en profilsida.</string>
  <string name="doNotReportInForum">Rapportera inte spelare i forumet.</string>
  <string name="doNotSendReportEmails">Skicka oss inte rapporter via e-post.</string>
  <string name="doNotMessageModerators">Skicka inte direkta meddelanden till moderatorer.</string>
  <string name="onlyReports">Att bara rapportera spelare via rapportformuläret är effektivt.</string>
  <string name="wantReportBug">Jag vill rapportera ett programfel</string>
  <string name="reportBugInForum">I Forumet: PlayStrategy Feedback</string>
  <string name="reportWebsiteIssue">Som ett PlayStrategy-webbplatsärende på GitHub</string>
  <string name="reportMobileIssue">Som ett PlayStrategy-mobilappärende på GitHub</string>
  <string name="reportBugInDiscord">På PlayStrategy Discord-server</string>
  <string name="howToReportBug">Var vänlig, beskriv hur felet ser ut, vad du förväntade dig att hända istället, och stegen för att reproducera felet.</string>
  <string name="illegalPawnCapture">Otillåtet bondeslag</string>
  <string name="calledEnPassant">Det kallas \"en passant\" och är en av schackreglerna.</string>
  <string name="tryEnPassant">Prova detta lilla interaktiva spel för att lära dig mer om \"en passant\".</string>
  <string name="illegalCastling">Otillåten eller omöjlig rockad</string>
  <string name="castlingPrevented">Rockad förhindras endast om kungen går över en kontrollerat ruta.</string>
  <string name="castlingRules">Se till att du förstår reglerna för rockad</string>
  <string name="tryCastling">Prova detta lilla interaktiva spel att öva på att göra rockad i schack</string>
  <string name="castlingImported">Om du importerade spelet, eller startade det från en position, se till att du ställa in korrekta rockad-rättigheter.</string>
  <string name="insufficientMaterial">Otillräckligt material för schackmatt</string>
  <string name="fideMate">Enligt \"FIDE Laws of Chess\" §6.9: Om det är möjligt att göra schackmatt med vilken som helst tillåten sekvens av drag, då är partiet inte remi</string>
  <string name="knightMate">Det kan vara möjligt att göra schackmatt med endast en springare eller löpare, om motståndaren har mer än en kung på brädet.</string>
  <string name="noRatingPoints">Inga rating-poäng tilldelades</string>
  <string name="ratedGame">Försäkra dig om att du spelade ett rankat parti. Orankade partier påverkar inte spelarnas rating.</string>
  <string name="errorPage">Felsida</string>
  <string name="reportErrorPage">Om du stöter på en felsida, kan du rapportera det:</string>
  <string name="banAppeal">Överklaga en avstängning eller IP-begränsning</string>
  <string name="engineAppeal">Schackmotor eller fuskstämpel</string>
  <string name="sendAppealTo">Du kan skicka ett överklagande till %s.</string>
  <string name="falsePositives">Falska positiva saker händer ibland, och vi beklagar det.</string>
  <string name="ifLegit">Om ditt överklagande är giltigt, kommer vi att häva förbudet så fort som möjligt.</string>
  <string name="accountLost">Men om du verkligen använde motorhjälp, om så bara en gång, då är ditt konto tyvärr förlorat.</string>
  <string name="doNotDeny">Förneka inte om du har fuskat. Om du vill få skapa ett nytt konto, bara erkänna vad du gjorde, och visa att du förstod att det var ett misstag.</string>
  <string name="otherRestriction">Annan begränsning</string>
  <string name="collaboration">Samarbete, juridiskt och kommersiellt</string>
  <string name="monetizing">Tjäna pengar på PlayStrategy</string>
  <string name="buyingPlayStrategy">Köpa PlayStrategy</string>
  <string name="authorizationToUse">Tillåtelse att använda PlayStrategy</string>
  <string name="welcomeToUse">Du är välkommen att använda PlayStrategy för din verksamhet, även kommersiell.</string>
  <string name="videosAndBooks">Du kan visa det i dina videor, och du kan skriva ut skärmdumpar av PlayStrategy i dina böcker.</string>
  <string name="creditAppreciated">Erkännande uppskattas men krävs inte.</string>
  <string name="noneOfTheAbove">Inget av ovanstående</string>
  <string name="sendEmailAt">Skicka ett mejl till oss på %s.</string>
  <string name="explainYourRequest">Vänligen förklara din begäran tydligt och grundligt. Ange ditt PlayStrategy-användarnamn och annan information som kan hjälpa oss att hjälpa dig.</string>
</resources>
