<?xml version="1.0" encoding="utf-8"?>
<resources>
  <string name="contact">İletişim</string>
  <string name="contactPlayStrategy">PlayStrategy ile iletişime geçin</string>
  <string name="whatCanWeHelpYouWith">Size ne konuda yardımcı olabiliriz?</string>
  <string name="visitThisPage">Sorununuzu çözmek için bu sayfayı ziyaret edin</string>
  <string name="iCantLogIn">Giriş yapamıyorum</string>
  <string name="noConfirmationEmail">Hesap doğrulama e-postasını almadım</string>
  <string name="forgotPassword">Şifremi unuttum</string>
  <string name="forgotUsername">Kullanıcı adımı unuttum</string>
  <string name="youCanLoginWithEmail">Üye olduğunuz e-posta adresini kullanarak giriş yapabilirsiniz</string>
  <string name="lost2FA">Çok faktörlü kimlik doğrulaması kodlarıma erişimi kaybettim</string>
  <string name="doPasswordReset">İkinci faktörü kaldırmak için şifrenizi sıfırlayın</string>
  <string name="accountSupport">Hesabımla ilgili yardıma ihtiyacım var</string>
  <string name="wantTitle">Unvanımın PlayStrategy\'te görünmesini istiyorum</string>
  <string name="visitTitleConfirmation">PlayStrategy profilinizde unvanınızı göstermek ve Unvanlı Arenalar\'a katılmak için unvan doğrulama sayfasını ziyaret edin</string>
  <string name="wantCloseAccount">Hesabımı kapatmak istiyorum</string>
  <string name="closeYourAccount">Hesabınızı bu sayfadan kapatabilirsiniz</string>
  <string name="doNotAskByEmail">Hesabınızı kapatmak için lütfen bize e-posta göndermeyin. Öyle bir şey yapmıyoruz.</string>
  <string name="wantReopen">Hesabımı yeniden açmak istiyorum</string>
  <string name="reopenOnThisPage">Bu sayfayı kullanarak hesabınızı yeniden açabilirsiniz. Bu işlem sadece bir kere yapılabilir.</string>
  <string name="doNotAskByEmailToReopen">Hesabınızı yeniden açmak için lütfen bize e-posta göndermeyin. Öyle bir şey yapmıyoruz.</string>
  <string name="wantChangeUsername">Kullanıcı adımı değiştirmek istiyorum</string>
  <string name="changeUsernameCase">Kullanıcı adınızda büyük ve küçük harf değişiklikleri yapmak için bu sayfayı ziyaret edin</string>
  <string name="cantChangeMore">Büyük ve küçük harfler dışında kullanıcı adınızı değiştiremeyiz. Teknik sebepler yüzünden bu durum mümkün değil.</string>
  <string name="orCloseAccount">Yine de mevcut hesabınızı kapatıp yeni bir hesap açabilirsiniz.</string>
  <string name="wantClearHistory">Oyun geçmişimi veya puanımı sıfırlamak istiyorum</string>
  <string name="cantClearHistory">Oyun geçmişinizi, bulmaca geçmişinizi veya puanlarınızı sıfırlamamız maalesef mümkün değil.</string>
  <string name="wantReport">Bir oyuncuyu şikâyet etmek istiyorum</string>
  <string name="toReportAPlayerUseForm">Bir oyuncuyu şikayet etmek için şikayet formunu kullanınız</string>
  <string name="youCanAlsoReachReportPage">Ayrıca, oyuncunun profilindeki %s butonuna tıklayarak şikâyet formuna ulaşabilirsiniz.</string>
  <string name="doNotReportInForum">Forumdaki oyuncular için şikâyette bulunmayın.</string>
  <string name="doNotSendReportEmails">Bize şikâyet e-postaları göndermeyin.</string>
  <string name="doNotMessageModerators">Moderatörlere doğrudan mesaj yazmayın.</string>
  <string name="onlyReports">Yalnızca şikâyet formunu kullanarak sorunu çözebilirsiniz.</string>
  <string name="wantReportBug">Sitede bir yazılım hatası fark ettim</string>
  <string name="reportBugInForum">PlayStrategy Geri Bildirim Forumu üzerinden</string>
  <string name="reportWebsiteIssue">PlayStrategy İnternet sitesi sorunları adı altında GitHub üzerinden</string>
  <string name="reportMobileIssue">PlayStrategy mobil uygulaması sorunları adı altında GitHub üzerinden</string>
  <string name="reportBugInDiscord">ve PlayStrategy Discord sunucusundan bize iletebilirsiniz</string>
  <string name="howToReportBug">Lütfen yazılım hatasını tarif edin. Hatayı yaşadığınızda ne ile karşılaşmayı bekliyordunuz ve hangi adımları izledikten sonra hata meydan geldi?</string>
  <string name="illegalPawnCapture">Kural dışı piyon hareketi</string>
  <string name="calledEnPassant">Buna \"geçerken alma\" denir ve bu hareket satrancın kurallarından biridir.</string>
  <string name="tryEnPassant">\"Geçerken alma\" hakkında daha fazla bilgi edinmek için bu etkileşimli oyunu deneyin.</string>
  <string name="illegalCastling">Kural dışı rok atma</string>
  <string name="castlingPrevented">Şah yalnızca rakibin taşlarının tehdit ettiği bir kareden geçiyorsa rok engellenir.</string>
  <string name="castlingRules">Rok atma kurallarını tam olarak anladığınızdan emin olun</string>
  <string name="tryCastling">Rok atma ile ilgili egzersiz yapmak için bu etkileşimli oyunu deneyin</string>
  <string name="castlingImported">Eğer maçı siteye kendiniz yüklediyseniz veya maça farklı bir pozisyondan başladıysanız rok atma ayarlarını doğru ayarladığınızdan emin olun.</string>
  <string name="insufficientMaterial">Rakibin mat edecek taşı olmamasına rağmen mağlup sayıldım</string>
  <string name="fideMate">FIDE Satranç Kuralları 6.9 numaralı madde uyarınca, herhangi bir kurallı hamle dizisi sonucunda şah-mat ihtimali varsa maç berabere bitmez</string>
  <string name="knightMate">Eğer rakipte şah dışında herhangi bir taş var ise, yalnızca at ve ya fil ile mat edilebilir.</string>
  <string name="noRatingPoints">Maçtan oyun puanı kazanmadım</string>
  <string name="ratedGame">Puanlı bir oyun oynadığınızdan emin olun. Puansız oyunlar oyun puanınızı etkilemez.</string>
  <string name="errorPage">Hata sayfası</string>
  <string name="reportErrorPage">Bir hata mesajı alırsanız lütfen bize bildirin:</string>
  <string name="banAppeal">Yasaklamaya itiraz et</string>
  <string name="engineAppeal">Satranç motoru ya da hile tespit edildi</string>
  <string name="sendAppealTo">Başvurunuzu bu adrese gönderebilirsiniz: %s .</string>
  <string name="falsePositives">Bazen yanlış şeyler olabilir, bunun için üzgünüz.</string>
  <string name="ifLegit">Eğer başvurunuz geçerliyse yasağınızı hemen kaldıracağız.</string>
  <string name="accountLost">Fakat bir satranç motorundan, bir kez bile olsa, yardım aldıysanız hesabınızı maalesef kaybedersiniz.</string>
  <string name="doNotDeny">Hile yaptığınızı inkâr etmeyin. Yeni bir hesap açmanıza izin verilmesini istiyorsanız hile yaptığınızı kabul edin ve bunun bir hata olduğunu anladığınızı gösterin.</string>
  <string name="otherRestriction">Başka bir itiraz</string>
  <string name="collaboration">İş birliği, yasal ve ticari işlemler</string>
  <string name="monetizing">PlayStrategy üzerinden para kazanmak</string>
  <string name="buyingPlayStrategy">PlayStrategy\'i satın almak</string>
  <string name="authorizationToUse">PlayStrategy\'i kullanabilme yetkisi</string>
  <string name="welcomeToUse">PlayStrategy\'i ticaret amacıyla kullanabilirsiniz.</string>
  <string name="videosAndBooks">PlayStrategy\'ten aldığınız bir ekran görüntüsünü kitaplarınızda ya da videolarınızda gösterebilirsiniz.</string>
  <string name="creditAppreciated">Bizden bahsetmenize gerek yok ama fena da olmazdı.</string>
  <string name="noneOfTheAbove">Yukarıdakilerden hiçbiri</string>
  <string name="sendEmailAt">%s üzerinden bize bir e-posta gönderin.</string>
  <string name="explainYourRequest">Lütfen talebinizi açık ve eksiksiz bir şekilde açıklayın. PlayStrategy kullanıcı adınızı ve size yardımcı olmamıza katkıda bulunacak bilgileri belirtin.</string>
</resources>
