<?xml version="1.0" encoding="utf-8"?>
<resources>
  <string name="contact">Контакт</string>
  <string name="contactPlayStrategy">Элемтә PlayStrategy</string>
  <string name="whatCanWeHelpYouWith">Без сезгә нәрсә ярдәм итә алабыз?</string>
  <string name="visitThisPage">Мәсьәләне чишү өчен бу биткә керегез</string>
  <string name="iCantLogIn">Мин керә алмыйм</string>
  <string name="noConfirmationEmail">Мин раслау электрон почтасын алмадым</string>
  <string name="forgotPassword">Мин оныттым серсүзне</string>
  <string name="forgotUsername">Мин оныттым кулланучы исемен</string>
  <string name="youCanLoginWithEmail">Сез үзегез язган электрон почта адресы белән керә аласыз</string>
  <string name="lost2FA">Мин ике фактор аутентификация кодларына керү мөмкинлеген югалттым</string>
  <string name="doPasswordReset">Икенче факторны бетерү өчен серсүзне яңадан торгызыгыз</string>
  <string name="accountSupport">Миңа хисап ярдәме кирәк</string>
  <string name="wantTitle">Минем исемемнең PlayStrategyда күрсәтелүен телим</string>
  <string name="visitTitleConfirmation">PlayStrategy профилегездә титулыгызны күрсәтү, һәм Абруйлы Мәйдандада катнашу өчен, исемне раслау битенә керегез</string>
  <string name="wantCloseAccount">Минем хисабымны ябасым килә</string>
  <string name="closeYourAccount">Сез бу биттә хисабыгызны яба аласыз</string>
  <string name="errorPage">Хата бите</string>
  <string name="banAppeal">Тыю яки IP чикләү өчен мөрәҗәгать итү</string>
  <string name="engineAppeal">Энҗин яки алдау билгесе</string>
  <string name="sendAppealTo">Сез %s мөрәҗәгать җибәрә аласыз.</string>
  <string name="falsePositives">Ялган позитивлар кайвакыт була, һәм без моның өчен гафу итәбез.</string>
  <string name="ifLegit">Сезнең мөрәҗәгать хак булса, без ASAP тыюын бетерәчәкбез.</string>
  <string name="accountLost">Ләкин сез чыннан да энҗин ярдәмен кулланган булсагыз, кызганычка каршы, хисапыгыз юкка чыга.</string>
  <string name="otherRestriction">Башка чикләү</string>
  <string name="collaboration">Хезмәттәшлек, хокукый, коммерция</string>
  <string name="monetizing">Акча алу PlayStrategy</string>
  <string name="buyingPlayStrategy">PlayStrategy сатып алу</string>
  <string name="authorizationToUse">PlayStrategy кулланырга рөхсәт</string>
  <string name="welcomeToUse">Сез PlayStrategy сезнең эшчәнлек өчен кулланырга рөхсәт итегез, хәтта коммерция.</string>
  <string name="videosAndBooks">Сез аны видеоларыгызда күрсәтә аласыз, һәм сез PlayStrategy скриншотларын китапларыгызда бастыра аласыз.</string>
  <string name="creditAppreciated">Кредит бәяләнә, ләкин кирәк түгел.</string>
  <string name="noneOfTheAbove">Боларның берсе дә түгел</string>
  <string name="sendEmailAt">Безгә %s адресында электрон почта җибәрегез.</string>
  <string name="explainYourRequest">Зинһар, сезнең үтенечегезне ачык һәм җентекләп аңлатыгыз. Сезнең PlayStrategy кулланучы исемен күрсәтегез, һәм сезгә ярдәм итә алырлык мәгълүмат.</string>
</resources>
