<?xml version="1.0" encoding="utf-8"?>
<resources>
  <string name="contact">Контакти</string>
  <string name="contactPlayStrategy">Зв\'язатися з PlayStrategy</string>
  <string name="whatCanWeHelpYouWith">З чим ми можемо Вам допомогти?</string>
  <string name="visitThisPage">Відвідайте цю сторінку, щоб вирішити проблему</string>
  <string name="iCantLogIn">Я не можу увійти</string>
  <string name="noConfirmationEmail">Я не отримав лист з підтвердженням</string>
  <string name="forgotPassword">Я забув пароль</string>
  <string name="forgotUsername">Я забув ім\'я користувача</string>
  <string name="youCanLoginWithEmail">Ви можете увійти за допомогою електронної пошти, за допомогою якої Ви зареєструвалися</string>
  <string name="lost2FA">Я втратив доступ до моїх кодів двофакторної аутентифікації</string>
  <string name="doPasswordReset">Завершіть скидання пароля щоб видалити вашу двофакторну аутентифікацію</string>
  <string name="accountSupport">Мені потрібна підтримка з обліковим записом</string>
  <string name="wantTitle">Я хочу, щоб мій титул був відображений на PlayStrategy</string>
  <string name="visitTitleConfirmation">Для показу Вашого титулу в профілі PlayStrategy та участі в Титулованих Аренах, відвідайте сторінку підтвердження титулу</string>
  <string name="wantCloseAccount">Я хочу закрити свій обліковий запис</string>
  <string name="closeYourAccount">Ви можете закрити обліковий запис на цій сторінці</string>
  <string name="doNotAskByEmail">Не просіть нас закрити обліковий запис по електронній пошті, ми цього не робитимемо.</string>
  <string name="wantReopen">Я хочу повторно відкрити свій обліковий запис</string>
  <string name="reopenOnThisPage">Ви можете відновити свій обліковий запис на цій сторінці. Це можна зробити лише один раз.</string>
  <string name="doNotAskByEmailToReopen">Не просіть нас відновити обліковий запис по електронній пошті, ми цього не робитимемо.</string>
  <string name="wantChangeUsername">Я хочу змінити своє ім\'я користувача</string>
  <string name="changeUsernameCase">Відвідайте цю сторінку, щоб змінити регістр літер вашого імені користувача</string>
  <string name="cantChangeMore">Ми не можемо змінити нічого окрім регістра літер. З технічних причин це неможливо.</string>
  <string name="orCloseAccount">Однак Ви можете закрити поточний обліковий запис і створити новий.</string>
  <string name="wantClearHistory">Я хочу очистити свою історію або рейтинг</string>
  <string name="cantClearHistory">Неможливо очистити історію ігор, шахових задач або рейтинг.</string>
  <string name="wantReport">Я хочу поскаржитись на гравця</string>
  <string name="toReportAPlayerUseForm">Щоб поскаржитись на гравця, використовуйте форму звіту</string>
  <string name="youCanAlsoReachReportPage">Ви також можете перейти на цю сторінку, натиснувши кнопку звіту %s на сторінці профілю.</string>
  <string name="doNotReportInForum">Не скаржтесь на гравців на форумі.</string>
  <string name="doNotSendReportEmails">Не надсилайте нам листи зі скаргами.</string>
  <string name="doNotMessageModerators">Не надсилайте особисті повідомлення модераторам.</string>
  <string name="onlyReports">Лише скарги на гравців через форму скарг є ефективними.</string>
  <string name="wantReportBug">Я хочу повідомити про помилку</string>
  <string name="reportBugInForum">У розділі Зворотній зв\'язок на форумі PlayStrategy</string>
  <string name="reportWebsiteIssue">На сторінці проблем сайту PlayStrategy на GitHub</string>
  <string name="reportMobileIssue">На сторінці проблем мобільного додатку PlayStrategy на GitHub</string>
  <string name="reportBugInDiscord">На сервері PlayStrategy в Discord</string>
  <string name="howToReportBug">Будь ласка, опишіть як виглядає помилка, що Ви очікували замість неї і які кроки для відтворення помилки.</string>
  <string name="illegalPawnCapture">Недозволене захоплення пішаком</string>
  <string name="calledEnPassant">Це називається \"взяття на проході\" і є одним із правил шахів.</string>
  <string name="tryEnPassant">Спробуйте цю маленьку інтерактивну гру, щоб дізнатися більше про \"взяття на проході\".</string>
  <string name="illegalCastling">Недозволена чи неможлива рокіровка</string>
  <string name="castlingPrevented">Рокіровка заборонена у випадку, якщо король йде через контрольоване поле.</string>
  <string name="castlingRules">Переконайтеся, що ви розумієте правила рокіровки</string>
  <string name="tryCastling">Спробуйте цю маленьку інтерактивну гру для практики рокіровки в шахах</string>
  <string name="castlingImported">Якщо Ви імпортували гру або почали її з позиції, переконайтеся, що правильно встановили правила рокіровки.</string>
  <string name="insufficientMaterial">Недостатньо фігур для мату</string>
  <string name="fideMate">Згідно зі статтею 6.9 Правил шахів FIDE, якщо мат можливий з будь-якою правильною послідовністю ходів, то гра не вважається нічийною</string>
  <string name="knightMate">Можна поставити мат лише конем або слоном, якщо суперник має фігури окрім короля.</string>
  <string name="noRatingPoints">Рейтингові бали не нараховані</string>
  <string name="ratedGame">Переконайтеся, що Ви зіграли рейтингову гру. Дружні ігри не впливають на рейтинги гравців.</string>
  <string name="errorPage">Сторінка помилки</string>
  <string name="reportErrorPage">Якщо Ви зіткнулися з повідомленням про помилку, Ви можете повідомити про це:</string>
  <string name="banAppeal">Оскарження бану або обмеження за IP-адресою</string>
  <string name="engineAppeal">Відмітка про використання шахового рушія або нечесну гру</string>
  <string name="sendAppealTo">Ви можете надіслати оскарження на %s.</string>
  <string name="falsePositives">Іноді трапляються хибні спрацювання, нам шкода за це.</string>
  <string name="ifLegit">Якщо Ваше оскарження визнають законними, ми знімемо блокування якнайшвидше.</string>
  <string name="accountLost">Однак якщо Ви дійсно використовували допомогу шахових рушіїв, навіть один раз, Ваш обліковий запис, на жаль, буде втрачено.</string>
  <string name="doNotDeny">Не заперечуйте нечесну гру. Якщо Ви хочете мати можливість створити новий обліковий запис, просто визнайте те, що Ви зробили, і покажіть, що Ви зрозуміли, що це була помилка.</string>
  <string name="otherRestriction">Інші обмеження</string>
  <string name="collaboration">Співпраця, юридична, комерційна</string>
  <string name="monetizing">Монетизація PlayStrategy</string>
  <string name="buyingPlayStrategy">Купівля PlayStrategy</string>
  <string name="authorizationToUse">Авторизація для використання PlayStrategy</string>
  <string name="welcomeToUse">Ви можете використовувати PlayStrategy для своєї діяльності, навіть комерційної.</string>
  <string name="videosAndBooks">Ви можете показувати в своїх відео, і друкувати скріншоти з PlayStrategy у Ваших книгах.</string>
  <string name="creditAppreciated">Припис про використання цінується, але не є обов\'язковим.</string>
  <string name="noneOfTheAbove">Жодне з перерахованих</string>
  <string name="sendEmailAt">Надішліть нам електронного листа за адресою %s.</string>
  <string name="explainYourRequest">Будь ласка, поясніть Ваш запит чітко і ретельно. Вкажіть Ваше ім\'я користувача PlayStrategy та будь-яку інформацію, що допоможе нам допомогти Вам.</string>
</resources>
