<?xml version="1.0" encoding="utf-8"?>
<resources>
  <string name="contact">Liên hệ</string>
  <string name="contactPlayStrategy">Liên hệ PlayStrategy</string>
  <string name="whatCanWeHelpYouWith">Chúng tôi có thể giúp gì cho bạn?</string>
  <string name="visitThisPage">Truy cập trang này để giải quyết vấn đề</string>
  <string name="iCantLogIn">Tôi không thể đăng nhập được</string>
  <string name="noConfirmationEmail">Tôi không nhận được email xác nhận</string>
  <string name="forgotPassword">Tôi đã quên mật khẩu của mình</string>
  <string name="forgotUsername">Tôi đã quên tên đăng nhập của mình</string>
  <string name="youCanLoginWithEmail">Bạn có thể đăng nhập bằng địa chỉ email mà bạn đăng kí</string>
  <string name="lost2FA">Tôi đã mất khả năng truy cập mã bảo mật 2 lớp của mình</string>
  <string name="doPasswordReset">Thực hiện reset mật khẩu để xóa bỏ bảo mật 2 lớp</string>
  <string name="accountSupport">Tôi cần hỗ trợ tài khoản</string>
  <string name="wantTitle">Tôi muốn danh hiệu của mình hiển thị trên PlayStrategy</string>
  <string name="visitTitleConfirmation">Để hiện danh hiệu của bạn trên trang cá nhân PlayStrategy của bạn, và tham dự các Titled Arena, hãy truy cập đến trang xác nhận danh hiệu</string>
  <string name="wantCloseAccount">Tôi muốn đóng tài khoản của mình</string>
  <string name="closeYourAccount">Bạn có thể đóng tài khoản của mình tại trang này</string>
  <string name="doNotAskByEmail">Xin vui lòng không yêu cầu chúng tôi đóng tài khoản của bạn qua email, chúng tôi sẽ không giải quyết.</string>
  <string name="wantReopen">Tôi muốn mở lại tài khoản của mình</string>
  <string name="reopenOnThisPage">Bạn có thể mở lại tài khoản của mình tại trang này. Nó chỉ hoạt động một lần duy nhất.</string>
  <string name="doNotAskByEmailToReopen">Xin vui lòng không yêu cầu chúng tôi mở lại tài khoản của bạn qua email, chúng tôi sẽ không giải quyết.</string>
  <string name="wantChangeUsername">Tôi muốn thay đổi tên đăng nhập của mình</string>
  <string name="changeUsernameCase">Xem trang này để thay đổi chữ cái tên người dùng</string>
  <string name="cantChangeMore">Chúng tôi không thể đổi nhiều chữ cái hơn. Vì lý do kỹ thuật, điều đó dứt khoát không thể.</string>
  <string name="orCloseAccount">Tuy nhiên, bạn có thể đóng tài khoản hiện tại của mình, và tạo một tài khoản mới.</string>
  <string name="wantClearHistory">Tôi muốn xóa lịch sử hoặc hệ số</string>
  <string name="cantClearHistory">Bạn không thể xóa lịch sử các ván đấu, giải đố hay hệ số.</string>
  <string name="wantReport">Tôi muốn gửi báo cáo về một người chơi</string>
  <string name="toReportAPlayerUseForm">Để báo cáo một người chơi, dùng mẫu báo cáo</string>
  <string name="youCanAlsoReachReportPage">Bạn cũng có thể truy cập trang đó bằng cách bấm vào nút báo báo %s trên một trang cá nhân.</string>
  <string name="doNotReportInForum">Vui lòng không báo cáo người chơi trong diên đàn.</string>
  <string name="doNotSendReportEmails">Vui lòng không gửi cho chúng tôi email báo cáo.</string>
  <string name="doNotMessageModerators">Vui lòng không gửi tin nhắn trực tiếp đến các moderator.</string>
  <string name="onlyReports">Chỉ những báo cáo người chơi thông qua biểu mẫu báo cáo mới có hiệu quả.</string>
  <string name="wantReportBug">Tôi muốn gửi báo cáo về bug</string>
  <string name="reportBugInForum">Trong diễn đàn phản hồi PlayStrategy</string>
  <string name="reportWebsiteIssue">Bằng một issue về website PlayStrategy trên Github</string>
  <string name="reportMobileIssue">Bằng một issue cho ứng dụng mobile PlayStrategy trên Github</string>
  <string name="reportBugInDiscord">Trong server discord PlayStrategy</string>
  <string name="howToReportBug">Xin vui lòng mô tả hiện tượng của bug, bạn đã mong muốn điều gì xảy ra, và các bước để tái hiện bug.</string>
  <string name="illegalPawnCapture">Nước ăn tốt không hợp lệ</string>
  <string name="calledEnPassant">Đây được gọi là \"Bắt tốt qua đường\" và là một luật chơi của cờ vua.</string>
  <string name="tryEnPassant">Thử trò chơi tương tác nhỏ này để học thêm về \"Bắt tốt qua đường\".</string>
  <string name="illegalCastling">Nước nhập thành không hợp lệ hoặc không khả thi</string>
  <string name="castlingPrevented">Nhập thành chỉ bị cấm khi vua đi qua ô bị đối phương kiểm soát.</string>
  <string name="castlingRules">Hãy chắc việc bạn hiểu luật nhập thành</string>
  <string name="tryCastling">Thử trò chơi tương tác nhỏ này để thực hành về nhập thành trong cờ vua</string>
  <string name="castlingImported">Nếu bạn nhập ván đấu, hoặc bắt đầu từ một vị trí ván đấu, đảm bảo rằng bạn đặt đúng quyền được nhập thành.</string>
  <string name="insufficientMaterial">Không đủ quân để chiếu hết</string>
  <string name="fideMate">Theo Luật cờ vua của FIDE §6.9, nếu tình huống chiếu hết có thể xảy ra với bất kì thứ tự nước đi hợp lệ nào sau đó, ván cờ không được tính là hòa</string>
  <string name="knightMate">Có thể xảy ra trường hợp chiếu hết chỉ với một quân mã hoặc một quân tượng, nếu đối thủ có nhiều hơn chỉ có vua trên bàn cờ.</string>
  <string name="noRatingPoints">Không có hệ số nào được tăng</string>
  <string name="ratedGame">Xin hãy chắc việc bạn chơi ván cờ xếp hạng. Các ván đấu thường sẽ không ảnh hưởng đến hệ số của người chơi.</string>
  <string name="errorPage">Trang lỗi</string>
  <string name="reportErrorPage">Nếu bạn gặp một trang lỗi, bạn có thẻ báo cáo nó:</string>
  <string name="banAppeal">Kháng cáo cho việc ban và chặn IP</string>
  <string name="engineAppeal">Đánh dấu gian lận hoặc dùng máy tính</string>
  <string name="sendAppealTo">Bạn có thể gửi kháng cáo đến %s.</string>
  <string name="falsePositives">Những giá trị dương do đánh giá sai đôi khi vẫn xảy ra, và chúng tôi xin thứ lỗi vì điều đó.</string>
  <string name="ifLegit">Nếu kháng nghị của bạn hợp lệ, chúng tôi sẽ dỡ bỏ lệnh cấm sớm nhất có thể.</string>
  <string name="accountLost">Tuy nhiên nếu bạn quả thực dùng máy tính trợ giúp, dù chỉ một lần, tài khoản của bạn sẽ bị mất.</string>
  <string name="doNotDeny">Đừng phủ nhận đã lừa dối. Nếu bạn muốn được phép tạo một tài khoản mới, chỉ cần thừa nhận những gì bạn đã làm và cho thấy rằng bạn hiểu rằng đó là một sai lầm.</string>
  <string name="otherRestriction">Hạn chế khác</string>
  <string name="collaboration">Cộng tác, hợp pháp, thương mại</string>
  <string name="monetizing">Kiếm tiền với PlayStrategy</string>
  <string name="buyingPlayStrategy">Mua PlayStrategy</string>
  <string name="authorizationToUse">Ủy quyền sử dụng PlayStrategy</string>
  <string name="welcomeToUse">Bạn được hoan nghênh xử dụng PlayStrategy cho các hoạt động của mình, kể cả vì mục đích thương mại.</string>
  <string name="videosAndBooks">Bạn có thể hiển thị nó trong video của mình, và có thể in ảnh chụp PlayStrategy trong sách của bạn.</string>
  <string name="creditAppreciated">Tín dụng được đánh giá cao nhưng không bắt buộc.</string>
  <string name="noneOfTheAbove">Không phải các phương án trên</string>
  <string name="sendEmailAt">Hãy gửi email cho chúng tôi tại %s.</string>
  <string name="explainYourRequest">Xin vui lòng giải thích yêu cầu của bạn một cách rõ ràng và thấu đáo. Đưa ra tên đang nhập PlayStrategy của bạn, và bất cứ thông tin nào hữu ích có thể giúp chúng tôi giúp bạn.</string>
</resources>
