<?xml version="1.0" encoding="utf-8"?>
<resources>
  <string name="contact">联系</string>
  <string name="contactPlayStrategy">联系 PlayStrategy</string>
  <string name="whatCanWeHelpYouWith">您需要什么帮助?</string>
  <string name="visitThisPage">请向往该页面解决问题</string>
  <string name="iCantLogIn">我无法登录</string>
  <string name="noConfirmationEmail">我没有收到确认邮件</string>
  <string name="forgotPassword">我忘了我的密码</string>
  <string name="forgotUsername">我忘了我的用户名</string>
  <string name="youCanLoginWithEmail">您可以使用您注册的电子邮箱地址登录</string>
  <string name="lost2FA">我丢失了我的双重认证码</string>
  <string name="doPasswordReset">重置密码会解除双重认证</string>
  <string name="accountSupport">账号支援</string>
  <string name="wantTitle">我想要在 PlayStrategy 显示我的国际象棋称号</string>
  <string name="visitTitleConfirmation">如果要在您的 PlayStrategy 账号显示您的称号或参与限于大师的锦标赛，请浏览称号认证页面</string>
  <string name="wantCloseAccount">我想要关闭我的账户</string>
  <string name="closeYourAccount">您可以在此关闭账号</string>
  <string name="doNotAskByEmail">请不要通过电邮要求关闭账号，我们不能招待</string>
  <string name="wantReopen">我想要重开我的账户</string>
  <string name="reopenOnThisPage">您可以在该页重开您的账号。该功能只能使用一次。</string>
  <string name="doNotAskByEmailToReopen">请不要通过电邮要求重开账号，我们不能招待。</string>
  <string name="wantChangeUsername">我想变更我的用户名</string>
  <string name="changeUsernameCase">请向往该页面更改您的用户名的大小写</string>
  <string name="cantChangeMore">只能更改大小写。除此之外的变更，因技术限制是不可能的。</string>
  <string name="orCloseAccount">然而，您可以关闭您目前的账号并创建一个新的。</string>
  <string name="wantClearHistory">我想要清除我的历史或积分</string>
  <string name="cantClearHistory">清除您的对局历史，训练题历史，或积分是不可能的。</string>
  <string name="wantReport">我想要举报一个用户</string>
  <string name="toReportAPlayerUseForm">点击此处举报玩家</string>
  <string name="youCanAlsoReachReportPage">您也可以在该用户的个人资料页单击 %s 举报按钮。</string>
  <string name="doNotReportInForum">请不要在论坛举报。</string>
  <string name="doNotSendReportEmails">请不要向我们发送电邮举报。</string>
  <string name="doNotMessageModerators">请不要向版主发送私信举报。</string>
  <string name="onlyReports">仅通过举报表单才有效。</string>
  <string name="wantReportBug">我想举报一个错误</string>
  <string name="reportBugInForum">在 PlayStrategy Feedback 论坛</string>
  <string name="reportWebsiteIssue">在 GitHub （关于 PlayStrategy 网站）</string>
  <string name="reportMobileIssue">在 GitHub （关于 PlayStrategy app）</string>
  <string name="reportBugInDiscord">在 PlayStrategy Discord 服务器</string>
  <string name="howToReportBug">请描述错误的内容，意料的结果，和重复导致错误的步骤。</string>
  <string name="illegalPawnCapture">兵的异常吃法</string>
  <string name="calledEnPassant">它被称为“吃过路兵”，是棋规之一。</string>
  <string name="tryEnPassant">玩这个迷你游戏来了解吃过路兵的规则。</string>
  <string name="illegalCastling">异常的王车易位</string>
  <string name="castlingPrevented">王车易位仅在国王所在，经过，或易位后的格被对方威胁时才被禁止。</string>
  <string name="castlingRules">请确认您了解王车易位的规则</string>
  <string name="tryCastling">玩这个迷你游戏来了解王车易位</string>
  <string name="castlingImported">如果您导入了棋局或从制定局面开始棋局，请确保您正确地设置了王车易位的权利。</string>
  <string name="insufficientMaterial">战力不足</string>
  <string name="fideMate">根据 FIDE 国际象棋规则 6.9 项，如果存在着终止于将死的合规着法顺序，棋局不能被判和。</string>
  <string name="knightMate">如果单方不只剩单王，对方就可能以单马或单象将死。</string>
  <string name="noRatingPoints">未获得积分</string>
  <string name="ratedGame">请确保您参加过积分赛。非积分赛将不会影响选手的积分。</string>
  <string name="errorPage">错误页面</string>
  <string name="reportErrorPage">如果您遇到错误页面，您可以举报：</string>
  <string name="banAppeal">申请禁令或限制IP</string>
  <string name="engineAppeal">引擎或作弊标记</string>
  <string name="sendAppealTo">您可以向 %s 发出申诉。</string>
  <string name="falsePositives">误报有时会发生，我们对此表示歉意。</string>
  <string name="ifLegit">如果您的申诉是合理的，我们将及时取消封禁。</string>
  <string name="accountLost">如果您确实使用了引擎助手，哪怕只是一次，那么您的帐户将被永久禁用。</string>
  <string name="doNotDeny">不要否认作弊。 如果您想要被允许创建一个新帐户，承认您所做的事情， 并表明你理解这是一个错误。</string>
  <string name="otherRestriction">其他限制</string>
  <string name="collaboration">协作、法律、贸易等</string>
  <string name="monetizing">在 PlayStrategy 获利</string>
  <string name="buyingPlayStrategy">收购 PlayStrategy</string>
  <string name="authorizationToUse">PlayStrategy 利用许可</string>
  <string name="welcomeToUse">欢迎您使用 PlayStrategy 进行您的活动（包括商业活动）。</string>
  <string name="videosAndBooks">您可以在您的视频中展示 PlayStrategy，也能在书籍含用 PlayStrategy 的屏幕截图。</string>
  <string name="creditAppreciated">我们感激您留一句致谢，但这不是必要的。</string>
  <string name="noneOfTheAbove">其他</string>
  <string name="sendEmailAt">请向 %s 向我们发送一封电邮。</string>
  <string name="explainYourRequest">请清楚和彻底地解释您的请求，请输入您的PlayStrategy用户名和任何有助于我们帮助您的信息。</string>
</resources>
