<?xml version="1.0" encoding="utf-8"?>
<resources>
  <string name="contact">聯繫我們</string>
  <string name="contactPlayStrategy">聯繫 PlayStrategy</string>
  <string name="whatCanWeHelpYouWith">有什麼我們能幫您的地方？</string>
  <string name="visitThisPage">觀看這個頁面以獲取解答</string>
  <string name="iCantLogIn">我無法登錄。</string>
  <string name="noConfirmationEmail">我沒有收到我的電子郵件確認信</string>
  <string name="forgotPassword">我忘記了密碼</string>
  <string name="forgotUsername">我忘了自己的用戶名</string>
  <string name="youCanLoginWithEmail">您可以使用之前註冊的電子郵件登入</string>
  <string name="lost2FA">我無法取得兩步驟驗證碼</string>
  <string name="doPasswordReset">輸入密碼以移除兩步驟驗證</string>
  <string name="accountSupport">我需要帳戶支援</string>
  <string name="wantTitle">我希望我的稱號顯示在PlayStrategy上</string>
  <string name="wantCloseAccount">我想刪除我的帳戶</string>
  <string name="closeYourAccount">您可以在這個頁面刪除你的帳號</string>
  <string name="doNotAskByEmail">請不要透過電子郵件要求我們關閉帳號，我們不會處理</string>
  <string name="wantReopen">我想要復原我的帳戶</string>
  <string name="reopenOnThisPage">您可以在這個頁面復原你的帳號，但他只能運作一次</string>
  <string name="doNotAskByEmailToReopen">請不要透過電子郵件要求我們復原帳號，我們不會處理</string>
  <string name="wantChangeUsername">我想要更換我的使用者名稱</string>
  <string name="orCloseAccount">然而，您可以刪除您最近的帳戶並且創建一個新的</string>
  <string name="wantClearHistory">我想要把我的評分紀錄刪除</string>
  <string name="cantClearHistory">我們無法將您的下棋歷史、解題歷史和評分消除</string>
  <string name="wantReport">我想要舉報一位玩家</string>
  <string name="toReportAPlayerUseForm">若要檢舉玩家行為，請填寫檢舉表單</string>
  <string name="youCanAlsoReachReportPage">您也可以點擊個人資料頁面的 %s 檢舉按鈕來填寫表單。</string>
  <string name="doNotReportInForum">請不要在論壇中檢舉使用者</string>
  <string name="doNotSendReportEmails">請不要使用電子郵件向我們舉報玩家</string>
  <string name="doNotMessageModerators">請不要直接私訊管理員。</string>
  <string name="wantReportBug">我想要提出遊戲bug</string>
  <string name="reportBugInDiscord">在 PlayStrategy 的 Discord 伺服器</string>
  <string name="illegalPawnCapture">不合規則的移動(吃法)</string>
  <string name="illegalCastling">后的不合規則移動或不可能的移動</string>
  <string name="castlingRules">請確定后的移動的規則</string>
  <string name="noRatingPoints">不會得到評分</string>
  <string name="errorPage">錯誤頁面</string>
  <string name="reportErrorPage">如果你遇到了錯誤頁面，你可以回報它:</string>
  <string name="banAppeal">懲處上訴</string>
  <string name="engineAppeal">作弊或電腦操作記號</string>
  <string name="sendAppealTo">您可以將上訴寄到%s</string>
  <string name="ifLegit">如果你的上訴是合理的，我們會盡快撤除懲處。</string>
  <string name="accountLost">若您確實有使用引擎輔助，就算只有一次，您的帳號仍會被永久停用。</string>
  <string name="otherRestriction">其他限制</string>
  <string name="collaboration">合作，法律，商業等</string>
  <string name="monetizing">在 PlayStrategy 上獲得營利</string>
  <string name="buyingPlayStrategy">買下 PlayStrategy</string>
  <string name="authorizationToUse">PlayStrategy 的使用授權</string>
  <string name="welcomeToUse">歡迎您使用 PlayStrategy 進行活動，甚至用於商業活動。</string>
  <string name="creditAppreciated">我們感激您留一句致謝，但這不是必要的。</string>
  <string name="noneOfTheAbove">以上皆非</string>
  <string name="sendEmailAt">請傳送郵件到 %s</string>
  <string name="explainYourRequest">請清楚的解釋您的請求。
請提供您的PlayStrategy用戶明和其他可以讓我們幫助您的資訊</string>
</resources>
